user_id,signup_date,city,zone
1,2025-09-14,Mumbai,West
2,2025-05-27,Patna,East
3,2025-02-22,Jaipur,North
4,2025-05-12,Ahmedabad,West
5,2025-09-17,Delhi,North
6,2025-11-24,Delhi,North
7,2025-10-29,Mumbai,West
8,2025-06-25,Chandigarh,North
9,2025-07-27,Pune,West
10,2025-03-31,Kolkata,East
11,2025-09-07,Hyderabad,South
12,2025-08-04,Patna,East
13,2025-05-31,Patna,East
14,2025-09-24,Mumbai,West
15,2025-08-21,Delhi,North
16,2025-06-05,Delhi,North
17,2025-06-28,Chennai,South
18,2025-10-21,Kolkata,East
19,2025-06-13,Mumbai,West
20,2025-02-25,Chennai,South
21,2025-05-18,Ahmedabad,West
22,2025-01-23,Chennai,South
23,2025-02-01,Hyderabad,South
24,2025-11-07,Delhi,North
25,2025-04-15,Hyderabad,South
26,2025-07-07,Kolkata,East
27,2025-06-08,Bangalore,South
28,2025-08-12,Pune,West
29,2025-10-11,Ahmedabad,West
30,2025-10-19,Hyderabad,South
31,2025-02-17,Jaipur,North
32,2025-04-22,Bangalore,South
33,2025-08-31,Delhi,North
34,2025-03-10,Indore,Central
35,2025-06-12,Bhopal,Central
36,2025-10-07,Patna,East
37,2025-11-28,Mumbai,West
38,2025-03-24,Hyderabad,South
39,2025-01-02,Pune,West
40,2025-08-23,Bangalore,South
41,2025-10-24,Bangalore,South
42,2025-03-19,Chennai,South
43,2025-11-20,Bangalore,South
44,2025-05-04,Patna,East
45,2025-10-15,Hyderabad,South
46,2025-03-11,Kolkata,East
47,2025-06-06,Mumbai,West
48,2025-11-01,Lucknow,North
49,2025-10-14,Pune,West
50,2025-03-07,Chennai,South
51,2025-03-09,Bhopal,Central
52,2025-03-14,Kolkata,East
53,2025-04-09,Bhopal,Central
54,2025-04-28,Chandigarh,North
55,2025-07-07,Ahmedabad,West
56,2025-10-01,Patna,East
57,2025-03-28,Mumbai,West
58,2025-05-18,Delhi,North
59,2025-10-24,Bangalore,South
60,2025-09-25,Mumbai,West
61,2025-02-07,Delhi,North
62,2025-10-28,Mumbai,West
63,2025-03-21,Nagpur,Central
64,2025-06-20,Bangalore,South
65,2025-05-04,Hyderabad,South
66,2025-03-17,Jaipur,North
67,2025-02-22,Delhi,North
68,2025-07-16,Bhopal,Central
69,2025-07-08,Bangalore,South
70,2025-07-17,Indore,Central
71,2025-04-25,Jaipur,North
72,2025-10-04,Mumbai,West
73,2025-05-08,Chennai,South
74,2025-08-05,Indore,Central
75,2025-04-07,Kolkata,East
76,2025-06-26,Ahmedabad,West
77,2025-10-11,Ahmedabad,West
78,2025-07-04,Hyderabad,South
79,2025-07-11,Hyderabad,South
80,2025-04-02,Bangalore,South
81,2025-09-20,Chandigarh,North
82,2025-11-18,Ahmedabad,West
83,2025-04-06,Bangalore,South
84,2025-05-18,Mumbai,West
85,2025-08-09,Delhi,North
86,2025-09-08,Mumbai,West
87,2025-09-18,Jaipur,North
88,2025-03-06,Lucknow,North
89,2025-05-25,Bhopal,Central
90,2025-05-06,Mumbai,West
91,2025-04-05,Delhi,North
92,2025-07-20,Kolkata,East
93,2025-11-16,Jaipur,North
94,2025-05-03,Ahmedabad,West
95,2025-10-01,Lucknow,North
96,2025-08-02,Hyderabad,South
97,2025-05-22,Lucknow,North
98,2025-11-16,Delhi,North
99,2025-02-15,Bangalore,South
100,2025-11-03,Delhi,North
101,2025-04-10,Delhi,North
102,2025-03-30,Kolkata,East
103,2025-05-09,Chennai,South
104,2025-04-07,Jaipur,North
105,2025-11-14,Chandigarh,North
106,2025-02-17,Hyderabad,South
107,2025-06-25,Chennai,South
108,2025-10-28,Lucknow,North
109,2025-01-11,Bangalore,South
110,2025-05-09,Delhi,North
111,2025-05-29,Delhi,North
112,2025-07-09,Chennai,South
113,2025-03-02,Nagpur,Central
114,2025-05-25,Patna,East
115,2025-06-24,Pune,West
116,2025-09-01,Patna,East
117,2025-11-28,Indore,Central
118,2025-10-23,Delhi,North
119,2025-07-20,Nagpur,Central
120,2025-09-01,Kolkata,East
121,2025-05-26,Patna,East
122,2025-10-17,Nagpur,Central
123,2025-09-17,Hyderabad,South
124,2025-10-08,Chennai,South
125,2025-05-09,Hyderabad,South
126,2025-08-09,Chennai,South
127,2025-05-03,Bhopal,Central
128,2025-10-25,Chandigarh,North
129,2025-11-24,Mumbai,West
130,2025-10-04,Pune,West
131,2025-05-25,Chennai,South
132,2025-06-14,Bangalore,South
133,2025-03-13,Bangalore,South
134,2025-08-01,Mumbai,West
135,2025-05-24,Bhopal,Central
136,2025-08-18,Hyderabad,South
137,2025-11-06,Ahmedabad,West
138,2025-11-06,Lucknow,North
139,2025-02-04,Mumbai,West
140,2025-09-01,Bhopal,Central
141,2025-05-10,Chandigarh,North
142,2025-11-07,Delhi,North
143,2025-04-13,Chennai,South
144,2025-06-09,Mumbai,West
145,2025-03-12,Bangalore,South
146,2025-06-19,Chennai,South
147,2025-05-02,Kolkata,East
148,2025-07-02,Ahmedabad,West
149,2025-10-18,Delhi,North
150,2025-11-04,Bangalore,South
151,2025-10-01,Indore,Central
152,2025-06-15,Chennai,South
153,2025-07-04,Chennai,South
154,2025-03-30,Mumbai,West
155,2025-05-23,Chandigarh,North
156,2025-05-01,Bangalore,South
157,2025-10-07,Lucknow,North
158,2025-06-11,Pune,West
159,2025-02-14,Mumbai,West
160,2025-04-14,Jaipur,North
161,2025-12-10,Bangalore,South
162,2025-10-20,Ahmedabad,West
163,2025-01-28,Pune,West
164,2025-11-23,Ahmedabad,West
165,2025-04-14,Chennai,South
166,2025-08-11,Patna,East
167,2025-08-19,Mumbai,West
168,2025-04-30,Hyderabad,South
169,2025-09-04,Mumbai,West
170,2025-06-07,Kolkata,East
171,2025-05-05,Ahmedabad,West
172,2025-07-01,Delhi,North
173,2025-06-04,Lucknow,North
174,2025-11-10,Chennai,South
175,2025-10-19,Ahmedabad,West
176,2025-03-19,Bangalore,South
177,2025-09-17,Kolkata,East
178,2025-08-01,Chennai,South
179,2025-06-07,Nagpur,Central
180,2025-04-19,Delhi,North
181,2025-07-06,Chennai,South
182,2025-05-24,Delhi,North
183,2025-07-30,Bhopal,Central
184,2025-03-03,Nagpur,Central
185,2025-07-25,Bangalore,South
186,2025-07-20,Lucknow,North
187,2025-10-11,Chandigarh,North
188,2025-05-02,Lucknow,North
189,2025-11-07,Pune,West
190,2025-03-23,Delhi,North
191,2025-10-16,Delhi,North
192,2025-08-01,Patna,East
193,2025-07-01,Bhopal,Central
194,2025-10-03,Pune,West
195,2025-06-09,Chennai,South
196,2025-10-22,Chennai,South
197,2025-05-19,Ahmedabad,West
198,2025-07-04,Chandigarh,North
199,2025-09-08,Indore,Central
200,2025-04-25,Pune,West
201,2025-06-22,Pune,West
202,2025-04-18,Mumbai,West
203,2025-05-17,Delhi,North
204,2025-02-27,Patna,East
205,2025-10-10,Pune,West
206,2025-06-06,Bangalore,South
207,2025-06-09,Mumbai,West
208,2025-04-29,Kolkata,East
209,2025-10-16,Delhi,North
210,2025-11-20,Bangalore,South
211,2025-05-20,Lucknow,North
212,2025-03-16,Ahmedabad,West
213,2025-06-28,Kolkata,East
214,2025-09-08,Delhi,North
215,2025-06-15,Kolkata,East
216,2025-10-07,Chennai,South
217,2025-05-19,Hyderabad,South
218,2025-04-13,Ahmedabad,West
219,2025-06-10,Lucknow,North
220,2025-04-03,Nagpur,Central
221,2025-05-12,Ahmedabad,West
222,2025-08-14,Pune,West
223,2025-04-29,Mumbai,West
224,2025-04-12,Hyderabad,South
225,2025-11-13,Bangalore,South
226,2025-10-27,Hyderabad,South
227,2025-10-01,Nagpur,Central
228,2025-04-02,Hyderabad,South
229,2025-08-01,Patna,East
230,2025-03-30,Pune,West
231,2025-11-22,Pune,West
232,2025-11-14,Lucknow,North
233,2025-08-15,Jaipur,North
234,2025-10-08,Mumbai,West
235,2025-05-06,Delhi,North
236,2025-10-16,Ahmedabad,West
237,2025-10-24,Delhi,North
238,2025-05-17,Chennai,South
239,2025-11-07,Lucknow,North
240,2025-06-18,Delhi,North
241,2025-11-01,Nagpur,Central
242,2025-02-13,Indore,Central
243,2025-01-13,Bhopal,Central
244,2025-04-26,Hyderabad,South
245,2025-03-04,Delhi,North
246,2025-11-27,Patna,East
247,2025-04-24,Hyderabad,South
248,2025-05-18,Chandigarh,North
249,2025-08-02,Patna,East
250,2025-10-20,Patna,East
251,2025-04-25,Chennai,South
252,2025-07-19,Mumbai,West
253,2025-04-19,Patna,East
254,2025-09-14,Delhi,North
255,2025-08-06,Delhi,North
256,2025-02-27,Lucknow,North
257,2025-06-01,Nagpur,Central
258,2025-03-02,Lucknow,North
259,2025-07-05,Ahmedabad,West
260,2025-12-22,Hyderabad,South
261,2025-04-07,Pune,West
262,2025-06-17,Indore,Central
263,2025-06-06,Hyderabad,South
264,2025-04-14,Pune,West
265,2025-07-26,Nagpur,Central
266,2025-12-25,Jaipur,North
267,2025-05-05,Lucknow,North
268,2025-05-02,Jaipur,North
269,2025-10-04,Hyderabad,South
270,2025-05-13,Chennai,South
271,2025-07-08,Nagpur,Central
272,2025-02-23,Indore,Central
273,2025-05-09,Indore,Central
274,2025-02-15,Bhopal,Central
275,2025-04-11,Ahmedabad,West
276,2025-11-03,Pune,West
277,2025-11-06,Kolkata,East
278,2025-08-12,Kolkata,East
279,2025-07-06,Pune,West
280,2025-02-02,Jaipur,North
281,2025-03-24,Patna,East
282,2025-05-07,Mumbai,West
283,2025-06-07,Chennai,South
284,2025-01-27,Hyderabad,South
285,2025-09-23,Kolkata,East
286,2025-10-13,Chennai,South
287,2025-03-29,Delhi,North
288,2025-06-17,Pune,West
289,2025-02-12,Chennai,South
290,2025-02-27,Pune,West
291,2025-06-04,Delhi,North
292,2025-10-16,Mumbai,West
293,2025-09-05,Chandigarh,North
294,2025-10-27,Mumbai,West
295,2025-10-02,Delhi,North
296,2025-10-08,Lucknow,North
297,2025-04-16,Pune,West
298,2025-05-20,Chennai,South
299,2025-10-24,Ahmedabad,West
300,2025-05-11,Chennai,South
301,2025-07-11,Chennai,South
302,2025-03-03,Pune,West
303,2025-04-25,Kolkata,East
304,2025-08-20,Pune,West
305,2025-04-08,Lucknow,North
306,2025-08-06,Chandigarh,North
307,2025-10-05,Kolkata,East
308,2025-11-03,Chennai,South
309,2025-10-16,Jaipur,North
310,2025-07-09,Bangalore,South
311,2025-03-02,Delhi,North
312,2025-01-29,Bangalore,South
313,2025-02-19,Delhi,North
314,2025-04-15,Bhopal,Central
315,2025-11-17,Nagpur,Central
316,2025-10-21,Ahmedabad,West
317,2025-11-01,Bangalore,South
318,2025-04-23,Hyderabad,South
319,2025-10-20,Bangalore,South
320,2025-06-15,Mumbai,West
321,2025-04-18,Pune,West
322,2025-11-02,Lucknow,North
323,2025-10-14,Kolkata,East
324,2025-06-28,Chennai,South
325,2025-10-24,Patna,East
326,2025-03-16,Pune,West
327,2025-04-20,Kolkata,East
328,2025-10-22,Ahmedabad,West
329,2025-07-08,Chennai,South
330,2025-05-22,Bangalore,South
331,2025-02-26,Delhi,North
332,2025-07-29,Jaipur,North
333,2025-08-13,Mumbai,West
334,2025-10-25,Delhi,North
335,2025-05-12,Bangalore,South
336,2025-11-07,Bangalore,South
337,2025-11-19,Indore,Central
338,2025-04-09,Lucknow,North
339,2025-03-30,Chennai,South
340,2025-04-30,Bangalore,South
341,2025-05-06,Chennai,South
342,2025-03-26,Chennai,South
343,2025-09-12,Mumbai,West
344,2025-03-24,Chennai,South
345,2025-06-11,Bangalore,South
346,2025-07-30,Pune,West
347,2025-05-12,Ahmedabad,West
348,2025-06-20,Bangalore,South
349,2025-11-08,Mumbai,West
350,2025-10-13,Pune,West
351,2025-04-02,Kolkata,East
352,2025-09-17,Indore,Central
353,2025-01-21,Jaipur,North
354,2025-11-05,Bangalore,South
355,2025-11-23,Chennai,South
356,2025-02-02,Ahmedabad,West
357,2025-03-28,Bangalore,South
358,2025-09-10,Ahmedabad,West
359,2025-11-07,Bhopal,Central
360,2025-04-27,Kolkata,East
361,2025-07-23,Hyderabad,South
362,2025-05-23,Jaipur,North
363,2025-03-31,Mumbai,West
364,2025-05-15,Pune,West
365,2025-02-17,Nagpur,Central
366,2025-01-27,Bangalore,South
367,2025-06-18,Patna,East
368,2025-05-10,Patna,East
369,2025-02-02,Bangalore,South
370,2025-03-29,Delhi,North
371,2025-03-05,Bangalore,South
372,2025-10-28,Delhi,North
373,2025-02-15,Hyderabad,South
374,2025-07-31,Kolkata,East
375,2025-05-10,Hyderabad,South
376,2025-06-19,Chennai,South
377,2025-06-22,Patna,East
378,2025-04-07,Mumbai,West
379,2025-10-16,Patna,East
380,2025-04-20,Delhi,North
381,2025-05-28,Chennai,South
382,2025-03-09,Pune,West
383,2025-07-15,Jaipur,North
384,2025-02-05,Chandigarh,North
385,2025-05-14,Kolkata,East
386,2025-05-28,Indore,Central
387,2025-04-13,Hyderabad,South
388,2025-06-21,Delhi,North
389,2025-11-18,Pune,West
390,2025-01-08,Bhopal,Central
391,2025-06-21,Bhopal,Central
392,2025-08-08,Mumbai,West
393,2025-02-27,Bangalore,South
394,2025-05-26,Ahmedabad,West
395,2025-10-13,Delhi,North
396,2025-08-27,Patna,East
397,2025-10-21,Bhopal,Central
398,2025-06-27,Chennai,South
399,2025-06-09,Lucknow,North
400,2025-11-11,Kolkata,East
401,2025-07-19,Delhi,North
402,2025-05-30,Indore,Central
403,2025-11-11,Ahmedabad,West
404,2025-08-02,Indore,Central
405,2025-07-11,Hyderabad,South
406,2025-08-27,Patna,East
407,2025-03-01,Delhi,North
408,2025-10-26,Bangalore,South
409,2025-10-01,Nagpur,Central
410,2025-08-18,Delhi,North
411,2025-03-13,Bangalore,South
412,2025-09-02,Indore,Central
413,2025-11-07,Patna,East
414,2025-08-26,Lucknow,North
415,2025-10-08,Pune,West
416,2025-05-29,Hyderabad,South
417,2025-11-19,Delhi,North
418,2025-06-28,Delhi,North
419,2025-06-18,Lucknow,North
420,2025-05-24,Jaipur,North
421,2025-11-04,Jaipur,North
422,2025-08-18,Ahmedabad,West
423,2025-10-06,Delhi,North
424,2025-09-02,Mumbai,West
425,2025-01-20,Delhi,North
426,2025-04-07,Lucknow,North
427,2025-11-23,Bangalore,South
428,2025-03-07,Bhopal,Central
429,2025-06-11,Mumbai,West
430,2025-08-14,Bangalore,South
431,2025-08-24,Bangalore,South
432,2025-05-25,Kolkata,East
433,2025-11-04,Lucknow,North
434,2025-10-20,Chennai,South
435,2025-11-16,Bangalore,South
436,2025-07-13,Pune,West
437,2025-10-19,Mumbai,West
438,2025-07-09,Bhopal,Central
439,2025-10-11,Ahmedabad,West
440,2025-03-18,Chennai,South
441,2025-05-01,Bangalore,South
442,2025-10-16,Patna,East
443,2025-03-08,Mumbai,West
444,2025-02-06,Chennai,South
445,2025-08-30,Nagpur,Central
446,2025-05-18,Bhopal,Central
447,2025-09-17,Bhopal,Central
448,2025-10-20,Lucknow,North
449,2025-03-26,Chennai,South
450,2025-03-30,Chennai,South
451,2025-10-21,Pune,West
452,2025-04-18,Lucknow,North
453,2025-06-20,Chennai,South
454,2025-01-29,Indore,Central
455,2025-11-01,Bangalore,South
456,2025-11-03,Mumbai,West
457,2025-08-13,Hyderabad,South
458,2025-07-09,Mumbai,West
459,2025-03-07,Chennai,South
460,2025-06-06,Chennai,South
461,2025-06-22,Delhi,North
462,2025-06-23,Jaipur,North
463,2025-08-10,Lucknow,North
464,2025-11-06,Pune,West
465,2025-10-23,Bhopal,Central
466,2025-11-18,Chennai,South
467,2025-09-15,Bangalore,South
468,2025-04-21,Patna,East
469,2025-11-22,Bangalore,South
470,2025-10-05,Chandigarh,North
471,2025-07-01,Bangalore,South
472,2025-03-06,Nagpur,Central
473,2025-10-10,Bangalore,South
474,2025-07-16,Nagpur,Central
475,2025-03-23,Jaipur,North
476,2025-02-24,Chandigarh,North
477,2025-11-23,Delhi,North
478,2025-05-19,Ahmedabad,West
479,2025-09-07,Nagpur,Central
480,2025-07-22,Lucknow,North
481,2025-06-18,Ahmedabad,West
482,2025-03-13,Kolkata,East
483,2025-10-02,Chennai,South
484,2025-11-24,Jaipur,North
485,2025-11-29,Lucknow,North
486,2025-11-09,Chandigarh,North
487,2025-11-22,Mumbai,West
488,2025-11-28,Bangalore,South
489,2025-07-20,Bhopal,Central
490,2025-10-26,Indore,Central
491,2025-02-02,Hyderabad,South
492,2025-05-22,Kolkata,East
493,2025-10-05,Chennai,South
494,2025-05-23,Bangalore,South
495,2025-08-31,Hyderabad,South
496,2025-10-01,Hyderabad,South
497,2025-01-20,Lucknow,North
498,2025-07-03,Delhi,North
499,2025-03-01,Chandigarh,North
500,2025-03-14,Nagpur,Central
501,2025-11-21,Ahmedabad,West
502,2025-05-07,Pune,West
503,2025-03-02,Bangalore,South
504,2025-10-02,Chandigarh,North
505,2025-06-16,Kolkata,East
506,2025-10-06,Bangalore,South
507,2025-10-01,Patna,East
508,2025-06-20,Indore,Central
509,2025-08-21,Bhopal,Central
510,2025-10-06,Ahmedabad,West
511,2025-05-21,Ahmedabad,West
512,2025-07-16,Delhi,North
513,2025-05-08,Patna,East
514,2025-10-23,Patna,East
515,2025-08-26,Delhi,North
516,2025-09-01,Hyderabad,South
517,2025-11-24,Chennai,South
518,2025-09-14,Patna,East
519,2025-06-01,Nagpur,Central
520,2025-10-17,Hyderabad,South
521,2025-10-07,Kolkata,East
522,2025-05-23,Delhi,North
523,2025-07-06,Nagpur,Central
524,2025-04-17,Nagpur,Central
525,2025-10-23,Nagpur,Central
526,2025-05-21,Delhi,North
527,2025-11-25,Delhi,North
528,2025-06-01,Mumbai,West
529,2025-11-20,Mumbai,West
530,2025-05-21,Nagpur,Central
531,2025-04-27,Indore,Central
532,2025-11-30,Indore,Central
533,2025-09-06,Chandigarh,North
534,2025-05-20,Lucknow,North
535,2025-08-08,Pune,West
536,2025-11-10,Chandigarh,North
537,2025-04-24,Indore,Central
538,2025-10-16,Mumbai,West
539,2025-11-15,Hyderabad,South
540,2025-03-04,Delhi,North
541,2025-08-15,Nagpur,Central
542,2025-07-20,Kolkata,East
543,2025-11-01,Chennai,South
544,2025-10-11,Kolkata,East
545,2025-07-25,Jaipur,North
546,2025-07-19,Hyderabad,South
547,2025-07-08,Chennai,South
548,2025-07-29,Kolkata,East
549,2025-04-06,Lucknow,North
550,2025-07-26,Kolkata,East
551,2025-09-16,Lucknow,North
552,2025-04-15,Indore,Central
553,2025-08-06,Lucknow,North
554,2025-04-27,Lucknow,North
555,2025-06-11,Bhopal,Central
556,2025-03-28,Delhi,North
557,2025-04-06,Bangalore,South
558,2025-05-08,Chennai,South
559,2025-06-07,Lucknow,North
560,2025-03-27,Ahmedabad,West
561,2025-07-04,Jaipur,North
562,2025-03-19,Hyderabad,South
563,2025-11-14,Mumbai,West
564,2025-07-26,Bangalore,South
565,2025-04-21,Delhi,North
566,2025-09-09,Jaipur,North
567,2025-05-29,Bangalore,South
568,2025-06-02,Bangalore,South
569,2025-08-14,Chandigarh,North
570,2025-07-20,Mumbai,West
571,2025-06-18,Ahmedabad,West
572,2025-11-14,Ahmedabad,West
573,2025-07-03,Delhi,North
574,2025-02-03,Lucknow,North
575,2025-03-25,Indore,Central
576,2025-03-04,Indore,Central
577,2025-07-16,Mumbai,West
578,2025-11-01,Nagpur,Central
579,2025-07-09,Hyderabad,South
580,2025-03-13,Bangalore,South
581,2025-04-23,Chennai,South
582,2025-10-07,Nagpur,Central
583,2025-11-16,Hyderabad,South
584,2025-11-07,Mumbai,West
585,2025-11-06,Ahmedabad,West
586,2025-09-05,Hyderabad,South
587,2025-06-26,Hyderabad,South
588,2025-06-27,Chennai,South
589,2025-04-10,Mumbai,West
590,2025-07-11,Chennai,South
591,2025-04-28,Hyderabad,South
592,2025-07-04,Lucknow,North
593,2025-08-13,Mumbai,West
594,2025-10-12,Bangalore,South
595,2025-10-14,Bhopal,Central
596,2025-11-23,Hyderabad,South
597,2025-05-28,Lucknow,North
598,2025-11-09,Chennai,South
599,2025-02-10,Chennai,South
600,2025-04-24,Chennai,South
601,2025-07-08,Delhi,North
602,2025-07-06,Hyderabad,South
603,2025-11-21,Delhi,North
604,2025-11-22,Bangalore,South
605,2025-07-17,Hyderabad,South
606,2025-06-19,Hyderabad,South
607,2025-09-12,Mumbai,West
608,2025-04-29,Hyderabad,South
609,2025-10-09,Jaipur,North
610,2025-05-12,Lucknow,North
611,2025-08-17,Delhi,North
612,2025-11-03,Lucknow,North
613,2025-11-14,Ahmedabad,West
614,2025-05-08,Chennai,South
615,2025-09-17,Chandigarh,North
616,2025-06-06,Patna,East
617,2025-11-03,Hyderabad,South
618,2025-03-25,Chennai,South
619,2025-08-05,Chandigarh,North
620,2025-11-09,Pune,West
621,2025-06-16,Mumbai,West
622,2025-07-04,Hyderabad,South
623,2025-05-14,Delhi,North
624,2025-01-27,Hyderabad,South
625,2025-02-15,Ahmedabad,West
626,2025-08-25,Mumbai,West
627,2025-05-11,Bangalore,South
628,2025-04-03,Lucknow,North
629,2026-01-11,Bangalore,South
630,2025-02-26,Delhi,North
631,2025-04-29,Lucknow,North
632,2025-01-14,Bhopal,Central
633,2025-03-05,Jaipur,North
634,2025-09-28,Lucknow,North
635,2025-05-16,Bangalore,South
636,2025-08-14,Hyderabad,South
637,2025-09-09,Jaipur,North
638,2025-04-19,Mumbai,West
639,2025-02-22,Hyderabad,South
640,2025-11-03,Mumbai,West
641,2025-07-17,Chennai,South
642,2025-07-14,Mumbai,West
643,2025-12-03,Bangalore,South
644,2025-11-29,Delhi,North
645,2025-07-13,Mumbai,West
646,2025-11-25,Patna,East
647,2025-11-23,Pune,West
648,2025-10-16,Ahmedabad,West
649,2025-04-11,Ahmedabad,West
650,2025-08-06,Mumbai,West
651,2025-08-03,Chennai,South
652,2025-04-11,Ahmedabad,West
653,2025-07-03,Ahmedabad,West
654,2025-11-11,Ahmedabad,West
655,2025-04-17,Hyderabad,South
656,2025-03-31,Mumbai,West
657,2025-07-13,Chennai,South
658,2025-04-16,Delhi,North
659,2025-04-19,Lucknow,North
660,2025-10-10,Jaipur,North
661,2025-05-29,Bangalore,South
662,2025-10-09,Indore,Central
663,2025-11-08,Kolkata,East
664,2025-05-29,Chennai,South
665,2025-10-01,Mumbai,West
666,2025-04-29,Delhi,North
667,2025-11-07,Bangalore,South
668,2025-10-01,Mumbai,West
669,2025-07-13,Chennai,South
670,2025-04-16,Mumbai,West
671,2025-11-25,Bangalore,South
672,2025-08-08,Chandigarh,North
673,2025-11-18,Hyderabad,South
674,2025-11-25,Lucknow,North
675,2025-10-01,Delhi,North
676,2025-03-25,Patna,East
677,2025-04-14,Chennai,South
678,2025-11-10,Delhi,North
679,2025-10-11,Patna,East
680,2025-11-22,Bhopal,Central
681,2025-11-18,Chandigarh,North
682,2025-07-13,Mumbai,West
683,2025-11-18,Chennai,South
684,2025-11-21,Pune,West
685,2025-10-02,Bhopal,Central
686,2025-10-21,Kolkata,East
687,2025-07-16,Lucknow,North
688,2025-10-09,Bangalore,South
689,2025-07-22,Pune,West
690,2025-08-05,Chennai,South
691,2025-10-16,Bangalore,South
692,2025-10-05,Mumbai,West
693,2025-10-23,Lucknow,North
694,2025-05-27,Hyderabad,South
695,2025-08-08,Mumbai,West
696,2025-03-16,Lucknow,North
697,2025-03-12,Bangalore,South
698,2025-02-04,Lucknow,North
699,2025-10-28,Delhi,North
700,2025-10-01,Hyderabad,South
701,2025-03-16,Ahmedabad,West
702,2025-06-14,Chennai,South
703,2025-05-16,Bangalore,South
704,2025-04-06,Chennai,South
705,2025-10-27,Chennai,South
706,2025-03-30,Nagpur,Central
707,2025-11-08,Hyderabad,South
708,2025-10-07,Nagpur,Central
709,2025-08-27,Chennai,South
710,2025-06-24,Jaipur,North
711,2025-10-16,Jaipur,North
712,2025-10-25,Ahmedabad,West
713,2025-10-21,Mumbai,West
714,2025-10-17,Bangalore,South
715,2025-02-21,Hyderabad,South
716,2025-06-05,Indore,Central
717,2025-02-27,Nagpur,Central
718,2025-08-07,Chandigarh,North
719,2025-03-28,Chennai,South
720,2025-04-07,Lucknow,North
721,2025-11-18,Bhopal,Central
722,2025-10-19,Mumbai,West
723,2025-10-19,Hyderabad,South
724,2025-03-14,Jaipur,North
725,2025-04-18,Ahmedabad,West
726,2025-11-17,Nagpur,Central
727,2025-08-21,Delhi,North
728,2025-10-05,Jaipur,North
729,2025-06-26,Bangalore,South
730,2025-08-12,Bangalore,South
731,2025-04-14,Bangalore,South
732,2025-01-14,Chandigarh,North
733,2025-06-04,Jaipur,North
734,2025-06-20,Kolkata,East
735,2025-10-25,Mumbai,West
736,2025-06-05,Chandigarh,North
737,2025-05-21,Delhi,North
738,2025-04-25,Patna,East
739,2025-07-16,Delhi,North
740,2025-11-15,Hyderabad,South
741,2025-11-07,Hyderabad,South
742,2025-10-13,Chennai,South
743,2025-04-28,Ahmedabad,West
744,2025-02-23,Lucknow,North
745,2025-06-26,Hyderabad,South
746,2025-08-11,Nagpur,Central
747,2025-03-28,Mumbai,West
748,2025-07-24,Pune,West
749,2025-04-08,Bhopal,Central
750,2025-11-26,Ahmedabad,West
751,2025-03-22,Hyderabad,South
752,2025-03-23,Indore,Central
753,2025-08-18,Jaipur,North
754,2025-10-19,Chennai,South
755,2025-10-02,Bangalore,South
756,2025-07-08,Lucknow,North
757,2025-09-15,Kolkata,East
758,2025-10-07,Kolkata,East
759,2025-04-06,Bhopal,Central
760,2025-06-14,Lucknow,North
761,2025-08-13,Chennai,South
762,2025-02-02,Bangalore,South
763,2025-08-19,Bangalore,South
764,2025-06-27,Lucknow,North
765,2025-07-25,Bangalore,South
766,2025-04-25,Jaipur,North
767,2025-11-16,Jaipur,North
768,2025-02-20,Indore,Central
769,2025-07-10,Mumbai,West
770,2025-09-12,Indore,Central
771,2025-03-15,Bangalore,South
772,2025-01-31,Patna,East
773,2025-09-05,Chennai,South
774,2025-08-17,Delhi,North
775,2025-05-13,Ahmedabad,West
776,2025-06-13,Delhi,North
777,2025-06-25,Hyderabad,South
778,2025-08-30,Jaipur,North
779,2025-06-21,Kolkata,East
780,2025-03-20,Kolkata,East
781,2025-03-16,Kolkata,East
782,2025-09-21,Jaipur,North
783,2025-10-12,Mumbai,West
784,2025-08-11,Delhi,North
785,2025-11-24,Bangalore,South
786,2025-01-22,Indore,Central
787,2025-11-21,Jaipur,North
788,2025-10-04,Delhi,North
789,2025-06-03,Bangalore,South
790,2025-04-18,Patna,East
791,2025-11-02,Chennai,South
792,2025-06-07,Ahmedabad,West
793,2025-05-12,Jaipur,North
794,2025-03-28,Pune,West
795,2025-03-13,Mumbai,West
796,2025-07-27,Chandigarh,North
797,2025-05-04,Bhopal,Central
798,2025-11-06,Ahmedabad,West
799,2025-10-24,Lucknow,North
800,2025-09-03,Patna,East
801,2025-08-01,Pune,West
802,2025-04-10,Chennai,South
803,2025-08-25,Jaipur,North
804,2025-09-24,Lucknow,North
805,2025-10-21,Hyderabad,South
806,2025-09-12,Lucknow,North
807,2025-05-23,Bhopal,Central
808,2025-10-13,Indore,Central
809,2025-06-28,Mumbai,West
810,2025-11-14,Bangalore,South
811,2025-07-07,Nagpur,Central
812,2025-02-15,Patna,East
813,2025-01-23,Mumbai,West
814,2025-08-19,Nagpur,Central
815,2025-10-25,Nagpur,Central
816,2025-05-31,Pune,West
817,2025-02-20,Kolkata,East
818,2025-01-29,Mumbai,West
819,2025-08-02,Delhi,North
820,2025-10-04,Delhi,North
821,2025-06-10,Chandigarh,North
822,2025-07-18,Bangalore,South
823,2025-11-26,Mumbai,West
824,2025-10-28,Delhi,North
825,2025-08-21,Pune,West
826,2025-08-27,Chandigarh,North
827,2025-06-25,Hyderabad,South
828,2025-04-01,Chennai,South
829,2025-05-21,Kolkata,East
830,2025-08-11,Chennai,South
831,2025-06-29,Delhi,North
832,2025-04-21,Chennai,South
833,2025-11-15,Hyderabad,South
834,2025-04-25,Hyderabad,South
835,2025-05-09,Hyderabad,South
836,2025-08-04,Bangalore,South
837,2025-08-16,Chandigarh,North
838,2025-03-16,Hyderabad,South
839,2025-07-18,Jaipur,North
840,2025-04-10,Kolkata,East
841,2025-05-09,Chennai,South
842,2025-01-30,Pune,West
843,2025-10-12,Chennai,South
844,2025-09-22,Patna,East
845,2025-10-25,Delhi,North
846,2025-08-03,Delhi,North
847,2025-11-22,Bangalore,South
848,2025-06-05,Patna,East
849,2025-03-03,Ahmedabad,West
850,2025-09-15,Ahmedabad,West
851,2025-06-18,Delhi,North
852,2025-06-12,Kolkata,East
853,2025-08-06,Mumbai,West
854,2025-04-17,Indore,Central
855,2025-04-10,Mumbai,West
856,2025-03-30,Hyderabad,South
857,2025-05-18,Hyderabad,South
858,2025-10-11,Chennai,South
859,2025-05-11,Lucknow,North
860,2025-07-12,Bangalore,South
861,2025-09-16,Pune,West
862,2025-08-16,Delhi,North
863,2025-09-07,Jaipur,North
864,2025-05-31,Bangalore,South
865,2025-10-27,Hyderabad,South
866,2025-04-19,Pune,West
867,2025-10-16,Delhi,North
868,2025-05-18,Bangalore,South
869,2025-09-20,Chandigarh,North
870,2025-06-16,Indore,Central
871,2025-05-15,Hyderabad,South
872,2025-07-25,Mumbai,West
873,2025-10-05,Kolkata,East
874,2025-04-14,Delhi,North
875,2025-05-15,Delhi,North
876,2025-03-03,Bangalore,South
877,2025-09-22,Ahmedabad,West
878,2025-03-15,Pune,West
879,2025-10-27,Mumbai,West
880,2025-10-01,Delhi,North
881,2025-03-24,Bangalore,South
882,2025-04-13,Kolkata,East
883,2025-09-01,Chennai,South
884,2025-06-10,Bangalore,South
885,2025-01-11,Lucknow,North
886,2025-05-24,Mumbai,West
887,2025-06-09,Lucknow,North
888,2025-08-17,Bangalore,South
889,2025-03-16,Hyderabad,South
890,2025-12-08,Bangalore,South
891,2025-08-24,Kolkata,East
892,2025-11-05,Chandigarh,North
893,2025-07-07,Nagpur,Central
894,2025-01-11,Hyderabad,South
895,2025-10-26,Pune,West
896,2025-07-11,Chennai,South
897,2025-02-09,Mumbai,West
898,2025-02-05,Nagpur,Central
899,2025-08-21,Bangalore,South
900,2025-03-03,Chennai,South
901,2025-08-16,Bangalore,South
902,2025-05-23,Mumbai,West
903,2025-09-02,Mumbai,West
904,2025-06-19,Ahmedabad,West
905,2025-07-20,Chennai,South
906,2025-03-01,Chandigarh,North
907,2025-10-01,Patna,East
908,2025-11-30,Bangalore,South
909,2025-07-27,Chennai,South
910,2025-02-11,Mumbai,West
911,2025-04-06,Ahmedabad,West
912,2025-11-04,Hyderabad,South
913,2025-08-12,Kolkata,East
914,2025-09-23,Hyderabad,South
915,2025-04-01,Jaipur,North
916,2025-03-11,Delhi,North
917,2025-03-03,Chennai,South
918,2025-05-05,Nagpur,Central
919,2025-05-14,Lucknow,North
920,2025-09-25,Mumbai,West
921,2025-05-27,Nagpur,Central
922,2025-07-11,Bangalore,South
923,2025-08-19,Nagpur,Central
924,2025-11-02,Jaipur,North
925,2025-07-11,Bangalore,South
926,2025-02-14,Mumbai,West
927,2025-06-10,Delhi,North
928,2025-10-29,Jaipur,North
929,2025-06-04,Lucknow,North
930,2025-04-11,Hyderabad,South
931,2025-05-02,Bangalore,South
932,2025-06-24,Nagpur,Central
933,2025-07-11,Chandigarh,North
934,2025-06-22,Pune,West
935,2025-07-18,Hyderabad,South
936,2025-10-01,Mumbai,West
937,2025-05-10,Bangalore,South
938,2025-09-20,Bhopal,Central
939,2025-07-04,Bangalore,South
940,2025-06-19,Pune,West
941,2025-11-18,Hyderabad,South
942,2025-10-24,Kolkata,East
943,2025-10-14,Pune,West
944,2025-04-22,Chandigarh,North
945,2025-11-24,Hyderabad,South
946,2026-01-03,Hyderabad,South
947,2025-05-31,Mumbai,West
948,2025-06-08,Indore,Central
949,2025-03-19,Chandigarh,North
950,2025-03-08,Jaipur,North
951,2025-01-20,Kolkata,East
952,2025-01-15,Lucknow,North
953,2025-07-25,Hyderabad,South
954,2025-10-19,Patna,East
955,2025-01-03,Delhi,North
956,2025-11-05,Bangalore,South
957,2025-09-03,Kolkata,East
958,2025-05-03,Delhi,North
959,2025-10-02,Bangalore,South
960,2025-08-16,Lucknow,North
961,2025-06-04,Hyderabad,South
962,2025-02-18,Pune,West
963,2025-05-18,Mumbai,West
964,2025-05-09,Chennai,South
965,2025-10-23,Delhi,North
966,2025-06-28,Delhi,North
967,2025-11-10,Jaipur,North
968,2025-05-30,Chennai,South
969,2025-11-14,Pune,West
970,2025-10-27,Chennai,South
971,2025-11-16,Lucknow,North
972,2025-01-28,Patna,East
973,2025-06-06,Ahmedabad,West
974,2025-04-30,Mumbai,West
975,2025-07-10,Hyderabad,South
976,2025-11-02,Mumbai,West
977,2025-06-12,Ahmedabad,West
978,2025-09-04,Hyderabad,South
979,2025-07-15,Bangalore,South
980,2025-06-09,Kolkata,East
981,2025-07-04,Bangalore,South
982,2025-09-27,Lucknow,North
983,2025-06-03,Hyderabad,South
984,2025-09-13,Hyderabad,South
985,2025-10-05,Ahmedabad,West
986,2025-10-15,Hyderabad,South
987,2025-03-18,Kolkata,East
988,2025-07-12,Delhi,North
989,2025-09-29,Hyderabad,South
990,2025-04-10,Indore,Central
991,2025-06-25,Kolkata,East
992,2025-07-21,Kolkata,East
993,2025-01-17,Delhi,North
994,2025-07-20,Pune,West
995,2025-11-18,Bangalore,South
996,2025-06-08,Hyderabad,South
997,2025-10-09,Bhopal,Central
998,2025-04-03,Chennai,South
999,2025-06-11,Bhopal,Central
1000,2025-06-04,Mumbai,West
1001,2025-04-20,Bangalore,South
1002,2025-05-24,Jaipur,North
1003,2025-07-19,Chandigarh,North
1004,2025-10-06,Kolkata,East
1005,2025-10-22,Nagpur,Central
1006,2025-11-18,Ahmedabad,West
1007,2025-08-23,Lucknow,North
1008,2025-10-19,Chandigarh,North
1009,2025-07-07,Hyderabad,South
1010,2025-05-15,Bangalore,South
1011,2025-04-03,Bangalore,South
1012,2025-10-24,Chandigarh,North
1013,2025-08-02,Chandigarh,North
1014,2025-10-17,Hyderabad,South
1015,2025-06-26,Lucknow,North
1016,2025-11-19,Bhopal,Central
1017,2025-02-28,Delhi,North
1018,2025-05-09,Ahmedabad,West
1019,2025-07-30,Chandigarh,North
1020,2025-05-23,Hyderabad,South
1021,2025-01-31,Ahmedabad,West
1022,2025-10-08,Hyderabad,South
1023,2025-05-21,Patna,East
1024,2025-03-10,Bhopal,Central
1025,2025-10-25,Nagpur,Central
1026,2025-02-25,Hyderabad,South
1027,2025-10-05,Nagpur,Central
1028,2025-06-14,Indore,Central
1029,2025-04-13,Hyderabad,South
1030,2025-10-16,Patna,East
1031,2025-09-05,Delhi,North
1032,2025-05-07,Kolkata,East
1033,2025-07-28,Chennai,South
1034,2025-01-19,Bangalore,South
1035,2025-08-18,Mumbai,West
1036,2025-09-13,Lucknow,North
1037,2025-07-21,Mumbai,West
1038,2025-03-29,Kolkata,East
1039,2025-05-12,Hyderabad,South
1040,2025-11-02,Mumbai,West
1041,2025-05-14,Ahmedabad,West
1042,2025-04-23,Lucknow,North
1043,2025-11-13,Delhi,North
1044,2025-04-03,Pune,West
1045,2025-09-21,Nagpur,Central
1046,2025-04-26,Jaipur,North
1047,2025-06-22,Bangalore,South
1048,2025-09-11,Chennai,South
1049,2025-03-17,Nagpur,Central
1050,2025-04-05,Mumbai,West
1051,2025-05-02,Bhopal,Central
1052,2025-05-30,Kolkata,East
1053,2025-10-26,Nagpur,Central
1054,2025-02-04,Jaipur,North
1055,2025-05-02,Nagpur,Central
1056,2025-05-12,Chennai,South
1057,2025-10-14,Pune,West
1058,2025-10-23,Chennai,South
1059,2025-03-06,Mumbai,West
1060,2025-10-12,Ahmedabad,West
1061,2025-03-20,Bhopal,Central
1062,2025-08-30,Indore,Central
1063,2025-11-03,Pune,West
1064,2025-07-01,Hyderabad,South
1065,2025-02-23,Mumbai,West
1066,2025-03-11,Pune,West
1067,2025-05-06,Hyderabad,South
1068,2025-09-29,Delhi,North
1069,2025-03-09,Bangalore,South
1070,2025-05-06,Mumbai,West
1071,2025-01-27,Mumbai,West
1072,2025-06-14,Bangalore,South
1073,2025-02-22,Mumbai,West
1074,2025-02-26,Bangalore,South
1075,2025-09-10,Bhopal,Central
1076,2025-06-16,Bangalore,South
1077,2025-07-18,Hyderabad,South
1078,2025-03-24,Ahmedabad,West
1079,2025-11-03,Delhi,North
1080,2025-08-12,Chandigarh,North
1081,2025-06-07,Lucknow,North
1082,2025-03-13,Chennai,South
1083,2025-09-22,Delhi,North
1084,2025-11-09,Indore,Central
1085,2025-06-22,Indore,Central
1086,2025-02-10,Mumbai,West
1087,2025-10-29,Kolkata,East
1088,2025-05-22,Hyderabad,South
1089,2025-02-21,Chandigarh,North
1090,2025-02-10,Delhi,North
1091,2025-11-07,Nagpur,Central
1092,2025-04-20,Kolkata,East
1093,2025-01-15,Ahmedabad,West
1094,2025-05-16,Ahmedabad,West
1095,2025-12-14,Hyderabad,South
1096,2025-04-15,Bangalore,South
1097,2025-12-05,Hyderabad,South
1098,2025-10-11,Bangalore,South
1099,2025-07-28,Pune,West
1100,2025-11-07,Hyderabad,South
1101,2025-07-31,Bangalore,South
1102,2025-05-18,Chandigarh,North
1103,2025-06-08,Indore,Central
1104,2025-04-06,Patna,East
1105,2025-04-17,Nagpur,Central
1106,2025-06-30,Bangalore,South
1107,2025-11-21,Chennai,South
1108,2025-01-23,Jaipur,North
1109,2025-08-30,Lucknow,North
1110,2025-05-11,Bangalore,South
1111,2025-03-28,Nagpur,Central
1112,2025-09-16,Bangalore,South
1113,2025-05-19,Delhi,North
1114,2025-05-07,Lucknow,North
1115,2025-07-20,Lucknow,North
1116,2025-04-29,Pune,West
1117,2025-01-23,Delhi,North
1118,2025-03-13,Nagpur,Central
1119,2025-09-15,Chennai,South
1120,2025-02-24,Bangalore,South
1121,2025-10-13,Chandigarh,North
1122,2025-07-12,Bhopal,Central
1123,2025-08-09,Bhopal,Central
1124,2025-10-26,Patna,East
1125,2025-03-09,Lucknow,North
1126,2025-05-04,Jaipur,North
1127,2025-05-09,Mumbai,West
1128,2025-10-09,Chennai,South
1129,2025-08-16,Mumbai,West
1130,2025-03-22,Chennai,South
1131,2025-08-04,Lucknow,North
1132,2025-10-14,Bangalore,South
1133,2025-06-19,Delhi,North
1134,2025-06-03,Chennai,South
1135,2025-11-13,Jaipur,North
1136,2025-02-10,Delhi,North
1137,2025-10-12,Indore,Central
1138,2025-03-16,Chennai,South
1139,2025-03-09,Bangalore,South
1140,2025-10-09,Ahmedabad,West
1141,2025-11-05,Patna,East
1142,2025-09-10,Mumbai,West
1143,2025-03-10,Jaipur,North
1144,2025-07-02,Lucknow,North
1145,2025-07-27,Mumbai,West
1146,2025-09-05,Chandigarh,North
1147,2025-07-29,Jaipur,North
1148,2025-11-20,Ahmedabad,West
1149,2025-03-24,Patna,East
1150,2025-07-25,Bhopal,Central
1151,2025-08-14,Jaipur,North
1152,2025-05-27,Nagpur,Central
1153,2025-03-03,Ahmedabad,West
1154,2025-05-28,Ahmedabad,West
1155,2025-06-29,Ahmedabad,West
1156,2025-03-01,Kolkata,East
1157,2025-07-02,Bangalore,South
1158,2025-11-25,Chandigarh,North
1159,2025-04-10,Chandigarh,North
1160,2025-06-14,Bangalore,South
1161,2025-09-02,Indore,Central
1162,2025-08-01,Bangalore,South
1163,2025-07-18,Hyderabad,South
1164,2025-12-22,Jaipur,North
1165,2025-11-26,Bangalore,South
1166,2025-06-17,Patna,East
1167,2025-11-08,Nagpur,Central
1168,2025-08-13,Pune,West
1169,2025-07-19,Delhi,North
1170,2025-02-22,Delhi,North
1171,2025-05-01,Lucknow,North
1172,2025-02-20,Chandigarh,North
1173,2025-11-14,Jaipur,North
1174,2025-04-07,Mumbai,West
1175,2025-04-30,Lucknow,North
1176,2025-04-18,Pune,West
1177,2025-04-12,Jaipur,North
1178,2025-10-14,Chennai,South
1179,2025-06-04,Pune,West
1180,2025-09-27,Lucknow,North
1181,2025-07-27,Bhopal,Central
1182,2025-06-26,Bangalore,South
1183,2025-08-30,Kolkata,East
1184,2025-03-14,Nagpur,Central
1185,2025-07-25,Bangalore,South
1186,2025-04-10,Patna,East
1187,2025-09-12,Ahmedabad,West
1188,2025-06-29,Hyderabad,South
1189,2025-04-06,Mumbai,West
1190,2025-10-05,Kolkata,East
1191,2025-07-27,Chennai,South
1192,2025-05-10,Jaipur,North
1193,2025-11-28,Chennai,South
1194,2025-10-16,Ahmedabad,West
1195,2025-05-29,Mumbai,West
1196,2025-01-23,Nagpur,Central
1197,2025-05-06,Bhopal,Central
1198,2025-07-30,Nagpur,Central
1199,2025-04-25,Pune,West
1200,2025-03-12,Delhi,North
1201,2025-06-19,Pune,West
1202,2025-04-14,Mumbai,West
1203,2025-08-05,Bangalore,South
1204,2025-01-30,Hyderabad,South
1205,2025-09-27,Mumbai,West
1206,2025-08-20,Pune,West
1207,2025-02-09,Ahmedabad,West
1208,2025-03-16,Chennai,South
1209,2025-05-12,Delhi,North
1210,2025-10-21,Nagpur,Central
1211,2025-04-11,Hyderabad,South
1212,2025-05-29,Bangalore,South
1213,2025-08-09,Chennai,South
1214,2025-06-18,Lucknow,North
1215,2025-05-11,Kolkata,East
1216,2025-03-16,Delhi,North
1217,2025-07-27,Hyderabad,South
1218,2025-10-06,Pune,West
1219,2025-07-25,Lucknow,North
1220,2025-11-12,Chennai,South
1221,2025-07-14,Nagpur,Central
1222,2025-05-18,Bangalore,South
1223,2025-07-29,Mumbai,West
1224,2025-07-01,Bhopal,Central
1225,2025-10-28,Delhi,North
1226,2025-11-12,Lucknow,North
1227,2025-10-03,Hyderabad,South
1228,2025-04-07,Delhi,North
1229,2025-10-09,Bhopal,Central
1230,2025-11-15,Mumbai,West
1231,2025-10-28,Bhopal,Central
1232,2025-12-19,Chennai,South
1233,2025-01-25,Bangalore,South
1234,2025-11-10,Mumbai,West
1235,2025-10-08,Lucknow,North
1236,2025-05-27,Bangalore,South
1237,2025-08-09,Indore,Central
1238,2025-03-14,Mumbai,West
1239,2025-02-05,Nagpur,Central
1240,2025-07-16,Mumbai,West
1241,2025-03-24,Indore,Central
1242,2025-03-08,Kolkata,East
1243,2025-04-30,Pune,West
1244,2025-11-17,Patna,East
1245,2025-05-09,Jaipur,North
1246,2025-10-26,Ahmedabad,West
1247,2025-04-26,Delhi,North
1248,2025-03-05,Chennai,South
1249,2025-10-09,Indore,Central
1250,2025-09-22,Pune,West
1251,2025-10-25,Kolkata,East
1252,2025-03-18,Delhi,North
1253,2025-03-19,Chennai,South
1254,2025-02-23,Delhi,North
1255,2025-10-08,Ahmedabad,West
1256,2025-08-17,Bangalore,South
1257,2025-05-21,Delhi,North
1258,2025-11-17,Chennai,South
1259,2025-04-10,Mumbai,West
1260,2025-05-04,Jaipur,North
1261,2025-07-07,Delhi,North
1262,2025-05-19,Ahmedabad,West
1263,2025-11-05,Chennai,South
1264,2025-09-05,Bangalore,South
1265,2025-02-16,Delhi,North
1266,2025-10-06,Mumbai,West
1267,2025-06-08,Mumbai,West
1268,2025-04-14,Delhi,North
1269,2025-05-19,Pune,West
1270,2025-07-14,Bangalore,South
1271,2025-04-13,Ahmedabad,West
1272,2025-07-27,Chandigarh,North
1273,2025-10-03,Jaipur,North
1274,2025-11-07,Mumbai,West
1275,2025-11-15,Delhi,North
1276,2025-05-17,Bangalore,South
1277,2025-09-19,Mumbai,West
1278,2025-08-28,Indore,Central
1279,2025-05-15,Hyderabad,South
1280,2025-10-19,Chennai,South
1281,2025-02-13,Pune,West
1282,2025-06-13,Pune,West
1283,2025-05-03,Lucknow,North
1284,2025-05-19,Hyderabad,South
1285,2025-04-08,Bangalore,South
1286,2025-06-02,Kolkata,East
1287,2025-02-26,Chennai,South
1288,2025-06-06,Mumbai,West
1289,2025-05-07,Hyderabad,South
1290,2025-06-16,Chennai,South
1291,2025-11-05,Delhi,North
1292,2025-04-19,Chennai,South
1293,2025-03-09,Pune,West
1294,2025-07-10,Kolkata,East
1295,2025-05-06,Bhopal,Central
1296,2025-08-02,Hyderabad,South
1297,2025-04-15,Mumbai,West
1298,2025-03-16,Mumbai,West
1299,2025-02-16,Lucknow,North
1300,2025-04-23,Lucknow,North
1301,2025-10-17,Hyderabad,South
1302,2025-10-07,Patna,East
1303,2025-03-13,Hyderabad,South
1304,2025-05-13,Lucknow,North
1305,2025-10-21,Pune,West
1306,2025-06-02,Patna,East
1307,2025-07-04,Jaipur,North
1308,2025-10-15,Chandigarh,North
1309,2025-04-09,Delhi,North
1310,2025-10-28,Patna,East
1311,2025-09-19,Delhi,North
1312,2025-04-27,Bhopal,Central
1313,2025-09-16,Kolkata,East
1314,2025-10-08,Chandigarh,North
1315,2025-02-21,Chennai,South
1316,2025-03-03,Jaipur,North
1317,2025-05-10,Lucknow,North
1318,2025-01-20,Kolkata,East
1319,2025-11-13,Chennai,South
1320,2025-02-04,Bangalore,South
1321,2025-11-02,Hyderabad,South
1322,2025-11-12,Chennai,South
1323,2025-08-16,Chandigarh,North
1324,2025-04-14,Hyderabad,South
1325,2025-11-03,Patna,East
1326,2025-02-08,Mumbai,West
1327,2025-10-01,Chennai,South
1328,2025-06-12,Ahmedabad,West
1329,2025-11-02,Lucknow,North
1330,2025-10-21,Hyderabad,South
1331,2025-06-05,Ahmedabad,West
1332,2025-11-11,Lucknow,North
1333,2025-10-08,Bangalore,South
1334,2025-05-11,Nagpur,Central
1335,2025-07-10,Nagpur,Central
1336,2025-05-06,Lucknow,North
1337,2025-10-15,Mumbai,West
1338,2025-04-08,Jaipur,North
1339,2025-02-21,Hyderabad,South
1340,2025-03-02,Bangalore,South
1341,2025-07-04,Bangalore,South
1342,2025-05-11,Bangalore,South
1343,2025-03-25,Indore,Central
1344,2025-03-03,Lucknow,North
1345,2025-04-28,Pune,West
1346,2025-11-11,Mumbai,West
1347,2025-07-18,Mumbai,West
1348,2025-07-17,Mumbai,West
1349,2025-09-09,Nagpur,Central
1350,2025-02-01,Mumbai,West
1351,2025-10-03,Bhopal,Central
1352,2025-04-28,Ahmedabad,West
1353,2025-06-01,Chennai,South
1354,2025-04-16,Pune,West
1355,2025-10-05,Chennai,South
1356,2025-10-14,Chandigarh,North
1357,2025-05-04,Chandigarh,North
1358,2025-06-02,Bangalore,South
1359,2025-06-24,Mumbai,West
1360,2025-03-04,Lucknow,North
1361,2025-05-28,Bhopal,Central
1362,2025-07-07,Hyderabad,South
1363,2025-06-13,Pune,West
1364,2025-10-09,Jaipur,North
1365,2025-05-30,Kolkata,East
1366,2025-04-09,Bangalore,South
1367,2025-04-08,Jaipur,North
1368,2025-08-30,Patna,East
1369,2025-11-04,Chennai,South
1370,2025-11-26,Chennai,South
1371,2025-04-28,Indore,Central
1372,2025-03-09,Delhi,North
1373,2025-02-11,Nagpur,Central
1374,2025-08-14,Delhi,North
1375,2025-09-28,Mumbai,West
1376,2025-09-17,Bhopal,Central
1377,2025-11-24,Chennai,South
1378,2025-07-08,Jaipur,North
1379,2025-05-02,Mumbai,West
1380,2025-06-22,Jaipur,North
1381,2025-06-10,Chennai,South
1382,2025-07-09,Delhi,North
1383,2025-05-22,Nagpur,Central
1384,2025-05-29,Chennai,South
1385,2025-07-18,Kolkata,East
1386,2025-03-12,Chennai,South
1387,2025-08-05,Kolkata,East
1388,2025-07-11,Mumbai,West
1389,2025-01-27,Chandigarh,North
1390,2025-07-09,Bangalore,South
1391,2025-09-28,Mumbai,West
1392,2025-03-18,Delhi,North
1393,2025-08-05,Bangalore,South
1394,2025-10-15,Jaipur,North
1395,2025-06-18,Bangalore,South
1396,2025-07-15,Bhopal,Central
1397,2025-11-26,Mumbai,West
1398,2025-08-01,Delhi,North
1399,2025-10-18,Ahmedabad,West
1400,2025-08-26,Kolkata,East
1401,2025-08-24,Hyderabad,South
1402,2025-06-26,Mumbai,West
1403,2025-06-17,Delhi,North
1404,2025-04-19,Pune,West
1405,2025-05-31,Pune,West
1406,2025-09-29,Chennai,South
1407,2025-06-03,Indore,Central
1408,2025-10-05,Nagpur,Central
1409,2025-09-26,Lucknow,North
1410,2025-03-31,Nagpur,Central
1411,2025-05-19,Bangalore,South
1412,2025-04-03,Delhi,North
1413,2025-09-07,Bangalore,South
1414,2025-06-09,Bangalore,South
1415,2025-06-10,Jaipur,North
1416,2025-08-03,Chandigarh,North
1417,2025-11-20,Chennai,South
1418,2025-11-27,Mumbai,West
1419,2025-05-17,Mumbai,West
1420,2025-10-08,Indore,Central
1421,2025-08-17,Delhi,North
1422,2025-08-04,Kolkata,East
1423,2025-12-07,Mumbai,West
1424,2025-03-11,Mumbai,West
1425,2025-05-04,Bhopal,Central
1426,2025-09-28,Nagpur,Central
1427,2025-05-04,Hyderabad,South
1428,2025-07-14,Nagpur,Central
1429,2025-04-12,Kolkata,East
1430,2025-05-03,Nagpur,Central
1431,2025-07-31,Hyderabad,South
1432,2025-08-10,Jaipur,North
1433,2025-04-25,Delhi,North
1434,2025-08-06,Kolkata,East
1435,2025-05-17,Mumbai,West
1436,2025-08-05,Bangalore,South
1437,2025-06-11,Hyderabad,South
1438,2025-10-26,Pune,West
1439,2025-05-31,Bangalore,South
1440,2025-11-16,Kolkata,East
1441,2025-05-12,Nagpur,Central
1442,2025-06-29,Chennai,South
1443,2025-05-22,Jaipur,North
1444,2025-11-09,Mumbai,West
1445,2025-10-01,Indore,Central
1446,2025-06-29,Hyderabad,South
1447,2025-11-27,Kolkata,East
1448,2025-02-06,Patna,East
1449,2025-07-05,Patna,East
1450,2025-08-03,Ahmedabad,West
1451,2025-04-12,Bangalore,South
1452,2025-04-12,Ahmedabad,West
1453,2025-11-11,Indore,Central
1454,2025-10-02,Jaipur,North
1455,2026-01-07,Bangalore,South
1456,2025-08-18,Bhopal,Central
1457,2025-10-13,Pune,West
1458,2025-07-08,Pune,West
1459,2025-11-04,Hyderabad,South
1460,2025-09-12,Lucknow,North
1461,2025-02-04,Delhi,North
1462,2025-03-30,Ahmedabad,West
1463,2025-11-05,Hyderabad,South
1464,2025-11-06,Kolkata,East
1465,2025-06-15,Indore,Central
1466,2025-02-27,Chennai,South
1467,2025-10-23,Chandigarh,North
1468,2025-07-31,Bangalore,South
1469,2025-04-14,Patna,East
1470,2025-02-20,Lucknow,North
1471,2025-11-26,Pune,West
1472,2025-02-18,Lucknow,North
1473,2025-08-13,Patna,East
1474,2025-06-01,Hyderabad,South
1475,2025-05-25,Mumbai,West
1476,2025-08-10,Jaipur,North
1477,2025-05-02,Chandigarh,North
1478,2025-09-17,Lucknow,North
1479,2025-04-15,Kolkata,East
1480,2025-07-11,Hyderabad,South
1481,2025-04-15,Nagpur,Central
1482,2025-06-27,Bangalore,South
1483,2025-07-24,Pune,West
1484,2025-07-07,Hyderabad,South
1485,2025-10-19,Mumbai,West
1486,2025-08-26,Bangalore,South
1487,2025-11-05,Delhi,North
1488,2025-10-10,Kolkata,East
1489,2025-04-09,Hyderabad,South
1490,2025-05-15,Bangalore,South
1491,2025-08-01,Mumbai,West
1492,2025-05-01,Hyderabad,South
1493,2025-07-06,Mumbai,West
1494,2025-11-23,Delhi,North
1495,2025-06-01,Lucknow,North
1496,2025-09-19,Kolkata,East
1497,2025-10-13,Lucknow,North
1498,2025-10-02,Chennai,South
1499,2025-11-13,Mumbai,West
1500,2025-11-15,Nagpur,Central
1501,2025-03-16,Jaipur,North
1502,2025-06-20,Bangalore,South
1503,2025-03-02,Delhi,North
1504,2025-05-01,Bangalore,South
1505,2025-11-24,Delhi,North
1506,2025-02-27,Mumbai,West
1507,2025-07-11,Kolkata,East
1508,2025-09-16,Pune,West
1509,2025-05-29,Kolkata,East
1510,2025-07-14,Kolkata,East
1511,2025-02-18,Indore,Central
1512,2025-10-09,Jaipur,North
1513,2025-08-26,Bhopal,Central
1514,2025-02-17,Delhi,North
1515,2025-05-16,Delhi,North
1516,2025-10-08,Mumbai,West
1517,2025-07-22,Ahmedabad,West
1518,2025-06-25,Bhopal,Central
1519,2025-09-28,Delhi,North
1520,2025-10-09,Indore,Central
1521,2025-10-25,Chennai,South
1522,2025-11-23,Indore,Central
1523,2025-04-16,Mumbai,West
1524,2025-02-17,Delhi,North
1525,2025-10-01,Hyderabad,South
1526,2025-10-07,Hyderabad,South
1527,2025-11-17,Chennai,South
1528,2025-04-06,Chennai,South
1529,2025-02-02,Nagpur,Central
1530,2025-03-03,Kolkata,East
1531,2025-05-17,Chennai,South
1532,2025-10-15,Jaipur,North
1533,2025-08-23,Jaipur,North
1534,2025-12-04,Delhi,North
1535,2025-05-10,Hyderabad,South
1536,2025-03-26,Mumbai,West
1537,2025-04-20,Hyderabad,South
1538,2025-10-08,Lucknow,North
1539,2025-10-16,Bangalore,South
1540,2025-04-13,Jaipur,North
1541,2025-03-16,Kolkata,East
1542,2025-06-05,Mumbai,West
1543,2025-07-25,Jaipur,North
1544,2025-06-07,Chennai,South
1545,2025-03-12,Patna,East
1546,2025-05-19,Bangalore,South
1547,2025-01-29,Nagpur,Central
1548,2025-05-18,Lucknow,North
1549,2025-03-15,Mumbai,West
1550,2025-04-20,Pune,West
1551,2025-04-04,Bhopal,Central
1552,2025-08-02,Jaipur,North
1553,2025-10-14,Patna,East
1554,2025-05-12,Patna,East
1555,2025-10-02,Chennai,South
1556,2025-10-09,Chennai,South
1557,2025-06-18,Kolkata,East
1558,2025-05-11,Hyderabad,South
1559,2025-10-03,Nagpur,Central
1560,2025-02-03,Chandigarh,North
1561,2025-04-16,Chennai,South
1562,2025-04-01,Mumbai,West
1563,2025-08-09,Lucknow,North
1564,2025-09-22,Chennai,South
1565,2025-09-30,Indore,Central
1566,2025-03-17,Bangalore,South
1567,2025-09-02,Kolkata,East
1568,2025-04-01,Hyderabad,South
1569,2025-05-24,Kolkata,East
1570,2025-08-03,Delhi,North
1571,2025-10-18,Pune,West
1572,2025-03-07,Hyderabad,South
1573,2025-04-27,Pune,West
1574,2025-10-13,Bhopal,Central
1575,2025-03-27,Mumbai,West
1576,2025-07-06,Chennai,South
1577,2025-02-12,Delhi,North
1578,2025-04-12,Pune,West
1579,2025-05-27,Ahmedabad,West
1580,2025-10-16,Lucknow,North
1581,2025-10-24,Hyderabad,South
1582,2025-09-12,Chennai,South
1583,2025-11-22,Kolkata,East
1584,2025-05-28,Chennai,South
1585,2025-11-07,Indore,Central
1586,2025-02-27,Bangalore,South
1587,2025-07-01,Jaipur,North
1588,2025-06-08,Bangalore,South
1589,2025-04-14,Hyderabad,South
1590,2025-05-21,Lucknow,North
1591,2025-08-01,Jaipur,North
1592,2025-04-13,Chandigarh,North
1593,2025-10-28,Mumbai,West
1594,2025-10-08,Bangalore,South
1595,2025-11-06,Pune,West
1596,2025-11-11,Jaipur,North
1597,2025-11-17,Mumbai,West
1598,2025-11-26,Chennai,South
1599,2025-10-12,Hyderabad,South
1600,2025-10-18,Bhopal,Central
1601,2025-10-06,Bangalore,South
1602,2025-05-11,Chennai,South
1603,2025-09-19,Delhi,North
1604,2025-06-30,Bangalore,South
1605,2025-03-31,Mumbai,West
1606,2025-06-22,Kolkata,East
1607,2025-04-26,Delhi,North
1608,2025-11-06,Bhopal,Central
1609,2025-09-14,Bangalore,South
1610,2025-09-06,Lucknow,North
1611,2025-11-01,Indore,Central
1612,2025-04-25,Kolkata,East
1613,2025-06-12,Pune,West
1614,2025-03-13,Bangalore,South
1615,2025-11-07,Chennai,South
1616,2025-11-25,Lucknow,North
1617,2025-08-15,Bhopal,Central
1618,2025-02-10,Ahmedabad,West
1619,2025-06-09,Kolkata,East
1620,2025-02-11,Pune,West
1621,2025-10-17,Hyderabad,South
1622,2025-05-06,Chennai,South
1623,2025-07-26,Jaipur,North
1624,2025-07-09,Patna,East
1625,2025-02-28,Bangalore,South
1626,2025-04-23,Jaipur,North
1627,2025-05-16,Delhi,North
1628,2025-01-26,Ahmedabad,West
1629,2025-10-01,Bangalore,South
1630,2025-02-02,Hyderabad,South
1631,2025-11-21,Ahmedabad,West
1632,2025-07-07,Delhi,North
1633,2025-09-14,Ahmedabad,West
1634,2025-11-28,Ahmedabad,West
1635,2025-10-31,Patna,East
1636,2025-10-20,Bangalore,South
1637,2025-07-22,Mumbai,West
1638,2025-02-08,Chennai,South
1639,2025-05-05,Chandigarh,North
1640,2025-02-10,Chandigarh,North
1641,2025-04-10,Pune,West
1642,2025-07-10,Bhopal,Central
1643,2025-07-07,Kolkata,East
1644,2025-10-26,Ahmedabad,West
1645,2025-09-16,Chennai,South
1646,2025-02-18,Lucknow,North
1647,2025-02-13,Delhi,North
1648,2025-02-13,Indore,Central
1649,2025-05-20,Ahmedabad,West
1650,2025-02-02,Kolkata,East
1651,2025-11-22,Delhi,North
1652,2025-06-18,Hyderabad,South
1653,2025-11-27,Mumbai,West
1654,2025-02-13,Hyderabad,South
1655,2025-11-28,Bangalore,South
1656,2025-06-15,Indore,Central
1657,2025-11-03,Lucknow,North
1658,2025-04-10,Chennai,South
1659,2025-07-01,Bangalore,South
1660,2025-10-30,Hyderabad,South
1661,2025-11-11,Ahmedabad,West
1662,2025-10-28,Kolkata,East
1663,2025-10-12,Indore,Central
1664,2025-11-25,Bangalore,South
1665,2025-08-02,Nagpur,Central
1666,2025-03-03,Indore,Central
1667,2025-10-19,Bangalore,South
1668,2025-05-20,Chandigarh,North
1669,2025-06-11,Hyderabad,South
1670,2025-06-29,Nagpur,Central
1671,2025-04-29,Bangalore,South
1672,2025-02-25,Nagpur,Central
1673,2025-02-27,Chandigarh,North
1674,2025-03-31,Chandigarh,North
1675,2025-07-20,Lucknow,North
1676,2025-03-10,Delhi,North
1677,2025-06-13,Delhi,North
1678,2025-06-12,Chennai,South
1679,2025-12-07,Delhi,North
1680,2025-09-20,Jaipur,North
1681,2025-07-20,Mumbai,West
1682,2025-04-27,Nagpur,Central
1683,2025-05-03,Jaipur,North
1684,2025-11-03,Chandigarh,North
1685,2025-03-03,Mumbai,West
1686,2025-05-17,Chandigarh,North
1687,2025-10-04,Patna,East
1688,2025-02-01,Bangalore,South
1689,2025-03-14,Pune,West
1690,2025-11-02,Ahmedabad,West
1691,2025-08-01,Bangalore,South
1692,2025-08-04,Lucknow,North
1693,2025-07-20,Chennai,South
1694,2025-03-08,Delhi,North
1695,2025-07-16,Hyderabad,South
1696,2025-03-31,Mumbai,West
1697,2025-07-21,Delhi,North
1698,2025-10-06,Hyderabad,South
1699,2025-11-02,Bhopal,Central
1700,2025-02-17,Pune,West
1701,2025-03-12,Nagpur,Central
1702,2025-08-13,Mumbai,West
1703,2025-10-24,Hyderabad,South
1704,2025-06-22,Kolkata,East
1705,2025-10-14,Bangalore,South
1706,2025-11-19,Delhi,North
1707,2025-04-02,Lucknow,North
1708,2025-04-16,Mumbai,West
1709,2025-10-02,Jaipur,North
1710,2025-08-15,Ahmedabad,West
1711,2025-08-26,Mumbai,West
1712,2025-03-10,Bangalore,South
1713,2025-05-11,Pune,West
1714,2025-10-12,Bangalore,South
1715,2025-11-19,Delhi,North
1716,2025-08-28,Indore,Central
1717,2025-04-16,Mumbai,West
1718,2025-07-16,Jaipur,North
1719,2025-11-09,Nagpur,Central
1720,2025-11-01,Delhi,North
1721,2025-02-19,Hyderabad,South
1722,2025-12-11,Hyderabad,South
1723,2025-09-29,Chennai,South
1724,2025-11-23,Mumbai,West
1725,2025-10-27,Pune,West
1726,2025-05-05,Mumbai,West
1727,2025-10-05,Jaipur,North
1728,2025-03-15,Indore,Central
1729,2025-06-23,Indore,Central
1730,2025-06-21,Kolkata,East
1731,2025-10-22,Chennai,South
1732,2025-04-26,Kolkata,East
1733,2025-03-07,Lucknow,North
1734,2025-10-17,Mumbai,West
1735,2025-10-21,Bangalore,South
1736,2025-05-20,Indore,Central
1737,2025-10-14,Bangalore,South
1738,2025-10-15,Mumbai,West
1739,2025-10-28,Mumbai,West
1740,2025-05-30,Delhi,North
1741,2025-05-30,Nagpur,Central
1742,2025-06-23,Kolkata,East
1743,2025-06-29,Lucknow,North
1744,2025-10-31,Mumbai,West
1745,2025-08-18,Mumbai,West
1746,2025-04-12,Hyderabad,South
1747,2025-11-12,Chennai,South
1748,2025-10-16,Chennai,South
1749,2025-08-13,Pune,West
1750,2025-06-11,Chennai,South
1751,2025-10-14,Kolkata,East
1752,2025-09-07,Delhi,North
1753,2025-10-24,Delhi,North
1754,2025-01-22,Bangalore,South
1755,2025-03-17,Nagpur,Central
1756,2025-07-05,Patna,East
1757,2025-05-06,Chandigarh,North
1758,2025-11-06,Bangalore,South
1759,2025-05-16,Delhi,North
1760,2025-10-19,Kolkata,East
1761,2025-09-07,Hyderabad,South
1762,2025-05-13,Indore,Central
1763,2025-07-15,Mumbai,West
1764,2025-05-20,Chennai,South
1765,2025-04-02,Bangalore,South
1766,2025-07-02,Mumbai,West
1767,2025-03-07,Kolkata,East
1768,2025-07-22,Chennai,South
1769,2025-09-10,Chennai,South
1770,2025-03-29,Chennai,South
1771,2025-10-21,Chennai,South
1772,2025-08-08,Pune,West
1773,2025-09-02,Nagpur,Central
1774,2025-08-18,Nagpur,Central
1775,2025-10-04,Pune,West
1776,2025-05-09,Hyderabad,South
1777,2025-11-17,Jaipur,North
1778,2025-02-23,Bangalore,South
1779,2025-11-24,Mumbai,West
1780,2025-08-22,Bhopal,Central
1781,2025-10-08,Mumbai,West
1782,2025-09-26,Bhopal,Central
1783,2025-08-09,Delhi,North
1784,2025-12-26,Pune,West
1785,2025-04-24,Kolkata,East
1786,2025-08-21,Bhopal,Central
1787,2025-08-04,Ahmedabad,West
1788,2025-05-28,Pune,West
1789,2025-04-15,Bangalore,South
1790,2025-06-06,Kolkata,East
1791,2025-03-05,Bangalore,South
1792,2025-07-10,Ahmedabad,West
1793,2025-10-11,Lucknow,North
1794,2025-07-05,Lucknow,North
1795,2025-05-27,Delhi,North
1796,2025-05-03,Delhi,North
1797,2025-05-21,Pune,West
1798,2025-03-04,Hyderabad,South
1799,2025-11-24,Mumbai,West
1800,2025-05-13,Bangalore,South
1801,2025-08-14,Indore,Central
1802,2025-05-05,Pune,West
1803,2025-06-07,Delhi,North
1804,2025-03-22,Mumbai,West
1805,2025-11-09,Bangalore,South
1806,2025-09-30,Jaipur,North
1807,2025-07-27,Kolkata,East
1808,2025-09-17,Hyderabad,South
1809,2025-07-12,Chennai,South
1810,2025-05-02,Hyderabad,South
1811,2025-05-15,Jaipur,North
1812,2025-05-22,Pune,West
1813,2025-04-19,Delhi,North
1814,2025-04-13,Bangalore,South
1815,2025-08-23,Bangalore,South
1816,2025-04-17,Patna,East
1817,2025-03-27,Bangalore,South
1818,2025-05-14,Jaipur,North
1819,2025-11-20,Pune,West
1820,2025-04-20,Bangalore,South
1821,2025-10-08,Hyderabad,South
1822,2025-01-27,Hyderabad,South
1823,2025-11-14,Lucknow,North
1824,2025-11-04,Lucknow,North
1825,2025-08-12,Jaipur,North
1826,2025-11-23,Ahmedabad,West
1827,2025-10-07,Hyderabad,South
1828,2025-07-16,Nagpur,Central
1829,2025-10-19,Jaipur,North
1830,2025-11-01,Chennai,South
1831,2025-07-19,Bhopal,Central
1832,2025-04-25,Pune,West
1833,2025-04-08,Lucknow,North
1834,2025-02-20,Pune,West
1835,2025-10-20,Nagpur,Central
1836,2025-11-26,Kolkata,East
1837,2025-11-07,Delhi,North
1838,2025-08-25,Chennai,South
1839,2025-09-18,Bhopal,Central
1840,2025-07-11,Bangalore,South
1841,2025-02-13,Mumbai,West
1842,2025-06-17,Mumbai,West
1843,2025-10-27,Bangalore,South
1844,2025-06-20,Jaipur,North
1845,2025-01-16,Bhopal,Central
1846,2025-02-20,Hyderabad,South
1847,2025-02-09,Chennai,South
1848,2025-10-19,Hyderabad,South
1849,2025-07-28,Indore,Central
1850,2025-11-07,Lucknow,North
1851,2025-06-19,Bangalore,South
1852,2025-05-16,Nagpur,Central
1853,2025-04-08,Patna,East
1854,2025-05-11,Bhopal,Central
1855,2025-10-21,Chandigarh,North
1856,2025-02-14,Hyderabad,South
1857,2025-08-05,Jaipur,North
1858,2025-10-08,Mumbai,West
1859,2025-10-24,Patna,East
1860,2025-07-28,Lucknow,North
1861,2025-10-07,Jaipur,North
1862,2025-11-02,Kolkata,East
1863,2025-09-07,Delhi,North
1864,2025-10-12,Pune,West
1865,2025-10-24,Indore,Central
1866,2025-08-11,Chandigarh,North
1867,2025-05-16,Hyderabad,South
1868,2025-03-22,Mumbai,West
1869,2025-08-26,Delhi,North
1870,2025-06-02,Pune,West
1871,2025-10-31,Indore,Central
1872,2025-10-27,Bangalore,South
1873,2025-01-30,Jaipur,North
1874,2025-07-08,Nagpur,Central
1875,2025-11-02,Kolkata,East
1876,2025-03-20,Pune,West
1877,2025-04-12,Kolkata,East
1878,2025-03-15,Ahmedabad,West
1879,2025-10-07,Hyderabad,South
1880,2025-11-04,Jaipur,North
1881,2025-12-13,Jaipur,North
1882,2025-10-22,Nagpur,Central
1883,2025-11-15,Pune,West
1884,2025-10-15,Kolkata,East
1885,2025-04-29,Delhi,North
1886,2025-10-04,Chennai,South
1887,2025-06-24,Bangalore,South
1888,2025-06-08,Hyderabad,South
1889,2025-07-13,Jaipur,North
1890,2025-09-28,Bhopal,Central
1891,2025-05-28,Delhi,North
1892,2025-03-07,Mumbai,West
1893,2025-11-10,Patna,East
1894,2025-03-08,Delhi,North
1895,2025-07-11,Lucknow,North
1896,2025-04-04,Kolkata,East
1897,2025-07-19,Lucknow,North
1898,2025-10-02,Chennai,South
1899,2025-07-16,Mumbai,West
1900,2025-03-03,Jaipur,North
1901,2025-03-31,Jaipur,North
1902,2025-11-13,Hyderabad,South
1903,2025-10-23,Ahmedabad,West
1904,2025-10-28,Chennai,South
1905,2025-08-30,Jaipur,North
1906,2025-10-18,Hyderabad,South
1907,2025-02-22,Indore,Central
1908,2025-04-02,Mumbai,West
1909,2025-07-11,Delhi,North
1910,2025-10-08,Mumbai,West
1911,2025-05-30,Hyderabad,South
1912,2025-10-09,Indore,Central
1913,2025-10-08,Nagpur,Central
1914,2025-05-21,Mumbai,West
1915,2025-04-16,Bangalore,South
1916,2025-11-28,Jaipur,North
1917,2025-03-20,Patna,East
1918,2025-10-23,Kolkata,East
1919,2025-09-10,Chennai,South
1920,2025-03-09,Bangalore,South
1921,2025-05-27,Jaipur,North
1922,2025-10-24,Delhi,North
1923,2025-07-25,Ahmedabad,West
1924,2025-08-31,Bangalore,South
1925,2025-04-19,Kolkata,East
1926,2025-05-20,Delhi,North
1927,2025-08-24,Pune,West
1928,2025-10-25,Delhi,North
1929,2025-10-28,Ahmedabad,West
1930,2025-07-20,Delhi,North
1931,2025-11-06,Lucknow,North
1932,2025-04-25,Pune,West
1933,2025-08-12,Jaipur,North
1934,2025-06-26,Kolkata,East
1935,2025-10-16,Kolkata,East
1936,2025-08-16,Bhopal,Central
1937,2025-11-02,Hyderabad,South
1938,2025-06-13,Chandigarh,North
1939,2025-06-04,Delhi,North
1940,2025-05-12,Chennai,South
1941,2025-05-14,Mumbai,West
1942,2025-08-18,Mumbai,West
1943,2025-06-01,Jaipur,North
1944,2025-03-16,Lucknow,North
1945,2025-02-17,Lucknow,North
1946,2025-03-07,Kolkata,East
1947,2025-02-24,Hyderabad,South
1948,2025-10-24,Hyderabad,South
1949,2025-10-20,Chennai,South
1950,2025-05-22,Mumbai,West
1951,2025-10-22,Delhi,North
1952,2025-07-31,Bangalore,South
1953,2025-02-27,Pune,West
1954,2025-02-28,Lucknow,North
1955,2025-11-17,Nagpur,Central
1956,2025-05-05,Chandigarh,North
1957,2025-11-16,Jaipur,North
1958,2025-11-15,Delhi,North
1959,2025-10-01,Kolkata,East
1960,2025-12-20,Kolkata,East
1961,2025-07-27,Delhi,North
1962,2025-07-14,Delhi,North
1963,2025-05-28,Nagpur,Central
1964,2025-11-17,Chennai,South
1965,2025-11-19,Pune,West
1966,2025-11-05,Pune,West
1967,2025-06-15,Chennai,South
1968,2025-07-16,Delhi,North
1969,2025-04-27,Bangalore,South
1970,2025-04-11,Delhi,North
1971,2025-11-27,Delhi,North
1972,2025-11-24,Bhopal,Central
1973,2025-10-21,Delhi,North
1974,2025-08-25,Jaipur,North
1975,2025-06-10,Chennai,South
1976,2025-05-11,Bhopal,Central
1977,2025-07-13,Mumbai,West
1978,2025-04-15,Bangalore,South
1979,2025-03-04,Indore,Central
1980,2025-04-26,Chandigarh,North
1981,2025-05-13,Bangalore,South
1982,2025-05-31,Indore,Central
1983,2025-05-11,Bangalore,South
1984,2025-06-27,Chennai,South
1985,2025-06-11,Chennai,South
1986,2025-05-04,Mumbai,West
1987,2025-10-09,Kolkata,East
1988,2025-02-09,Delhi,North
1989,2025-02-28,Chennai,South
1990,2025-04-23,Kolkata,East
1991,2025-03-28,Ahmedabad,West
1992,2025-05-19,Delhi,North
1993,2025-03-08,Kolkata,East
1994,2025-04-21,Chennai,South
1995,2025-02-23,Jaipur,North
1996,2025-03-10,Kolkata,East
1997,2025-07-16,Patna,East
1998,2025-08-06,Mumbai,West
1999,2025-03-22,Mumbai,West
2000,2025-04-16,Mumbai,West
2001,2025-05-29,Chennai,South
2002,2025-10-10,Bangalore,South
2003,2025-05-17,Indore,Central
2004,2025-10-17,Chennai,South
2005,2025-09-10,Hyderabad,South
2006,2025-02-19,Kolkata,East
2007,2025-05-17,Mumbai,West
2008,2025-10-08,Lucknow,North
2009,2025-11-20,Chennai,South
2010,2025-05-17,Bangalore,South
2011,2025-05-13,Bangalore,South
2012,2025-12-03,Hyderabad,South
2013,2025-07-26,Indore,Central
2014,2025-08-24,Hyderabad,South
2015,2025-07-18,Jaipur,North
2016,2025-08-20,Hyderabad,South
2017,2025-11-25,Mumbai,West
2018,2025-07-22,Patna,East
2019,2025-03-08,Delhi,North
2020,2025-02-02,Lucknow,North
2021,2025-12-06,Nagpur,Central
2022,2025-10-22,Lucknow,North
2023,2025-10-01,Nagpur,Central
2024,2025-07-17,Delhi,North
2025,2025-10-27,Bangalore,South
2026,2025-06-13,Chennai,South
2027,2025-11-24,Ahmedabad,West
2028,2025-08-19,Bhopal,Central
2029,2025-11-25,Bangalore,South
2030,2025-06-17,Jaipur,North
2031,2025-09-08,Hyderabad,South
2032,2025-10-24,Ahmedabad,West
2033,2025-09-04,Bangalore,South
2034,2025-08-17,Chandigarh,North
2035,2025-10-14,Kolkata,East
2036,2025-09-02,Mumbai,West
2037,2025-07-01,Bangalore,South
2038,2025-08-14,Delhi,North
2039,2025-10-16,Hyderabad,South
2040,2025-04-26,Mumbai,West
2041,2025-05-28,Bhopal,Central
2042,2025-03-30,Lucknow,North
2043,2025-06-19,Ahmedabad,West
2044,2025-08-11,Delhi,North
2045,2025-02-22,Patna,East
2046,2025-08-01,Pune,West
2047,2025-04-16,Bangalore,South
2048,2025-08-09,Lucknow,North
2049,2025-06-21,Kolkata,East
2050,2025-07-09,Hyderabad,South
2051,2025-02-02,Delhi,North
2052,2025-05-10,Delhi,North
2053,2025-11-11,Bangalore,South
2054,2025-08-09,Chandigarh,North
2055,2025-10-22,Bhopal,Central
2056,2025-07-23,Ahmedabad,West
2057,2025-10-28,Delhi,North
2058,2025-05-18,Hyderabad,South
2059,2025-10-25,Kolkata,East
2060,2025-07-03,Lucknow,North
2061,2025-04-21,Hyderabad,South
2062,2025-06-24,Jaipur,North
2063,2025-11-19,Nagpur,Central
2064,2025-07-26,Mumbai,West
2065,2025-08-24,Mumbai,West
2066,2025-07-08,Lucknow,North
2067,2025-07-07,Chennai,South
2068,2025-10-03,Hyderabad,South
2069,2025-11-17,Delhi,North
2070,2025-07-15,Delhi,North
2071,2025-03-11,Kolkata,East
2072,2025-10-20,Jaipur,North
2073,2025-08-24,Mumbai,West
2074,2025-11-16,Patna,East
2075,2025-10-16,Bhopal,Central
2076,2025-09-14,Nagpur,Central
2077,2025-02-06,Chennai,South
2078,2025-08-06,Hyderabad,South
2079,2025-07-25,Bhopal,Central
2080,2025-04-19,Kolkata,East
2081,2025-06-06,Mumbai,West
2082,2025-07-13,Mumbai,West
2083,2025-04-10,Hyderabad,South
2084,2025-09-29,Indore,Central
2085,2025-08-09,Jaipur,North
2086,2025-06-01,Bangalore,South
2087,2025-09-13,Hyderabad,South
2088,2025-05-16,Jaipur,North
2089,2025-06-29,Patna,East
2090,2025-03-09,Hyderabad,South
2091,2025-09-02,Pune,West
2092,2025-01-23,Chandigarh,North
2093,2025-08-17,Chennai,South
2094,2025-04-21,Ahmedabad,West
2095,2025-05-23,Bangalore,South
2096,2025-10-07,Kolkata,East
2097,2025-03-04,Jaipur,North
2098,2025-08-09,Pune,West
2099,2025-10-11,Lucknow,North
2100,2025-06-21,Chennai,South
2101,2025-10-27,Nagpur,Central
2102,2025-08-26,Kolkata,East
2103,2025-10-05,Bangalore,South
2104,2025-10-06,Kolkata,East
2105,2025-03-30,Kolkata,East
2106,2025-08-27,Mumbai,West
2107,2025-10-26,Indore,Central
2108,2025-03-17,Patna,East
2109,2025-04-23,Hyderabad,South
2110,2025-05-29,Bhopal,Central
2111,2025-11-01,Bangalore,South
2112,2025-03-26,Chennai,South
2113,2025-05-22,Bangalore,South
2114,2025-05-13,Indore,Central
2115,2025-03-17,Ahmedabad,West
2116,2025-08-10,Chennai,South
2117,2025-03-20,Chennai,South
2118,2025-10-26,Lucknow,North
2119,2025-11-04,Chennai,South
2120,2025-06-19,Patna,East
2121,2025-03-29,Patna,East
2122,2025-05-21,Pune,West
2123,2025-06-25,Indore,Central
2124,2025-06-26,Bangalore,South
2125,2025-03-07,Nagpur,Central
2126,2025-03-08,Kolkata,East
2127,2025-05-28,Lucknow,North
2128,2025-10-07,Delhi,North
2129,2025-04-05,Chandigarh,North
2130,2025-03-10,Chennai,South
2131,2025-11-09,Delhi,North
2132,2025-07-23,Bangalore,South
2133,2025-08-12,Kolkata,East
2134,2025-10-23,Jaipur,North
2135,2025-02-03,Ahmedabad,West
2136,2025-04-20,Nagpur,Central
2137,2025-11-24,Chennai,South
2138,2025-11-21,Jaipur,North
2139,2025-11-08,Chennai,South
2140,2025-07-10,Bhopal,Central
2141,2025-05-07,Chandigarh,North
2142,2025-09-13,Kolkata,East
2143,2025-10-20,Kolkata,East
2144,2025-10-04,Hyderabad,South
2145,2025-06-21,Chennai,South
2146,2025-06-27,Bhopal,Central
2147,2025-06-24,Hyderabad,South
2148,2025-05-22,Mumbai,West
2149,2025-06-27,Bangalore,South
2150,2025-05-16,Bhopal,Central
2151,2025-10-12,Mumbai,West
2152,2025-06-08,Hyderabad,South
2153,2025-05-31,Kolkata,East
2154,2025-10-13,Bhopal,Central
2155,2025-11-03,Mumbai,West
2156,2025-03-12,Chennai,South
2157,2025-03-10,Hyderabad,South
2158,2025-10-25,Bangalore,South
2159,2025-02-09,Chennai,South
2160,2025-07-13,Kolkata,East
2161,2025-06-24,Ahmedabad,West
2162,2025-07-03,Pune,West
2163,2025-06-13,Chennai,South
2164,2025-10-16,Nagpur,Central
2165,2025-08-15,Delhi,North
2166,2025-05-25,Chandigarh,North
2167,2025-07-25,Kolkata,East
2168,2025-01-30,Hyderabad,South
2169,2025-10-17,Ahmedabad,West
2170,2025-02-16,Delhi,North
2171,2025-06-12,Pune,West
2172,2025-06-25,Chennai,South
2173,2025-11-18,Mumbai,West
2174,2025-11-25,Indore,Central
2175,2025-11-08,Mumbai,West
2176,2025-07-19,Nagpur,Central
2177,2025-06-02,Bangalore,South
2178,2025-02-13,Lucknow,North
2179,2025-08-06,Ahmedabad,West
2180,2025-10-07,Lucknow,North
2181,2025-04-15,Delhi,North
2182,2025-07-02,Hyderabad,South
2183,2025-05-04,Chennai,South
2184,2025-11-15,Chennai,South
2185,2025-08-31,Lucknow,North
2186,2025-10-17,Patna,East
2187,2025-07-10,Indore,Central
2188,2025-01-31,Kolkata,East
2189,2025-04-11,Ahmedabad,West
2190,2025-03-12,Kolkata,East
2191,2025-11-13,Bangalore,South
2192,2025-10-23,Nagpur,Central
2193,2025-04-07,Kolkata,East
2194,2025-07-27,Lucknow,North
2195,2025-03-01,Bangalore,South
2196,2025-11-25,Delhi,North
2197,2025-04-29,Hyderabad,South
2198,2025-08-01,Chandigarh,North
2199,2025-02-18,Jaipur,North
2200,2025-01-14,Chennai,South
2201,2025-08-05,Bhopal,Central
2202,2025-05-09,Bangalore,South
2203,2025-08-19,Chennai,South
2204,2025-07-18,Hyderabad,South
2205,2025-08-21,Ahmedabad,West
2206,2025-08-19,Indore,Central
2207,2025-05-26,Bangalore,South
2208,2025-11-05,Chandigarh,North
2209,2025-07-12,Bangalore,South
2210,2025-10-09,Indore,Central
2211,2025-03-02,Jaipur,North
2212,2025-04-03,Bhopal,Central
2213,2025-05-19,Delhi,North
2214,2025-07-03,Nagpur,Central
2215,2025-10-25,Jaipur,North
2216,2025-04-20,Hyderabad,South
2217,2025-07-10,Bhopal,Central
2218,2025-05-11,Chennai,South
2219,2025-06-01,Bhopal,Central
2220,2025-10-07,Bangalore,South
2221,2025-10-10,Pune,West
2222,2025-09-10,Kolkata,East
2223,2025-09-14,Chennai,South
2224,2025-03-14,Hyderabad,South
2225,2025-04-28,Hyderabad,South
2226,2025-07-14,Bangalore,South
2227,2025-10-18,Delhi,North
2228,2025-12-07,Jaipur,North
2229,2025-10-24,Mumbai,West
2230,2025-11-01,Bangalore,South
2231,2025-01-29,Pune,West
2232,2025-10-10,Bangalore,South
2233,2025-08-30,Nagpur,Central
2234,2025-07-12,Bhopal,Central
2235,2025-10-05,Lucknow,North
2236,2025-02-10,Ahmedabad,West
2237,2025-06-27,Indore,Central
2238,2025-05-01,Chennai,South
2239,2025-03-30,Bangalore,South
2240,2025-01-17,Chennai,South
2241,2025-03-23,Jaipur,North
2242,2025-10-04,Delhi,North
2243,2025-06-21,Pune,West
2244,2025-06-08,Chandigarh,North
2245,2025-11-27,Chandigarh,North
2246,2025-11-14,Ahmedabad,West
2247,2025-03-16,Delhi,North
2248,2025-10-23,Patna,East
2249,2025-07-12,Kolkata,East
2250,2025-06-07,Delhi,North
2251,2025-10-13,Delhi,North
2252,2025-08-21,Patna,East
2253,2025-03-01,Pune,West
2254,2025-03-20,Nagpur,Central
2255,2025-04-10,Bhopal,Central
2256,2025-06-10,Lucknow,North
2257,2025-03-14,Pune,West
2258,2025-02-28,Delhi,North
2259,2025-06-23,Mumbai,West
2260,2025-05-18,Chennai,South
2261,2025-10-01,Ahmedabad,West
2262,2025-02-15,Lucknow,North
2263,2025-11-08,Nagpur,Central
2264,2025-10-25,Hyderabad,South
2265,2025-11-19,Ahmedabad,West
2266,2025-11-17,Jaipur,North
2267,2025-04-18,Jaipur,North
2268,2025-10-25,Jaipur,North
2269,2025-04-09,Mumbai,West
2270,2025-06-17,Pune,West
2271,2025-07-19,Chennai,South
2272,2025-08-25,Delhi,North
2273,2025-02-04,Chennai,South
2274,2025-03-26,Pune,West
2275,2025-02-06,Indore,Central
2276,2025-10-27,Lucknow,North
2277,2025-12-18,Ahmedabad,West
2278,2025-10-22,Pune,West
2279,2025-05-19,Lucknow,North
2280,2025-11-20,Hyderabad,South
2281,2025-11-24,Delhi,North
2282,2025-11-20,Bangalore,South
2283,2025-10-04,Mumbai,West
2284,2025-03-09,Mumbai,West
2285,2025-05-25,Bangalore,South
2286,2025-02-22,Chennai,South
2287,2025-10-27,Chandigarh,North
2288,2025-01-27,Mumbai,West
2289,2025-03-10,Bangalore,South
2290,2025-04-17,Bangalore,South
2291,2025-10-13,Lucknow,North
2292,2025-06-17,Chennai,South
2293,2025-05-01,Chennai,South
2294,2025-04-13,Lucknow,North
2295,2025-11-06,Delhi,North
2296,2025-03-29,Chennai,South
2297,2025-01-17,Hyderabad,South
2298,2025-08-26,Bangalore,South
2299,2025-05-07,Delhi,North
2300,2025-04-23,Mumbai,West
2301,2025-04-08,Bhopal,Central
2302,2025-06-15,Ahmedabad,West
2303,2025-08-15,Lucknow,North
2304,2025-09-08,Bangalore,South
2305,2025-07-08,Indore,Central
2306,2025-09-17,Mumbai,West
2307,2025-11-08,Bangalore,South
2308,2025-01-14,Jaipur,North
2309,2025-11-04,Chennai,South
2310,2025-05-04,Delhi,North
2311,2025-08-30,Ahmedabad,West
2312,2025-02-15,Chandigarh,North
2313,2025-06-16,Hyderabad,South
2314,2025-11-05,Lucknow,North
2315,2025-06-05,Chandigarh,North
2316,2025-07-04,Bangalore,South
2317,2025-08-11,Mumbai,West
2318,2025-10-12,Hyderabad,South
2319,2025-10-24,Mumbai,West
2320,2025-05-05,Delhi,North
2321,2025-10-27,Indore,Central
2322,2025-06-24,Lucknow,North
2323,2025-02-07,Jaipur,North
2324,2025-04-25,Delhi,North
2325,2025-06-19,Patna,East
2326,2025-09-15,Bhopal,Central
2327,2025-10-30,Nagpur,Central
2328,2025-11-01,Delhi,North
2329,2025-04-06,Lucknow,North
2330,2025-03-29,Bangalore,South
2331,2025-06-19,Bangalore,South
2332,2025-10-07,Bangalore,South
2333,2025-04-10,Kolkata,East
2334,2025-02-21,Kolkata,East
2335,2025-07-15,Mumbai,West
2336,2025-04-10,Bangalore,South
2337,2025-07-15,Bangalore,South
2338,2025-06-30,Delhi,North
2339,2025-11-13,Mumbai,West
2340,2025-10-15,Mumbai,West
2341,2025-10-22,Lucknow,North
2342,2025-10-01,Bangalore,South
2343,2025-10-22,Delhi,North
2344,2025-08-21,Hyderabad,South
2345,2025-03-13,Chandigarh,North
2346,2025-10-30,Jaipur,North
2347,2025-02-15,Pune,West
2348,2025-02-20,Bangalore,South
2349,2025-05-03,Jaipur,North
2350,2025-09-10,Chennai,South
2351,2025-05-08,Ahmedabad,West
2352,2025-07-06,Indore,Central
2353,2025-11-03,Ahmedabad,West
2354,2025-11-25,Nagpur,Central
2355,2025-04-26,Ahmedabad,West
2356,2025-07-27,Hyderabad,South
2357,2025-05-29,Chandigarh,North
2358,2025-06-13,Bangalore,South
2359,2025-11-02,Lucknow,North
2360,2025-11-10,Chennai,South
2361,2025-04-05,Hyderabad,South
2362,2025-08-01,Chennai,South
2363,2025-11-10,Delhi,North
2364,2025-08-20,Delhi,North
2365,2025-08-25,Kolkata,East
2366,2025-02-03,Mumbai,West
2367,2025-04-29,Chennai,South
2368,2025-11-18,Lucknow,North
2369,2025-10-15,Chennai,South
2370,2025-10-06,Jaipur,North
2371,2025-05-07,Pune,West
2372,2025-01-25,Chandigarh,North
2373,2025-08-07,Pune,West
2374,2025-10-21,Mumbai,West
2375,2025-11-27,Kolkata,East
2376,2025-08-27,Chennai,South
2377,2025-10-15,Delhi,North
2378,2025-10-09,Kolkata,East
2379,2025-06-28,Chennai,South
2380,2025-05-11,Ahmedabad,West
2381,2025-11-24,Indore,Central
2382,2025-03-13,Bhopal,Central
2383,2025-03-20,Chandigarh,North
2384,2025-03-28,Hyderabad,South
2385,2025-04-06,Mumbai,West
2386,2025-10-27,Ahmedabad,West
2387,2025-05-02,Chennai,South
2388,2025-04-24,Lucknow,North
2389,2025-08-23,Pune,West
2390,2025-03-12,Kolkata,East
2391,2025-10-18,Hyderabad,South
2392,2025-04-01,Mumbai,West
2393,2025-07-21,Hyderabad,South
2394,2025-10-19,Delhi,North
2395,2025-06-24,Chandigarh,North
2396,2025-01-26,Hyderabad,South
2397,2025-11-13,Hyderabad,South
2398,2025-07-29,Chennai,South
2399,2025-01-30,Pune,West
2400,2025-01-26,Kolkata,East
2401,2025-09-19,Hyderabad,South
2402,2025-06-24,Bangalore,South
2403,2025-02-11,Mumbai,West
2404,2025-04-07,Hyderabad,South
2405,2025-05-16,Jaipur,North
2406,2025-06-29,Pune,West
2407,2025-10-12,Delhi,North
2408,2025-07-20,Chennai,South
2409,2025-07-07,Patna,East
2410,2025-10-06,Mumbai,West
2411,2025-04-29,Lucknow,North
2412,2025-04-20,Bangalore,South
2413,2025-07-10,Mumbai,West
2414,2025-11-22,Chennai,South
2415,2025-05-08,Pune,West
2416,2025-04-29,Patna,East
2417,2025-05-31,Hyderabad,South
2418,2025-06-23,Mumbai,West
2419,2025-08-11,Bangalore,South
2420,2025-11-13,Hyderabad,South
2421,2025-12-01,Delhi,North
2422,2025-05-31,Delhi,North
2423,2025-04-22,Lucknow,North
2424,2025-02-08,Bangalore,South
2425,2025-10-11,Hyderabad,South
2426,2025-06-28,Nagpur,Central
2427,2025-10-06,Hyderabad,South
2428,2025-05-29,Nagpur,Central
2429,2025-05-11,Mumbai,West
2430,2025-05-10,Chandigarh,North
2431,2025-11-02,Ahmedabad,West
2432,2025-08-08,Bhopal,Central
2433,2025-08-04,Patna,East
2434,2025-04-27,Delhi,North
2435,2025-09-03,Chandigarh,North
2436,2025-03-09,Hyderabad,South
2437,2025-09-04,Chennai,South
2438,2025-04-26,Delhi,North
2439,2025-10-28,Ahmedabad,West
2440,2025-04-05,Mumbai,West
2441,2025-10-22,Pune,West
2442,2025-07-04,Jaipur,North
2443,2025-07-13,Lucknow,North
2444,2025-02-25,Chandigarh,North
2445,2025-03-23,Hyderabad,South
2446,2025-06-21,Chennai,South
2447,2025-07-19,Hyderabad,South
2448,2025-06-17,Delhi,North
2449,2025-02-25,Delhi,North
2450,2025-03-02,Hyderabad,South
2451,2025-06-20,Bangalore,South
2452,2025-12-20,Indore,Central
2453,2025-03-04,Jaipur,North
2454,2025-10-10,Delhi,North
2455,2025-04-30,Pune,West
2456,2025-09-13,Mumbai,West
2457,2025-08-15,Hyderabad,South
2458,2025-06-13,Kolkata,East
2459,2025-08-05,Mumbai,West
2460,2025-11-03,Delhi,North
2461,2025-09-23,Indore,Central
2462,2025-11-15,Patna,East
2463,2025-06-19,Pune,West
2464,2025-10-01,Kolkata,East
2465,2025-07-09,Pune,West
2466,2025-03-03,Hyderabad,South
2467,2025-12-06,Chennai,South
2468,2025-10-24,Mumbai,West
2469,2025-09-25,Delhi,North
2470,2025-07-26,Pune,West
2471,2025-05-07,Hyderabad,South
2472,2025-02-15,Nagpur,Central
2473,2025-05-12,Indore,Central
2474,2025-11-17,Kolkata,East
2475,2025-04-17,Ahmedabad,West
2476,2025-05-23,Patna,East
2477,2025-02-10,Delhi,North
2478,2025-10-16,Kolkata,East
2479,2025-10-08,Bangalore,South
2480,2025-11-22,Ahmedabad,West
2481,2025-04-08,Chennai,South
2482,2025-02-17,Bhopal,Central
2483,2025-10-12,Chandigarh,North
2484,2025-11-01,Chennai,South
2485,2025-05-15,Bangalore,South
2486,2025-05-22,Indore,Central
2487,2025-05-25,Bangalore,South
2488,2025-10-06,Indore,Central
2489,2025-04-06,Kolkata,East
2490,2025-08-13,Delhi,North
2491,2025-03-18,Hyderabad,South
2492,2025-10-06,Bangalore,South
2493,2025-01-29,Jaipur,North
2494,2025-04-13,Mumbai,West
2495,2025-07-03,Kolkata,East
2496,2025-05-09,Chennai,South
2497,2025-12-08,Ahmedabad,West
2498,2025-06-13,Nagpur,Central
2499,2025-05-11,Chandigarh,North
2500,2025-07-16,Hyderabad,South
2501,2025-06-08,Patna,East
2502,2025-11-27,Jaipur,North
2503,2025-04-27,Lucknow,North
2504,2025-07-27,Chandigarh,North
2505,2025-06-28,Bangalore,South
2506,2025-02-23,Hyderabad,South
2507,2025-11-26,Nagpur,Central
2508,2025-04-10,Delhi,North
2509,2025-05-24,Bhopal,Central
2510,2025-05-13,Nagpur,Central
2511,2025-10-11,Delhi,North
2512,2025-08-05,Chandigarh,North
2513,2025-09-08,Hyderabad,South
2514,2025-09-24,Ahmedabad,West
2515,2025-03-09,Ahmedabad,West
2516,2025-11-24,Bhopal,Central
2517,2025-03-23,Delhi,North
2518,2025-03-31,Hyderabad,South
2519,2025-05-17,Pune,West
2520,2025-05-16,Kolkata,East
2521,2025-10-13,Lucknow,North
2522,2025-03-13,Hyderabad,South
2523,2025-08-29,Chennai,South
2524,2025-07-07,Chennai,South
2525,2025-10-05,Indore,Central
2526,2025-06-17,Hyderabad,South
2527,2025-04-20,Delhi,North
2528,2025-10-18,Bhopal,Central
2529,2025-03-17,Delhi,North
2530,2025-03-18,Bhopal,Central
2531,2025-11-17,Pune,West
2532,2025-05-08,Nagpur,Central
2533,2025-07-25,Bangalore,South
2534,2025-08-11,Mumbai,West
2535,2025-06-01,Kolkata,East
2536,2025-02-26,Indore,Central
2537,2025-09-08,Pune,West
2538,2025-07-06,Bangalore,South
2539,2025-02-19,Lucknow,North
2540,2025-05-14,Kolkata,East
2541,2025-11-21,Kolkata,East
2542,2025-09-06,Pune,West
2543,2025-11-07,Patna,East
2544,2025-06-06,Ahmedabad,West
2545,2025-10-10,Chennai,South
2546,2025-10-16,Chennai,South
2547,2025-07-07,Delhi,North
2548,2025-10-17,Hyderabad,South
2549,2025-09-26,Delhi,North
2550,2025-06-27,Bangalore,South
2551,2025-12-27,Bangalore,South
2552,2025-02-07,Mumbai,West
2553,2025-11-07,Indore,Central
2554,2025-04-26,Indore,Central
2555,2025-11-15,Mumbai,West
2556,2025-11-07,Nagpur,Central
2557,2025-10-12,Ahmedabad,West
2558,2025-03-29,Chennai,South
2559,2025-03-14,Delhi,North
2560,2025-06-19,Lucknow,North
2561,2025-08-07,Ahmedabad,West
2562,2025-03-27,Kolkata,East
2563,2025-11-15,Bangalore,South
2564,2025-08-24,Bangalore,South
2565,2025-11-28,Hyderabad,South
2566,2025-10-10,Hyderabad,South
2567,2025-10-15,Chennai,South
2568,2025-11-20,Bangalore,South
2569,2025-11-06,Bhopal,Central
2570,2025-05-15,Bhopal,Central
2571,2025-05-12,Bangalore,South
2572,2025-11-05,Chandigarh,North
2573,2025-11-18,Hyderabad,South
2574,2025-10-25,Hyderabad,South
2575,2025-06-10,Mumbai,West
2576,2025-08-02,Lucknow,North
2577,2025-11-13,Bhopal,Central
2578,2025-10-11,Ahmedabad,West
2579,2025-06-04,Bangalore,South
2580,2025-07-01,Jaipur,North
2581,2025-02-04,Hyderabad,South
2582,2025-11-19,Patna,East
2583,2025-04-05,Kolkata,East
2584,2025-08-18,Delhi,North
2585,2025-06-24,Ahmedabad,West
2586,2025-06-06,Pune,West
2587,2025-08-16,Bangalore,South
2588,2025-06-04,Kolkata,East
2589,2025-05-22,Chennai,South
2590,2025-03-27,Kolkata,East
2591,2025-11-17,Nagpur,Central
2592,2025-06-22,Bhopal,Central
2593,2025-06-04,Ahmedabad,West
2594,2025-05-15,Ahmedabad,West
2595,2025-02-16,Bangalore,South
2596,2025-09-24,Ahmedabad,West
2597,2025-05-13,Hyderabad,South
2598,2025-04-14,Chennai,South
2599,2025-07-03,Delhi,North
2600,2025-08-02,Hyderabad,South
2601,2025-08-18,Kolkata,East
2602,2025-07-08,Bangalore,South
2603,2025-10-10,Jaipur,North
2604,2025-05-18,Hyderabad,South
2605,2025-04-01,Hyderabad,South
2606,2025-05-16,Lucknow,North
2607,2025-04-16,Delhi,North
2608,2025-05-28,Bangalore,South
2609,2025-06-17,Ahmedabad,West
2610,2025-10-02,Delhi,North
2611,2025-11-12,Chandigarh,North
2612,2025-11-05,Hyderabad,South
2613,2025-03-03,Delhi,North
2614,2025-04-29,Kolkata,East
2615,2025-10-05,Mumbai,West
2616,2025-06-09,Chennai,South
2617,2025-04-19,Mumbai,West
2618,2025-08-02,Mumbai,West
2619,2025-11-28,Patna,East
2620,2025-06-08,Mumbai,West
2621,2025-04-15,Lucknow,North
2622,2025-10-07,Indore,Central
2623,2025-05-06,Delhi,North
2624,2025-10-13,Patna,East
2625,2025-04-16,Delhi,North
2626,2025-06-04,Patna,East
2627,2025-08-14,Delhi,North
2628,2025-03-29,Kolkata,East
2629,2025-07-15,Hyderabad,South
2630,2025-10-01,Bangalore,South
2631,2025-04-18,Pune,West
2632,2025-03-25,Kolkata,East
2633,2025-09-12,Chennai,South
2634,2025-05-18,Hyderabad,South
2635,2025-03-25,Lucknow,North
2636,2025-10-14,Pune,West
2637,2025-03-15,Patna,East
2638,2025-07-06,Kolkata,East
2639,2025-07-25,Chandigarh,North
2640,2025-02-17,Lucknow,North
2641,2025-03-30,Mumbai,West
2642,2025-10-05,Mumbai,West
2643,2025-08-24,Kolkata,East
2644,2025-05-27,Jaipur,North
2645,2025-07-28,Chennai,South
2646,2025-11-10,Bangalore,South
2647,2025-01-17,Patna,East
2648,2025-10-19,Kolkata,East
2649,2025-03-18,Hyderabad,South
2650,2025-08-05,Delhi,North
2651,2025-10-24,Mumbai,West
2652,2025-10-05,Mumbai,West
2653,2025-09-15,Chennai,South
2654,2025-10-21,Delhi,North
2655,2025-07-07,Ahmedabad,West
2656,2025-11-24,Delhi,North
2657,2025-10-17,Chandigarh,North
2658,2025-08-27,Chandigarh,North
2659,2025-09-23,Bangalore,South
2660,2025-11-12,Jaipur,North
2661,2025-10-25,Bangalore,South
2662,2025-05-01,Nagpur,Central
2663,2025-08-03,Mumbai,West
2664,2025-11-06,Jaipur,North
2665,2025-05-14,Lucknow,North
2666,2025-03-06,Hyderabad,South
2667,2025-08-03,Chennai,South
2668,2025-08-11,Ahmedabad,West
2669,2025-10-11,Ahmedabad,West
2670,2025-08-14,Bangalore,South
2671,2025-05-17,Pune,West
2672,2025-03-13,Mumbai,West
2673,2025-02-16,Pune,West
2674,2025-07-26,Hyderabad,South
2675,2025-05-15,Nagpur,Central
2676,2025-09-06,Hyderabad,South
2677,2025-07-29,Chennai,South
2678,2025-04-12,Hyderabad,South
2679,2025-10-25,Mumbai,West
2680,2025-08-20,Pune,West
2681,2025-07-16,Delhi,North
2682,2025-07-17,Patna,East
2683,2025-10-31,Hyderabad,South
2684,2025-07-01,Hyderabad,South
2685,2025-05-13,Bangalore,South
2686,2025-05-20,Chennai,South
2687,2025-11-04,Mumbai,West
2688,2025-07-04,Chennai,South
2689,2025-11-22,Mumbai,West
2690,2025-02-25,Delhi,North
2691,2025-02-05,Ahmedabad,West
2692,2025-04-18,Kolkata,East
2693,2025-04-03,Hyderabad,South
2694,2025-09-04,Bangalore,South
2695,2025-03-27,Patna,East
2696,2025-10-11,Pune,West
2697,2025-10-19,Jaipur,North
2698,2025-06-01,Chennai,South
2699,2025-03-26,Kolkata,East
2700,2025-01-22,Pune,West
2701,2025-06-21,Ahmedabad,West
2702,2025-10-24,Bhopal,Central
2703,2025-08-25,Mumbai,West
2704,2025-10-12,Delhi,North
2705,2025-08-14,Kolkata,East
2706,2025-11-08,Indore,Central
2707,2025-03-16,Hyderabad,South
2708,2025-10-11,Mumbai,West
2709,2025-08-06,Bangalore,South
2710,2025-08-07,Delhi,North
2711,2025-06-27,Kolkata,East
2712,2025-04-06,Ahmedabad,West
2713,2025-03-22,Chennai,South
2714,2025-04-12,Hyderabad,South
2715,2025-07-04,Chennai,South
2716,2025-07-13,Bangalore,South
2717,2025-09-30,Lucknow,North
2718,2025-07-12,Indore,Central
2719,2025-10-02,Patna,East
2720,2025-04-22,Chennai,South
2721,2025-06-14,Bhopal,Central
2722,2025-11-25,Pune,West
2723,2025-02-28,Pune,West
2724,2025-04-08,Hyderabad,South
2725,2025-10-22,Delhi,North
2726,2025-07-21,Mumbai,West
2727,2025-09-24,Bangalore,South
2728,2025-04-22,Chennai,South
2729,2025-02-27,Chennai,South
2730,2025-05-03,Chennai,South
2731,2025-10-22,Lucknow,North
2732,2025-11-02,Bangalore,South
2733,2025-11-20,Mumbai,West
2734,2025-09-29,Bhopal,Central
2735,2025-08-25,Nagpur,Central
2736,2025-06-27,Lucknow,North
2737,2025-10-15,Indore,Central
2738,2025-10-11,Jaipur,North
2739,2025-01-24,Chandigarh,North
2740,2025-05-02,Hyderabad,South
2741,2025-06-05,Hyderabad,South
2742,2025-03-01,Delhi,North
2743,2025-04-29,Chennai,South
2744,2025-11-23,Hyderabad,South
2745,2025-03-30,Pune,West
2746,2025-10-12,Kolkata,East
2747,2025-10-09,Jaipur,North
2748,2025-05-21,Delhi,North
2749,2025-05-24,Patna,East
2750,2025-07-28,Pune,West
2751,2025-10-05,Bangalore,South
2752,2025-05-03,Ahmedabad,West
2753,2025-06-12,Hyderabad,South
2754,2025-01-25,Delhi,North
2755,2025-05-14,Nagpur,Central
2756,2025-07-06,Bangalore,South
2757,2025-10-09,Bangalore,South
2758,2025-04-25,Patna,East
2759,2025-07-01,Pune,West
2760,2025-09-14,Mumbai,West
2761,2025-06-04,Bangalore,South
2762,2025-05-22,Hyderabad,South
2763,2025-03-24,Jaipur,North
2764,2025-06-02,Bangalore,South
2765,2025-07-04,Mumbai,West
2766,2025-05-28,Indore,Central
2767,2025-02-02,Pune,West
2768,2025-05-28,Delhi,North
2769,2025-03-17,Lucknow,North
2770,2025-01-13,Lucknow,North
2771,2025-03-25,Chennai,South
2772,2025-07-31,Chennai,South
2773,2025-03-23,Chandigarh,North
2774,2025-07-03,Hyderabad,South
2775,2025-05-22,Pune,West
2776,2025-05-31,Mumbai,West
2777,2025-04-19,Mumbai,West
2778,2025-09-17,Bangalore,South
2779,2025-10-09,Chennai,South
2780,2025-06-06,Mumbai,West
2781,2025-06-25,Chennai,South
2782,2025-03-05,Chandigarh,North
2783,2025-11-04,Bhopal,Central
2784,2025-05-24,Lucknow,North
2785,2025-03-21,Patna,East
2786,2025-10-22,Bangalore,South
2787,2025-06-15,Nagpur,Central
2788,2025-07-05,Hyderabad,South
2789,2025-05-25,Patna,East
2790,2025-07-24,Chandigarh,North
2791,2025-10-21,Ahmedabad,West
2792,2025-07-26,Chandigarh,North
2793,2025-03-31,Kolkata,East
2794,2025-09-09,Delhi,North
2795,2025-05-22,Hyderabad,South
2796,2025-07-31,Ahmedabad,West
2797,2025-11-07,Delhi,North
2798,2025-04-05,Jaipur,North
2799,2025-09-28,Bhopal,Central
2800,2025-05-29,Bangalore,South
2801,2025-10-01,Lucknow,North
2802,2025-07-25,Indore,Central
2803,2025-08-13,Patna,East
2804,2025-11-03,Indore,Central
2805,2025-05-15,Lucknow,North
2806,2025-11-02,Bhopal,Central
2807,2025-06-06,Lucknow,North
2808,2025-09-18,Bangalore,South
2809,2025-10-04,Hyderabad,South
2810,2025-07-17,Pune,West
2811,2025-02-04,Bangalore,South
2812,2025-11-01,Jaipur,North
2813,2025-08-06,Ahmedabad,West
2814,2025-05-03,Hyderabad,South
2815,2025-10-20,Kolkata,East
2816,2025-06-24,Kolkata,East
2817,2025-10-25,Delhi,North
2818,2025-11-13,Hyderabad,South
2819,2025-10-02,Mumbai,West
2820,2025-10-15,Delhi,North
2821,2025-11-22,Bhopal,Central
2822,2025-09-22,Mumbai,West
2823,2025-08-22,Lucknow,North
2824,2025-04-18,Bangalore,South
2825,2025-06-22,Chennai,South
2826,2025-09-28,Nagpur,Central
2827,2025-08-10,Jaipur,North
2828,2025-06-13,Hyderabad,South
2829,2025-05-12,Bangalore,South
2830,2025-11-11,Hyderabad,South
2831,2025-10-18,Chennai,South
2832,2025-10-15,Ahmedabad,West
2833,2025-09-12,Bangalore,South
2834,2025-02-18,Bangalore,South
2835,2025-07-25,Chennai,South
2836,2025-02-12,Indore,Central
2837,2025-11-06,Nagpur,Central
2838,2025-11-01,Bangalore,South
2839,2025-04-02,Ahmedabad,West
2840,2025-10-07,Hyderabad,South
2841,2025-08-26,Bangalore,South
2842,2025-11-28,Jaipur,North
2843,2025-11-05,Nagpur,Central
2844,2025-11-13,Chandigarh,North
2845,2025-10-23,Ahmedabad,West
2846,2025-03-03,Bangalore,South
2847,2025-03-23,Lucknow,North
2848,2025-01-14,Bangalore,South
2849,2025-06-10,Lucknow,North
2850,2025-02-20,Bangalore,South
2851,2025-08-14,Pune,West
2852,2025-06-12,Chennai,South
2853,2025-10-23,Delhi,North
2854,2025-06-20,Chandigarh,North
2855,2025-04-17,Chennai,South
2856,2025-11-27,Ahmedabad,West
2857,2025-10-08,Chennai,South
2858,2025-05-14,Mumbai,West
2859,2025-11-07,Hyderabad,South
2860,2025-06-28,Delhi,North
2861,2025-04-22,Nagpur,Central
2862,2025-10-04,Bangalore,South
2863,2025-08-12,Patna,East
2864,2025-07-30,Lucknow,North
2865,2025-10-02,Hyderabad,South
2866,2025-01-29,Ahmedabad,West
2867,2025-10-24,Jaipur,North
2868,2025-08-29,Ahmedabad,West
2869,2025-11-02,Bangalore,South
2870,2025-07-07,Delhi,North
2871,2025-07-29,Nagpur,Central
2872,2025-10-18,Nagpur,Central
2873,2025-07-17,Patna,East
2874,2025-10-15,Hyderabad,South
2875,2025-05-18,Kolkata,East
2876,2025-03-03,Hyderabad,South
2877,2025-02-26,Chennai,South
2878,2025-05-02,Hyderabad,South
2879,2025-10-05,Kolkata,East
2880,2025-11-17,Chennai,South
2881,2025-07-02,Hyderabad,South
2882,2025-07-06,Chandigarh,North
2883,2025-09-10,Mumbai,West
2884,2025-06-28,Bangalore,South
2885,2025-12-15,Chennai,South
2886,2025-06-25,Chandigarh,North
2887,2025-10-08,Pune,West
2888,2025-10-29,Mumbai,West
2889,2025-07-20,Indore,Central
2890,2025-06-02,Bhopal,Central
2891,2025-04-29,Delhi,North
2892,2025-05-24,Kolkata,East
2893,2025-11-13,Pune,West
2894,2025-08-05,Kolkata,East
2895,2025-04-26,Hyderabad,South
2896,2025-04-17,Bhopal,Central
2897,2025-02-27,Lucknow,North
2898,2025-09-22,Mumbai,West
2899,2025-06-21,Mumbai,West
2900,2025-02-01,Mumbai,West
2901,2025-05-18,Bangalore,South
2902,2025-04-06,Ahmedabad,West
2903,2025-07-10,Chennai,South
2904,2025-01-01,Chennai,South
2905,2025-05-09,Kolkata,East
2906,2025-03-08,Chennai,South
2907,2025-05-07,Chandigarh,North
2908,2025-08-02,Delhi,North
2909,2025-08-08,Hyderabad,South
2910,2025-11-15,Bangalore,South
2911,2025-03-18,Hyderabad,South
2912,2025-10-25,Hyderabad,South
2913,2025-10-02,Kolkata,East
2914,2025-05-07,Chandigarh,North
2915,2025-01-28,Delhi,North
2916,2025-02-22,Jaipur,North
2917,2025-01-14,Pune,West
2918,2025-02-19,Nagpur,Central
2919,2025-03-23,Mumbai,West
2920,2025-03-22,Bangalore,South
2921,2025-01-30,Hyderabad,South
2922,2025-06-01,Pune,West
2923,2025-08-26,Patna,East
2924,2025-10-17,Delhi,North
2925,2025-11-15,Bangalore,South
2926,2025-10-28,Bhopal,Central
2927,2025-09-03,Bhopal,Central
2928,2025-07-01,Nagpur,Central
2929,2025-07-13,Ahmedabad,West
2930,2025-04-11,Chennai,South
2931,2025-10-14,Lucknow,North
2932,2025-04-22,Jaipur,North
2933,2025-02-14,Hyderabad,South
2934,2025-07-17,Pune,West
2935,2025-05-16,Lucknow,North
2936,2025-10-27,Hyderabad,South
2937,2025-10-22,Jaipur,North
2938,2025-03-04,Pune,West
2939,2025-01-22,Bhopal,Central
2940,2025-07-17,Mumbai,West
2941,2025-05-04,Mumbai,West
2942,2025-06-11,Pune,West
2943,2025-10-01,Bangalore,South
2944,2025-11-06,Pune,West
2945,2025-09-05,Ahmedabad,West
2946,2025-05-10,Delhi,North
2947,2025-03-27,Kolkata,East
2948,2025-06-03,Ahmedabad,West
2949,2025-03-23,Chennai,South
2950,2025-08-12,Indore,Central
2951,2025-10-31,Bhopal,Central
2952,2025-12-14,Kolkata,East
2953,2025-06-17,Lucknow,North
2954,2025-04-15,Hyderabad,South
2955,2025-06-23,Indore,Central
2956,2025-05-18,Lucknow,North
2957,2025-02-22,Ahmedabad,West
2958,2025-06-20,Indore,Central
2959,2025-11-09,Hyderabad,South
2960,2025-05-24,Nagpur,Central
2961,2025-06-13,Mumbai,West
2962,2025-10-23,Chennai,South
2963,2025-11-19,Delhi,North
2964,2025-10-27,Nagpur,Central
2965,2025-11-01,Chandigarh,North
2966,2025-11-13,Lucknow,North
2967,2025-03-30,Lucknow,North
2968,2025-11-21,Pune,West
2969,2025-04-08,Indore,Central
2970,2025-06-09,Delhi,North
2971,2025-07-15,Bangalore,South
2972,2025-11-22,Mumbai,West
2973,2025-11-16,Kolkata,East
2974,2025-09-27,Pune,West
2975,2025-11-19,Chennai,South
2976,2025-06-04,Delhi,North
2977,2025-03-18,Bhopal,Central
2978,2025-02-07,Bangalore,South
2979,2025-09-16,Ahmedabad,West
2980,2025-09-06,Nagpur,Central
2981,2025-07-07,Mumbai,West
2982,2025-10-04,Bangalore,South
2983,2025-06-01,Lucknow,North
2984,2025-07-08,Chandigarh,North
2985,2025-09-10,Jaipur,North
2986,2025-08-12,Chandigarh,North
2987,2025-10-01,Hyderabad,South
2988,2025-03-15,Kolkata,East
2989,2025-11-20,Lucknow,North
2990,2025-03-30,Chandigarh,North
2991,2025-11-21,Mumbai,West
2992,2025-06-06,Bhopal,Central
2993,2025-09-28,Jaipur,North
2994,2025-03-20,Hyderabad,South
2995,2025-04-12,Chennai,South
2996,2025-08-20,Indore,Central
2997,2025-03-21,Bangalore,South
2998,2025-06-05,Chennai,South
2999,2025-07-29,Chennai,South
3000,2025-11-22,Patna,East
3001,2025-11-13,Ahmedabad,West
3002,2025-10-10,Jaipur,North
3003,2025-07-18,Mumbai,West
3004,2025-11-04,Ahmedabad,West
3005,2025-11-10,Jaipur,North
3006,2025-04-22,Patna,East
3007,2025-08-05,Indore,Central
3008,2025-04-12,Bangalore,South
3009,2025-01-22,Ahmedabad,West
3010,2025-10-11,Chennai,South
3011,2025-03-29,Lucknow,North
3012,2025-06-04,Hyderabad,South
3013,2025-07-21,Chennai,South
3014,2025-05-05,Delhi,North
3015,2025-05-03,Kolkata,East
3016,2026-01-05,Hyderabad,South
3017,2025-04-23,Lucknow,North
3018,2025-10-01,Delhi,North
3019,2025-11-26,Hyderabad,South
3020,2025-11-06,Kolkata,East
3021,2025-03-11,Delhi,North
3022,2025-03-10,Chennai,South
3023,2025-09-01,Ahmedabad,West
3024,2025-10-15,Hyderabad,South
3025,2025-11-27,Bangalore,South
3026,2025-06-15,Delhi,North
3027,2025-07-28,Indore,Central
3028,2025-11-02,Jaipur,North
3029,2025-03-04,Lucknow,North
3030,2025-04-29,Kolkata,East
3031,2025-01-25,Mumbai,West
3032,2025-07-28,Bangalore,South
3033,2025-04-13,Pune,West
3034,2025-06-10,Hyderabad,South
3035,2025-07-13,Delhi,North
3036,2025-04-05,Delhi,North
3037,2025-06-26,Hyderabad,South
3038,2025-05-24,Chandigarh,North
3039,2025-11-22,Chennai,South
3040,2025-06-12,Lucknow,North
3041,2025-04-19,Hyderabad,South
3042,2025-10-23,Nagpur,Central
3043,2025-02-16,Hyderabad,South
3044,2025-05-29,Hyderabad,South
3045,2025-03-01,Lucknow,North
3046,2025-11-20,Ahmedabad,West
3047,2025-10-09,Mumbai,West
3048,2025-11-01,Chennai,South
3049,2025-01-12,Mumbai,West
3050,2025-08-04,Delhi,North
3051,2025-05-13,Bangalore,South
3052,2025-08-28,Mumbai,West
3053,2025-06-09,Bangalore,South
3054,2025-05-02,Delhi,North
3055,2025-07-26,Kolkata,East
3056,2025-08-25,Bhopal,Central
3057,2025-06-07,Ahmedabad,West
3058,2025-08-06,Hyderabad,South
3059,2025-05-23,Chennai,South
3060,2025-07-27,Nagpur,Central
3061,2025-10-15,Chennai,South
3062,2025-06-12,Chennai,South
3063,2025-04-01,Pune,West
3064,2025-05-23,Kolkata,East
3065,2025-06-14,Pune,West
3066,2025-07-05,Bangalore,South
3067,2025-09-29,Chennai,South
3068,2025-06-15,Bhopal,Central
3069,2025-07-01,Chennai,South
3070,2025-06-26,Pune,West
3071,2025-04-29,Lucknow,North
3072,2025-10-09,Kolkata,East
3073,2025-03-08,Delhi,North
3074,2025-05-07,Hyderabad,South
3075,2025-05-12,Pune,West
3076,2025-01-09,Indore,Central
3077,2025-04-13,Bhopal,Central
3078,2025-10-13,Mumbai,West
3079,2025-07-03,Hyderabad,South
3080,2025-01-28,Bhopal,Central
3081,2025-04-28,Jaipur,North
3082,2025-09-13,Patna,East
3083,2025-03-17,Hyderabad,South
3084,2025-07-28,Pune,West
3085,2025-11-03,Ahmedabad,West
3086,2025-03-20,Ahmedabad,West
3087,2025-04-11,Chennai,South
3088,2025-02-15,Bangalore,South
3089,2025-11-18,Kolkata,East
3090,2025-06-30,Hyderabad,South
3091,2025-11-19,Delhi,North
3092,2025-08-08,Chandigarh,North
3093,2025-03-11,Delhi,North
3094,2025-04-16,Indore,Central
3095,2025-11-30,Delhi,North
3096,2025-10-19,Pune,West
3097,2025-09-18,Chandigarh,North
3098,2025-06-25,Bangalore,South
3099,2025-04-11,Chennai,South
3100,2025-04-21,Bangalore,South
3101,2026-01-06,Chennai,South
3102,2025-05-01,Kolkata,East
3103,2025-03-11,Indore,Central
3104,2025-10-06,Bangalore,South
3105,2025-02-17,Bangalore,South
3106,2025-09-25,Bangalore,South
3107,2025-07-21,Kolkata,East
3108,2025-06-29,Bangalore,South
3109,2025-01-12,Kolkata,East
3110,2025-01-23,Pune,West
3111,2025-06-24,Ahmedabad,West
3112,2025-06-06,Hyderabad,South
3113,2025-08-26,Pune,West
3114,2025-08-20,Bangalore,South
3115,2025-11-10,Delhi,North
3116,2025-04-30,Indore,Central
3117,2025-02-20,Ahmedabad,West
3118,2025-04-30,Delhi,North
3119,2025-11-23,Bangalore,South
3120,2025-06-20,Delhi,North
3121,2025-04-11,Hyderabad,South
3122,2025-08-01,Hyderabad,South
3123,2025-05-06,Delhi,North
3124,2025-10-15,Chennai,South
3125,2025-02-22,Jaipur,North
3126,2025-08-22,Lucknow,North
3127,2025-10-02,Lucknow,North
3128,2025-04-19,Hyderabad,South
3129,2025-11-01,Patna,East
3130,2025-11-04,Patna,East
3131,2025-02-22,Nagpur,Central
3132,2025-11-19,Chandigarh,North
3133,2025-06-22,Bhopal,Central
3134,2025-09-05,Jaipur,North
3135,2025-07-03,Hyderabad,South
3136,2025-08-05,Lucknow,North
3137,2025-10-09,Jaipur,North
3138,2025-08-07,Kolkata,East
3139,2025-03-02,Pune,West
3140,2025-12-07,Mumbai,West
3141,2025-05-13,Hyderabad,South
3142,2025-02-08,Bhopal,Central
3143,2025-11-13,Pune,West
3144,2025-09-04,Kolkata,East
3145,2025-08-28,Hyderabad,South
3146,2025-09-27,Delhi,North
3147,2025-08-29,Nagpur,Central
3148,2025-06-13,Ahmedabad,West
3149,2025-05-27,Lucknow,North
3150,2025-08-04,Bangalore,South
3151,2025-11-03,Jaipur,North
3152,2025-09-20,Bangalore,South
3153,2025-08-24,Jaipur,North
3154,2025-08-12,Chennai,South
3155,2025-04-29,Chennai,South
3156,2025-05-26,Ahmedabad,West
3157,2025-05-16,Chandigarh,North
3158,2025-02-05,Hyderabad,South
3159,2025-09-15,Bhopal,Central
3160,2025-03-14,Mumbai,West
3161,2025-04-06,Mumbai,West
3162,2025-09-27,Mumbai,West
3163,2025-10-07,Hyderabad,South
3164,2025-10-16,Pune,West
3165,2025-02-15,Mumbai,West
3166,2025-04-28,Delhi,North
3167,2025-07-31,Nagpur,Central
3168,2025-05-12,Hyderabad,South
3169,2025-11-11,Pune,West
3170,2025-05-14,Hyderabad,South
3171,2025-11-25,Ahmedabad,West
3172,2025-04-01,Delhi,North
3173,2025-10-12,Bangalore,South
3174,2025-11-28,Delhi,North
3175,2025-04-22,Bangalore,South
3176,2025-04-26,Mumbai,West
3177,2025-10-20,Jaipur,North
3178,2025-11-21,Bhopal,Central
3179,2025-10-23,Patna,East
3180,2025-05-13,Jaipur,North
3181,2025-11-13,Delhi,North
3182,2025-10-31,Mumbai,West
3183,2025-08-31,Hyderabad,South
3184,2025-07-19,Bangalore,South
3185,2025-04-25,Ahmedabad,West
3186,2025-05-28,Lucknow,North
3187,2025-10-23,Mumbai,West
3188,2025-05-08,Mumbai,West
3189,2025-04-15,Patna,East
3190,2025-08-24,Ahmedabad,West
3191,2025-09-11,Hyderabad,South
3192,2025-06-07,Patna,East
3193,2025-04-01,Indore,Central
3194,2025-09-15,Chennai,South
3195,2025-06-28,Delhi,North
3196,2025-03-24,Kolkata,East
3197,2025-11-22,Nagpur,Central
3198,2025-10-15,Patna,East
3199,2025-03-29,Mumbai,West
3200,2025-03-22,Bangalore,South
3201,2025-04-14,Pune,West
3202,2025-07-15,Lucknow,North
3203,2025-04-16,Delhi,North
3204,2025-07-28,Nagpur,Central
3205,2025-07-07,Pune,West
3206,2025-03-27,Indore,Central
3207,2025-05-05,Nagpur,Central
3208,2025-04-23,Pune,West
3209,2025-05-14,Mumbai,West
3210,2025-03-18,Pune,West
3211,2025-04-07,Bangalore,South
3212,2025-03-23,Jaipur,North
3213,2025-06-16,Bangalore,South
3214,2025-05-23,Ahmedabad,West
3215,2025-09-25,Hyderabad,South
3216,2025-09-19,Delhi,North
3217,2025-06-14,Delhi,North
3218,2025-07-30,Mumbai,West
3219,2025-08-02,Kolkata,East
3220,2025-03-11,Kolkata,East
3221,2025-11-19,Pune,West
3222,2025-06-12,Chennai,South
3223,2025-08-04,Delhi,North
3224,2025-05-25,Hyderabad,South
3225,2025-10-24,Bangalore,South
3226,2025-04-01,Indore,Central
3227,2025-11-12,Delhi,North
3228,2025-07-21,Hyderabad,South
3229,2025-08-30,Chennai,South
3230,2025-02-18,Hyderabad,South
3231,2025-10-03,Ahmedabad,West
3232,2025-10-17,Pune,West
3233,2025-04-08,Mumbai,West
3234,2025-07-10,Delhi,North
3235,2025-06-07,Mumbai,West
3236,2025-05-24,Chennai,South
3237,2025-06-04,Hyderabad,South
3238,2025-03-01,Bhopal,Central
3239,2025-07-20,Lucknow,North
3240,2025-04-03,Jaipur,North
3241,2025-08-03,Delhi,North
3242,2025-08-28,Delhi,North
3243,2025-04-28,Jaipur,North
3244,2025-11-11,Pune,West
3245,2025-11-26,Ahmedabad,West
3246,2025-11-01,Chennai,South
3247,2025-11-26,Kolkata,East
3248,2025-11-06,Chennai,South
3249,2025-11-13,Chandigarh,North
3250,2025-02-26,Jaipur,North
3251,2025-06-27,Pune,West
3252,2025-05-24,Bangalore,South
3253,2025-03-30,Ahmedabad,West
3254,2025-03-05,Chennai,South
3255,2025-04-12,Chennai,South
3256,2025-03-14,Chennai,South
3257,2025-08-05,Ahmedabad,West
3258,2025-02-02,Hyderabad,South
3259,2025-11-11,Bangalore,South
3260,2025-09-02,Patna,East
3261,2025-04-09,Delhi,North
3262,2025-09-01,Lucknow,North
3263,2025-02-23,Hyderabad,South
3264,2025-10-03,Mumbai,West
3265,2025-06-12,Ahmedabad,West
3266,2025-07-23,Hyderabad,South
3267,2025-05-08,Chennai,South
3268,2025-03-15,Pune,West
3269,2025-05-22,Kolkata,East
3270,2025-08-13,Pune,West
3271,2025-04-04,Bangalore,South
3272,2025-10-08,Bangalore,South
3273,2025-05-22,Ahmedabad,West
3274,2025-04-06,Lucknow,North
3275,2025-07-19,Chandigarh,North
3276,2025-07-09,Nagpur,Central
3277,2025-03-06,Bhopal,Central
3278,2025-08-25,Chennai,South
3279,2025-11-11,Delhi,North
3280,2025-08-06,Lucknow,North
3281,2025-11-21,Mumbai,West
3282,2025-07-23,Mumbai,West
3283,2025-09-18,Chandigarh,North
3284,2025-10-15,Patna,East
3285,2025-11-06,Mumbai,West
3286,2025-07-16,Bangalore,South
3287,2025-10-10,Delhi,North
3288,2025-11-14,Patna,East
3289,2025-07-21,Patna,East
3290,2025-07-13,Hyderabad,South
3291,2025-06-29,Chennai,South
3292,2025-09-17,Bhopal,Central
3293,2025-11-20,Chennai,South
3294,2025-10-04,Lucknow,North
3295,2025-11-23,Nagpur,Central
3296,2025-07-24,Hyderabad,South
3297,2025-11-18,Pune,West
3298,2025-07-12,Chennai,South
3299,2025-12-14,Chennai,South
3300,2025-05-01,Chandigarh,North
3301,2025-10-04,Delhi,North
3302,2025-08-12,Bhopal,Central
3303,2025-07-11,Pune,West
3304,2025-04-02,Bangalore,South
3305,2025-06-23,Mumbai,West
3306,2025-06-08,Chennai,South
3307,2025-10-06,Delhi,North
3308,2025-09-03,Delhi,North
3309,2025-07-31,Chennai,South
3310,2025-08-27,Bangalore,South
3311,2025-05-03,Lucknow,North
3312,2025-10-22,Kolkata,East
3313,2025-06-13,Pune,West
3314,2025-07-16,Bangalore,South
3315,2025-11-26,Hyderabad,South
3316,2025-05-14,Ahmedabad,West
3317,2025-11-03,Mumbai,West
3318,2025-10-06,Delhi,North
3319,2025-11-08,Patna,East
3320,2025-04-03,Lucknow,North
3321,2025-02-18,Pune,West
3322,2025-06-13,Hyderabad,South
3323,2025-06-25,Kolkata,East
3324,2025-01-21,Kolkata,East
3325,2025-07-27,Pune,West
3326,2025-01-23,Jaipur,North
3327,2025-05-28,Indore,Central
3328,2025-08-04,Pune,West
3329,2025-03-21,Mumbai,West
3330,2025-07-26,Ahmedabad,West
3331,2025-11-17,Pune,West
3332,2025-10-04,Ahmedabad,West
3333,2025-07-18,Hyderabad,South
3334,2025-06-15,Bangalore,South
3335,2025-08-27,Chandigarh,North
3336,2025-07-16,Kolkata,East
3337,2025-08-13,Bhopal,Central
3338,2025-01-30,Ahmedabad,West
3339,2025-09-09,Jaipur,North
3340,2025-05-22,Ahmedabad,West
3341,2025-11-09,Bhopal,Central
3342,2025-03-11,Pune,West
3343,2025-04-14,Pune,West
3344,2025-06-15,Bangalore,South
3345,2025-04-15,Hyderabad,South
3346,2025-10-28,Jaipur,North
3347,2025-04-07,Chennai,South
3348,2025-10-05,Mumbai,West
3349,2025-07-22,Bangalore,South
3350,2025-07-05,Chennai,South
3351,2025-05-23,Mumbai,West
3352,2025-04-29,Hyderabad,South
3353,2025-07-17,Nagpur,Central
3354,2025-04-28,Kolkata,East
3355,2025-04-24,Bangalore,South
3356,2025-04-30,Mumbai,West
3357,2025-08-31,Lucknow,North
3358,2025-07-23,Chennai,South
3359,2025-02-09,Indore,Central
3360,2025-07-16,Jaipur,North
3361,2025-02-18,Ahmedabad,West
3362,2025-05-30,Bangalore,South
3363,2025-08-22,Pune,West
3364,2025-05-22,Chennai,South
3365,2025-01-23,Patna,East
3366,2025-10-01,Ahmedabad,West
3367,2025-11-22,Chennai,South
3368,2025-10-16,Mumbai,West
3369,2025-06-04,Mumbai,West
3370,2025-10-26,Pune,West
3371,2025-03-03,Delhi,North
3372,2025-04-06,Pune,West
3373,2025-04-23,Hyderabad,South
3374,2025-12-24,Jaipur,North
3375,2025-11-23,Nagpur,Central
3376,2025-09-16,Ahmedabad,West
3377,2025-10-11,Ahmedabad,West
3378,2025-06-28,Mumbai,West
3379,2025-02-11,Chennai,South
3380,2025-10-11,Lucknow,North
3381,2025-08-07,Delhi,North
3382,2025-08-02,Bangalore,South
3383,2025-10-17,Delhi,North
3384,2025-11-15,Hyderabad,South
3385,2025-02-07,Bangalore,South
3386,2025-03-15,Bhopal,Central
3387,2025-07-21,Mumbai,West
3388,2025-05-08,Kolkata,East
3389,2025-08-02,Bangalore,South
3390,2025-11-09,Pune,West
3391,2025-05-31,Chennai,South
3392,2025-03-07,Patna,East
3393,2025-05-09,Indore,Central
3394,2025-05-20,Delhi,North
3395,2025-06-21,Chandigarh,North
3396,2025-04-17,Patna,East
3397,2025-08-02,Nagpur,Central
3398,2025-10-18,Patna,East
3399,2025-10-15,Hyderabad,South
3400,2025-11-11,Jaipur,North
3401,2025-07-25,Bangalore,South
3402,2025-11-08,Bangalore,South
3403,2025-03-18,Patna,East
3404,2025-11-17,Chennai,South
3405,2025-02-17,Lucknow,North
3406,2025-05-31,Patna,East
3407,2025-05-25,Bhopal,Central
3408,2025-05-26,Indore,Central
3409,2025-08-14,Bangalore,South
3410,2025-04-07,Chennai,South
3411,2025-05-08,Bangalore,South
3412,2025-07-01,Chennai,South
3413,2025-06-27,Delhi,North
3414,2025-09-20,Hyderabad,South
3415,2025-03-15,Jaipur,North
3416,2025-07-23,Kolkata,East
3417,2025-05-31,Hyderabad,South
3418,2025-07-02,Ahmedabad,West
3419,2025-05-08,Chennai,South
3420,2025-08-16,Delhi,North
3421,2025-05-03,Ahmedabad,West
3422,2025-11-22,Pune,West
3423,2025-11-08,Lucknow,North
3424,2025-10-28,Mumbai,West
3425,2025-11-05,Indore,Central
3426,2025-07-13,Kolkata,East
3427,2025-04-01,Jaipur,North
3428,2025-06-19,Pune,West
3429,2025-03-31,Bhopal,Central
3430,2025-07-29,Pune,West
3431,2025-09-03,Lucknow,North
3432,2025-03-28,Bhopal,Central
3433,2025-02-01,Pune,West
3434,2025-02-03,Delhi,North
3435,2025-10-08,Kolkata,East
3436,2025-06-13,Delhi,North
3437,2025-10-21,Hyderabad,South
3438,2025-05-06,Lucknow,North
3439,2025-04-13,Patna,East
3440,2025-02-11,Indore,Central
3441,2025-10-03,Bangalore,South
3442,2025-03-09,Pune,West
3443,2025-06-29,Mumbai,West
3444,2025-09-10,Indore,Central
3445,2025-05-01,Chandigarh,North
3446,2025-03-23,Lucknow,North
3447,2025-10-06,Bhopal,Central
3448,2025-10-27,Lucknow,North
3449,2025-10-08,Pune,West
3450,2025-10-01,Chennai,South
3451,2025-11-15,Mumbai,West
3452,2025-02-10,Kolkata,East
3453,2025-10-17,Ahmedabad,West
3454,2025-02-02,Hyderabad,South
3455,2025-05-30,Patna,East
3456,2025-01-21,Chennai,South
3457,2025-01-22,Kolkata,East
3458,2025-05-02,Pune,West
3459,2025-08-13,Lucknow,North
3460,2025-10-27,Ahmedabad,West
3461,2025-04-30,Delhi,North
3462,2025-03-28,Bangalore,South
3463,2025-06-07,Jaipur,North
3464,2025-06-30,Jaipur,North
3465,2025-07-27,Hyderabad,South
3466,2025-05-06,Jaipur,North
3467,2025-07-12,Bangalore,South
3468,2025-01-11,Lucknow,North
3469,2025-01-26,Bhopal,Central
3470,2025-07-07,Delhi,North
3471,2025-10-26,Mumbai,West
3472,2025-07-01,Ahmedabad,West
3473,2025-03-09,Ahmedabad,West
3474,2025-06-28,Kolkata,East
3475,2025-10-01,Patna,East
3476,2025-05-22,Indore,Central
3477,2025-11-14,Patna,East
3478,2025-06-06,Ahmedabad,West
3479,2025-03-15,Hyderabad,South
3480,2025-05-06,Hyderabad,South
3481,2025-02-10,Bangalore,South
3482,2025-10-24,Lucknow,North
3483,2025-07-24,Mumbai,West
3484,2025-11-06,Chandigarh,North
3485,2025-11-11,Jaipur,North
3486,2025-11-19,Ahmedabad,West
3487,2025-01-16,Hyderabad,South
3488,2025-02-23,Bangalore,South
3489,2025-10-23,Hyderabad,South
3490,2025-11-22,Bangalore,South
3491,2025-05-16,Mumbai,West
3492,2025-10-22,Pune,West
3493,2025-11-12,Indore,Central
3494,2025-12-02,Bhopal,Central
3495,2025-10-23,Kolkata,East
3496,2025-07-01,Mumbai,West
3497,2025-05-02,Indore,Central
3498,2025-08-21,Bhopal,Central
3499,2025-03-22,Delhi,North
3500,2025-04-10,Pune,West
3501,2025-05-18,Delhi,North
3502,2025-11-25,Bhopal,Central
3503,2025-07-14,Nagpur,Central
3504,2025-10-12,Chennai,South
3505,2025-08-04,Patna,East
3506,2025-09-13,Jaipur,North
3507,2025-05-29,Bhopal,Central
3508,2025-07-24,Delhi,North
3509,2025-06-29,Patna,East
3510,2025-11-06,Hyderabad,South
3511,2025-05-19,Hyderabad,South
3512,2025-04-19,Chennai,South
3513,2025-10-18,Chandigarh,North
3514,2025-05-02,Indore,Central
3515,2025-04-10,Patna,East
3516,2025-06-16,Nagpur,Central
3517,2025-02-10,Mumbai,West
3518,2025-02-10,Delhi,North
3519,2025-03-23,Mumbai,West
3520,2025-10-30,Mumbai,West
3521,2025-04-26,Mumbai,West
3522,2025-06-04,Delhi,North
3523,2025-09-24,Delhi,North
3524,2025-06-04,Delhi,North
3525,2025-06-14,Hyderabad,South
3526,2025-11-28,Bangalore,South
3527,2025-11-13,Patna,East
3528,2025-10-05,Kolkata,East
3529,2025-10-05,Chandigarh,North
3530,2025-07-08,Bangalore,South
3531,2025-08-12,Mumbai,West
3532,2025-05-11,Pune,West
3533,2025-03-18,Mumbai,West
3534,2025-04-23,Delhi,North
3535,2025-05-30,Hyderabad,South
3536,2025-07-14,Delhi,North
3537,2025-03-31,Mumbai,West
3538,2026-01-14,Bangalore,South
3539,2025-11-08,Pune,West
3540,2025-10-25,Mumbai,West
3541,2025-03-12,Hyderabad,South
3542,2025-03-03,Patna,East
3543,2025-10-28,Delhi,North
3544,2025-10-26,Chennai,South
3545,2025-02-10,Nagpur,Central
3546,2025-08-15,Hyderabad,South
3547,2025-03-30,Hyderabad,South
3548,2025-03-24,Mumbai,West
3549,2025-08-01,Hyderabad,South
3550,2025-05-09,Lucknow,North
3551,2025-10-11,Indore,Central
3552,2025-09-05,Bangalore,South
3553,2025-11-13,Ahmedabad,West
3554,2025-02-12,Ahmedabad,West
3555,2025-05-17,Bangalore,South
3556,2025-10-09,Jaipur,North
3557,2025-11-05,Hyderabad,South
3558,2025-08-21,Delhi,North
3559,2025-10-20,Mumbai,West
3560,2025-04-26,Chennai,South
3561,2025-04-23,Chennai,South
3562,2025-03-10,Chandigarh,North
3563,2025-04-09,Delhi,North
3564,2025-06-23,Bangalore,South
3565,2025-08-20,Hyderabad,South
3566,2025-04-07,Lucknow,North
3567,2025-08-03,Kolkata,East
3568,2025-05-22,Lucknow,North
3569,2025-09-18,Pune,West
3570,2025-11-22,Patna,East
3571,2025-06-08,Bangalore,South
3572,2025-07-16,Lucknow,North
3573,2025-08-04,Indore,Central
3574,2025-05-23,Nagpur,Central
3575,2025-11-23,Indore,Central
3576,2025-10-05,Chennai,South
3577,2025-06-25,Delhi,North
3578,2025-07-27,Chennai,South
3579,2025-08-06,Pune,West
3580,2025-03-01,Hyderabad,South
3581,2025-10-03,Bangalore,South
3582,2025-03-24,Nagpur,Central
3583,2025-08-14,Chennai,South
3584,2025-06-27,Nagpur,Central
3585,2025-08-23,Bangalore,South
3586,2025-05-19,Chennai,South
3587,2025-10-07,Chennai,South
3588,2025-09-07,Jaipur,North
3589,2025-06-11,Hyderabad,South
3590,2025-06-26,Bangalore,South
3591,2025-01-27,Indore,Central
3592,2025-11-04,Mumbai,West
3593,2025-03-03,Jaipur,North
3594,2025-04-13,Kolkata,East
3595,2025-06-18,Delhi,North
3596,2025-07-04,Pune,West
3597,2025-08-14,Bangalore,South
3598,2025-11-17,Pune,West
3599,2025-12-03,Hyderabad,South
3600,2025-05-03,Kolkata,East
3601,2025-08-06,Bangalore,South
3602,2025-11-23,Kolkata,East
3603,2025-10-12,Delhi,North
3604,2025-11-03,Delhi,North
3605,2025-05-06,Mumbai,West
3606,2025-08-22,Delhi,North
3607,2025-09-19,Indore,Central
3608,2025-07-26,Bangalore,South
3609,2025-05-28,Chandigarh,North
3610,2025-06-03,Patna,East
3611,2025-11-18,Ahmedabad,West
3612,2025-09-25,Chennai,South
3613,2025-04-25,Hyderabad,South
3614,2025-10-19,Jaipur,North
3615,2025-02-27,Delhi,North
3616,2025-10-28,Delhi,North
3617,2025-06-11,Ahmedabad,West
3618,2025-04-21,Chandigarh,North
3619,2025-04-09,Jaipur,North
3620,2025-10-21,Bangalore,South
3621,2025-09-08,Kolkata,East
3622,2025-06-28,Mumbai,West
3623,2025-08-16,Bangalore,South
3624,2025-11-08,Chandigarh,North
3625,2025-05-01,Chennai,South
3626,2025-07-14,Delhi,North
3627,2025-05-30,Chennai,South
3628,2025-09-29,Indore,Central
3629,2025-10-02,Lucknow,North
3630,2025-07-30,Kolkata,East
3631,2025-05-28,Jaipur,North
3632,2025-06-30,Delhi,North
3633,2025-08-09,Hyderabad,South
3634,2025-11-09,Mumbai,West
3635,2025-09-04,Mumbai,West
3636,2025-08-07,Mumbai,West
3637,2025-06-23,Indore,Central
3638,2025-06-05,Chennai,South
3639,2025-07-06,Delhi,North
3640,2025-07-28,Mumbai,West
3641,2025-03-27,Chennai,South
3642,2025-05-17,Nagpur,Central
3643,2025-02-18,Mumbai,West
3644,2025-07-16,Bangalore,South
3645,2025-05-05,Kolkata,East
3646,2025-04-01,Delhi,North
3647,2025-05-22,Delhi,North
3648,2025-02-27,Bangalore,South
3649,2025-03-03,Ahmedabad,West
3650,2025-04-19,Bhopal,Central
3651,2025-04-02,Pune,West
3652,2025-07-08,Mumbai,West
3653,2025-02-10,Indore,Central
3654,2025-06-01,Chennai,South
3655,2025-10-20,Delhi,North
3656,2025-10-06,Mumbai,West
3657,2025-04-09,Chennai,South
3658,2025-11-07,Jaipur,North
3659,2025-09-12,Pune,West
3660,2025-02-20,Bhopal,Central
3661,2025-10-02,Lucknow,North
3662,2025-10-17,Kolkata,East
3663,2025-11-25,Mumbai,West
3664,2025-03-22,Bangalore,South
3665,2025-03-08,Jaipur,North
3666,2025-07-21,Bangalore,South
3667,2025-11-10,Indore,Central
3668,2025-01-19,Delhi,North
3669,2025-06-20,Hyderabad,South
3670,2025-06-19,Hyderabad,South
3671,2025-04-14,Bangalore,South
3672,2025-08-15,Delhi,North
3673,2025-01-12,Kolkata,East
3674,2025-07-26,Chennai,South
3675,2025-08-28,Jaipur,North
3676,2025-09-21,Delhi,North
3677,2025-08-12,Chennai,South
3678,2025-11-18,Delhi,North
3679,2025-06-14,Nagpur,Central
3680,2025-03-24,Bangalore,South
3681,2025-04-19,Jaipur,North
3682,2025-05-05,Delhi,North
3683,2025-07-09,Ahmedabad,West
3684,2025-01-27,Mumbai,West
3685,2025-06-12,Kolkata,East
3686,2025-05-24,Lucknow,North
3687,2025-10-06,Chandigarh,North
3688,2025-11-06,Mumbai,West
3689,2025-02-18,Delhi,North
3690,2025-07-05,Chennai,South
3691,2025-08-11,Bhopal,Central
3692,2025-06-20,Kolkata,East
3693,2025-05-13,Ahmedabad,West
3694,2025-07-13,Chennai,South
3695,2025-07-31,Mumbai,West
3696,2025-10-11,Hyderabad,South
3697,2025-10-03,Indore,Central
3698,2025-07-23,Jaipur,North
3699,2025-06-07,Patna,East
3700,2025-02-21,Delhi,North
3701,2025-11-15,Jaipur,North
3702,2025-05-03,Jaipur,North
3703,2025-09-05,Delhi,North
3704,2025-03-28,Patna,East
3705,2025-07-05,Bhopal,Central
3706,2025-10-05,Nagpur,Central
3707,2025-10-20,Pune,West
3708,2025-11-25,Bangalore,South
3709,2025-08-14,Delhi,North
3710,2025-11-24,Indore,Central
3711,2025-10-08,Mumbai,West
3712,2025-10-04,Jaipur,North
3713,2025-02-27,Jaipur,North
3714,2025-02-18,Pune,West
3715,2025-04-23,Patna,East
3716,2025-07-14,Mumbai,West
3717,2025-06-19,Hyderabad,South
3718,2025-11-23,Hyderabad,South
3719,2025-05-21,Hyderabad,South
3720,2025-12-03,Delhi,North
3721,2025-10-06,Hyderabad,South
3722,2025-09-01,Nagpur,Central
3723,2025-05-19,Nagpur,Central
3724,2025-07-11,Bangalore,South
3725,2025-04-29,Chennai,South
3726,2025-02-06,Nagpur,Central
3727,2025-05-26,Mumbai,West
3728,2025-04-28,Hyderabad,South
3729,2025-05-19,Chennai,South
3730,2025-04-30,Ahmedabad,West
3731,2025-03-08,Delhi,North
3732,2025-03-24,Nagpur,Central
3733,2025-03-08,Mumbai,West
3734,2025-11-26,Pune,West
3735,2025-01-07,Bangalore,South
3736,2025-04-12,Mumbai,West
3737,2025-07-14,Jaipur,North
3738,2025-10-28,Jaipur,North
3739,2025-05-19,Pune,West
3740,2025-05-20,Pune,West
3741,2025-07-14,Bhopal,Central
3742,2025-10-11,Indore,Central
3743,2025-02-03,Lucknow,North
3744,2025-04-27,Delhi,North
3745,2025-11-26,Mumbai,West
3746,2025-05-05,Chennai,South
3747,2025-03-04,Pune,West
3748,2025-05-20,Bangalore,South
3749,2025-07-26,Chennai,South
3750,2025-12-07,Chandigarh,North
3751,2025-11-02,Nagpur,Central
3752,2025-07-01,Patna,East
3753,2025-06-03,Hyderabad,South
3754,2025-09-08,Ahmedabad,West
3755,2025-06-15,Chennai,South
3756,2025-07-25,Hyderabad,South
3757,2025-03-29,Delhi,North
3758,2025-03-21,Mumbai,West
3759,2025-05-28,Mumbai,West
3760,2025-02-13,Bhopal,Central
3761,2025-04-13,Delhi,North
3762,2025-06-25,Ahmedabad,West
3763,2025-10-22,Lucknow,North
3764,2025-05-26,Chennai,South
3765,2025-10-13,Chennai,South
3766,2025-05-20,Bangalore,South
3767,2025-10-21,Jaipur,North
3768,2025-08-04,Bangalore,South
3769,2025-02-24,Delhi,North
3770,2025-11-21,Mumbai,West
3771,2025-04-29,Pune,West
3772,2025-07-25,Nagpur,Central
3773,2025-11-12,Chennai,South
3774,2025-10-07,Kolkata,East
3775,2025-03-04,Lucknow,North
3776,2025-02-24,Indore,Central
3777,2025-03-23,Patna,East
3778,2025-03-26,Jaipur,North
3779,2025-11-21,Pune,West
3780,2025-05-20,Nagpur,Central
3781,2025-10-21,Mumbai,West
3782,2025-10-12,Bangalore,South
3783,2025-07-01,Chennai,South
3784,2025-10-19,Nagpur,Central
3785,2025-10-21,Indore,Central
3786,2025-04-21,Mumbai,West
3787,2025-03-17,Pune,West
3788,2025-07-27,Delhi,North
3789,2025-04-25,Delhi,North
3790,2025-09-22,Bhopal,Central
3791,2025-11-13,Mumbai,West
3792,2025-10-14,Hyderabad,South
3793,2025-10-05,Pune,West
3794,2025-06-10,Jaipur,North
3795,2025-04-14,Hyderabad,South
3796,2025-06-30,Lucknow,North
3797,2025-03-01,Lucknow,North
3798,2025-06-14,Bangalore,South
3799,2025-07-10,Mumbai,West
3800,2025-05-11,Kolkata,East
3801,2025-11-23,Hyderabad,South
3802,2025-04-19,Indore,Central
3803,2025-08-14,Bhopal,Central
3804,2025-08-25,Nagpur,Central
3805,2025-10-27,Bangalore,South
3806,2025-06-09,Indore,Central
3807,2025-05-12,Hyderabad,South
3808,2025-10-21,Mumbai,West
3809,2025-10-22,Bangalore,South
3810,2025-11-10,Hyderabad,South
3811,2025-04-17,Lucknow,North
3812,2025-11-05,Bangalore,South
3813,2025-08-15,Delhi,North
3814,2025-08-31,Jaipur,North
3815,2025-11-15,Chennai,South
3816,2025-05-29,Pune,West
3817,2025-10-22,Delhi,North
3818,2025-11-01,Patna,East
3819,2025-05-14,Patna,East
3820,2025-07-25,Bangalore,South
3821,2025-11-11,Chennai,South
3822,2025-10-13,Hyderabad,South
3823,2025-08-27,Chandigarh,North
3824,2025-11-06,Delhi,North
3825,2025-11-05,Chennai,South
3826,2025-05-10,Mumbai,West
3827,2025-05-22,Hyderabad,South
3828,2025-05-24,Chennai,South
3829,2025-03-25,Nagpur,Central
3830,2025-07-16,Chennai,South
3831,2025-06-29,Hyderabad,South
3832,2025-02-22,Chandigarh,North
3833,2025-06-15,Indore,Central
3834,2025-05-05,Hyderabad,South
3835,2025-06-30,Bangalore,South
3836,2025-10-24,Mumbai,West
3837,2025-07-22,Nagpur,Central
3838,2025-04-02,Mumbai,West
3839,2025-04-14,Chandigarh,North
3840,2025-10-05,Kolkata,East
3841,2025-06-03,Kolkata,East
3842,2025-10-01,Chennai,South
3843,2025-02-08,Chennai,South
3844,2025-07-28,Delhi,North
3845,2025-10-03,Mumbai,West
3846,2025-02-15,Lucknow,North
3847,2025-08-01,Indore,Central
3848,2025-10-03,Ahmedabad,West
3849,2025-06-11,Ahmedabad,West
3850,2025-09-08,Delhi,North
3851,2025-02-07,Delhi,North
3852,2025-04-26,Mumbai,West
3853,2025-11-15,Lucknow,North
3854,2025-07-22,Patna,East
3855,2025-05-19,Lucknow,North
3856,2025-07-31,Delhi,North
3857,2025-01-02,Delhi,North
3858,2025-03-16,Kolkata,East
3859,2025-10-03,Bangalore,South
3860,2025-06-21,Bhopal,Central
3861,2025-10-19,Patna,East
3862,2025-04-12,Pune,West
3863,2025-11-07,Hyderabad,South
3864,2025-05-31,Chennai,South
3865,2025-05-11,Hyderabad,South
3866,2025-09-27,Chennai,South
3867,2025-03-26,Bangalore,South
3868,2025-05-31,Jaipur,North
3869,2025-05-28,Kolkata,East
3870,2025-10-23,Hyderabad,South
3871,2025-11-12,Mumbai,West
3872,2025-01-28,Chennai,South
3873,2025-11-15,Chennai,South
3874,2025-04-06,Chandigarh,North
3875,2025-06-24,Hyderabad,South
3876,2025-11-04,Mumbai,West
3877,2025-11-27,Hyderabad,South
3878,2025-10-06,Indore,Central
3879,2025-10-04,Ahmedabad,West
3880,2025-02-23,Chennai,South
3881,2025-02-07,Kolkata,East
3882,2025-02-18,Kolkata,East
3883,2025-10-17,Patna,East
3884,2025-05-20,Mumbai,West
3885,2025-09-07,Chandigarh,North
3886,2025-11-19,Patna,East
3887,2025-10-25,Bhopal,Central
3888,2025-11-07,Kolkata,East
3889,2025-08-15,Jaipur,North
3890,2025-08-28,Hyderabad,South
3891,2025-06-18,Jaipur,North
3892,2025-02-25,Lucknow,North
3893,2025-03-20,Lucknow,North
3894,2025-04-23,Chennai,South
3895,2025-08-10,Kolkata,East
3896,2025-11-23,Nagpur,Central
3897,2025-10-13,Mumbai,West
3898,2025-06-05,Indore,Central
3899,2025-10-25,Jaipur,North
3900,2025-07-01,Nagpur,Central
3901,2025-05-20,Delhi,North
3902,2025-08-10,Chennai,South
3903,2025-07-03,Chandigarh,North
3904,2025-06-26,Hyderabad,South
3905,2025-08-21,Patna,East
3906,2025-06-22,Hyderabad,South
3907,2025-05-27,Jaipur,North
3908,2025-09-08,Delhi,North
3909,2025-08-06,Pune,West
3910,2025-06-03,Hyderabad,South
3911,2025-07-12,Bangalore,South
3912,2025-04-17,Bangalore,South
3913,2025-10-05,Mumbai,West
3914,2025-04-22,Bhopal,Central
3915,2025-04-04,Bhopal,Central
3916,2025-04-04,Bangalore,South
3917,2025-10-17,Jaipur,North
3918,2025-11-06,Hyderabad,South
3919,2025-10-18,Pune,West
3920,2025-07-13,Indore,Central
3921,2025-04-28,Indore,Central
3922,2025-10-05,Bangalore,South
3923,2025-02-07,Lucknow,North
3924,2025-11-03,Bangalore,South
3925,2025-10-14,Bhopal,Central
3926,2025-08-02,Hyderabad,South
3927,2025-06-15,Kolkata,East
3928,2025-06-08,Pune,West
3929,2025-10-03,Ahmedabad,West
3930,2025-02-21,Hyderabad,South
3931,2025-10-23,Indore,Central
3932,2025-05-20,Hyderabad,South
3933,2025-01-08,Lucknow,North
3934,2025-10-22,Chennai,South
3935,2025-10-05,Bangalore,South
3936,2025-10-02,Pune,West
3937,2025-08-25,Chennai,South
3938,2025-07-16,Delhi,North
3939,2025-10-05,Mumbai,West
3940,2025-06-05,Bangalore,South
3941,2025-11-07,Kolkata,East
3942,2025-06-22,Nagpur,Central
3943,2025-10-08,Delhi,North
3944,2025-02-28,Chennai,South
3945,2025-10-17,Chennai,South
3946,2025-11-02,Mumbai,West
3947,2025-08-14,Ahmedabad,West
3948,2025-04-11,Ahmedabad,West
3949,2025-10-12,Delhi,North
3950,2025-11-11,Mumbai,West
3951,2025-02-24,Delhi,North
3952,2025-06-22,Patna,East
3953,2025-05-25,Nagpur,Central
3954,2025-04-17,Mumbai,West
3955,2025-08-04,Bangalore,South
3956,2025-08-25,Indore,Central
3957,2025-04-26,Bhopal,Central
3958,2025-03-22,Bangalore,South
3959,2025-05-26,Hyderabad,South
3960,2025-06-05,Chennai,South
3961,2025-07-26,Lucknow,North
3962,2025-07-03,Mumbai,West
3963,2025-10-16,Mumbai,West
3964,2025-08-05,Ahmedabad,West
3965,2025-05-09,Bangalore,South
3966,2025-10-19,Lucknow,North
3967,2025-09-15,Chennai,South
3968,2025-03-14,Hyderabad,South
3969,2025-10-09,Ahmedabad,West
3970,2025-04-16,Hyderabad,South
3971,2025-03-27,Chandigarh,North
3972,2025-08-17,Kolkata,East
3973,2025-03-06,Bangalore,South
3974,2025-10-20,Jaipur,North
3975,2025-05-31,Delhi,North
3976,2025-10-26,Bhopal,Central
3977,2025-08-22,Mumbai,West
3978,2025-04-25,Jaipur,North
3979,2025-05-28,Mumbai,West
3980,2025-10-12,Hyderabad,South
3981,2025-03-11,Patna,East
3982,2025-05-17,Indore,Central
3983,2025-04-22,Chennai,South
3984,2025-08-03,Delhi,North
3985,2025-04-23,Indore,Central
3986,2025-05-27,Indore,Central
3987,2025-05-02,Delhi,North
3988,2025-05-29,Bangalore,South
3989,2025-10-23,Hyderabad,South
3990,2025-07-11,Chandigarh,North
3991,2025-11-12,Mumbai,West
3992,2025-10-08,Mumbai,West
3993,2025-09-11,Lucknow,North
3994,2025-12-08,Delhi,North
3995,2025-04-15,Delhi,North
3996,2025-07-24,Chennai,South
3997,2025-06-19,Mumbai,West
3998,2025-07-10,Delhi,North
3999,2025-07-25,Jaipur,North
4000,2025-04-05,Chennai,South
4001,2025-05-22,Jaipur,North
4002,2025-02-05,Bhopal,Central
4003,2025-10-19,Lucknow,North
4004,2025-03-16,Hyderabad,South
4005,2025-11-06,Bangalore,South
4006,2025-04-02,Hyderabad,South
4007,2025-10-13,Bangalore,South
4008,2025-10-03,Delhi,North
4009,2025-03-08,Lucknow,North
4010,2025-10-26,Bangalore,South
4011,2025-08-11,Chennai,South
4012,2025-11-21,Chennai,South
4013,2025-08-27,Lucknow,North
4014,2025-09-08,Chennai,South
4015,2025-05-07,Pune,West
4016,2025-10-18,Mumbai,West
4017,2025-10-15,Chandigarh,North
4018,2025-03-01,Bhopal,Central
4019,2025-12-07,Chennai,South
4020,2025-07-03,Chennai,South
4021,2025-11-05,Chennai,South
4022,2025-10-14,Bangalore,South
4023,2025-04-02,Jaipur,North
4024,2025-06-14,Patna,East
4025,2025-05-07,Lucknow,North
4026,2025-03-05,Patna,East
4027,2025-09-18,Bangalore,South
4028,2025-05-02,Bangalore,South
4029,2025-08-20,Jaipur,North
4030,2025-07-08,Bangalore,South
4031,2025-11-03,Jaipur,North
4032,2025-08-11,Bangalore,South
4033,2025-03-15,Delhi,North
4034,2025-05-11,Indore,Central
4035,2025-03-09,Chennai,South
4036,2025-11-18,Indore,Central
4037,2025-07-31,Patna,East
4038,2025-07-13,Kolkata,East
4039,2025-02-19,Lucknow,North
4040,2025-04-30,Jaipur,North
4041,2025-02-24,Indore,Central
4042,2025-08-31,Mumbai,West
4043,2025-04-28,Hyderabad,South
4044,2025-06-15,Jaipur,North
4045,2025-10-03,Bangalore,South
4046,2025-11-28,Hyderabad,South
4047,2025-07-02,Hyderabad,South
4048,2025-03-27,Lucknow,North
4049,2025-11-12,Patna,East
4050,2025-02-11,Chennai,South
4051,2025-05-14,Chandigarh,North
4052,2025-02-07,Ahmedabad,West
4053,2025-08-12,Bhopal,Central
4054,2025-06-06,Ahmedabad,West
4055,2025-08-02,Kolkata,East
4056,2025-07-19,Hyderabad,South
4057,2025-04-10,Bhopal,Central
4058,2025-03-12,Chennai,South
4059,2025-10-19,Bhopal,Central
4060,2025-10-28,Indore,Central
4061,2025-11-20,Chennai,South
4062,2025-02-15,Delhi,North
4063,2025-06-28,Jaipur,North
4064,2025-08-16,Mumbai,West
4065,2025-10-14,Nagpur,Central
4066,2025-06-19,Delhi,North
4067,2025-05-26,Bangalore,South
4068,2025-04-14,Chandigarh,North
4069,2025-01-31,Ahmedabad,West
4070,2025-08-16,Bhopal,Central
4071,2025-05-26,Mumbai,West
4072,2025-10-27,Ahmedabad,West
4073,2025-08-10,Jaipur,North
4074,2025-10-09,Ahmedabad,West
4075,2025-10-11,Jaipur,North
4076,2025-07-22,Lucknow,North
4077,2025-10-19,Bangalore,South
4078,2025-02-21,Bangalore,South
4079,2025-03-22,Jaipur,North
4080,2025-08-06,Chennai,South
4081,2025-09-09,Jaipur,North
4082,2025-10-21,Hyderabad,South
4083,2025-04-07,Pune,West
4084,2025-11-20,Lucknow,North
4085,2025-11-19,Mumbai,West
4086,2025-09-21,Chennai,South
4087,2025-03-16,Chennai,South
4088,2025-07-25,Kolkata,East
4089,2025-10-01,Patna,East
4090,2025-08-31,Hyderabad,South
4091,2025-10-21,Ahmedabad,West
4092,2025-11-25,Chennai,South
4093,2025-08-04,Mumbai,West
4094,2025-07-27,Nagpur,Central
4095,2025-06-16,Chennai,South
4096,2025-06-01,Bangalore,South
4097,2025-04-11,Hyderabad,South
4098,2025-02-07,Mumbai,West
4099,2025-07-29,Delhi,North
4100,2025-06-28,Delhi,North
4101,2025-06-15,Ahmedabad,West
4102,2025-08-12,Bangalore,South
4103,2025-02-14,Lucknow,North
4104,2025-11-20,Chennai,South
4105,2025-11-07,Hyderabad,South
4106,2025-02-23,Ahmedabad,West
4107,2025-05-15,Bhopal,Central
4108,2025-12-06,Delhi,North
4109,2025-08-08,Patna,East
4110,2025-09-09,Lucknow,North
4111,2025-11-08,Jaipur,North
4112,2025-05-31,Ahmedabad,West
4113,2025-06-15,Bangalore,South
4114,2025-10-01,Mumbai,West
4115,2025-06-04,Pune,West
4116,2025-08-31,Hyderabad,South
4117,2025-11-06,Bhopal,Central
4118,2025-10-03,Delhi,North
4119,2025-05-27,Delhi,North
4120,2025-09-19,Kolkata,East
4121,2025-11-11,Delhi,North
4122,2025-11-27,Lucknow,North
4123,2025-08-15,Pune,West
4124,2025-06-12,Indore,Central
4125,2025-09-28,Kolkata,East
4126,2025-03-05,Lucknow,North
4127,2025-05-05,Lucknow,North
4128,2025-12-15,Nagpur,Central
4129,2025-06-03,Hyderabad,South
4130,2025-06-14,Hyderabad,South
4131,2025-07-16,Hyderabad,South
4132,2025-06-09,Mumbai,West
4133,2025-11-07,Pune,West
4134,2025-06-15,Kolkata,East
4135,2025-10-23,Ahmedabad,West
4136,2025-03-24,Bangalore,South
4137,2025-08-08,Pune,West
4138,2025-04-05,Bangalore,South
4139,2025-05-30,Kolkata,East
4140,2025-04-26,Ahmedabad,West
4141,2025-06-21,Mumbai,West
4142,2025-07-18,Mumbai,West
4143,2025-07-06,Delhi,North
4144,2025-05-03,Indore,Central
4145,2025-04-02,Bhopal,Central
4146,2025-11-01,Jaipur,North
4147,2025-10-21,Delhi,North
4148,2025-04-19,Mumbai,West
4149,2025-09-02,Lucknow,North
4150,2025-07-24,Kolkata,East
4151,2025-04-28,Chennai,South
4152,2025-11-18,Bangalore,South
4153,2025-11-11,Ahmedabad,West
4154,2025-10-28,Mumbai,West
4155,2025-08-28,Mumbai,West
4156,2025-10-05,Bangalore,South
4157,2025-03-14,Jaipur,North
4158,2025-06-12,Nagpur,Central
4159,2025-05-08,Chandigarh,North
4160,2025-10-11,Kolkata,East
4161,2025-02-17,Kolkata,East
4162,2025-06-22,Bangalore,South
4163,2025-11-01,Lucknow,North
4164,2025-07-06,Delhi,North
4165,2025-03-03,Jaipur,North
4166,2025-05-28,Hyderabad,South
4167,2025-05-07,Bangalore,South
4168,2025-04-15,Delhi,North
4169,2025-05-15,Delhi,North
4170,2025-06-02,Hyderabad,South
4171,2025-09-23,Mumbai,West
4172,2025-07-28,Indore,Central
4173,2025-08-23,Delhi,North
4174,2025-10-07,Ahmedabad,West
4175,2025-11-20,Indore,Central
4176,2025-06-12,Patna,East
4177,2025-07-10,Kolkata,East
4178,2025-08-07,Chandigarh,North
4179,2025-11-05,Delhi,North
4180,2025-05-06,Mumbai,West
4181,2025-10-19,Bangalore,South
4182,2025-06-11,Pune,West
4183,2025-04-16,Lucknow,North
4184,2025-03-28,Bangalore,South
4185,2025-03-23,Chennai,South
4186,2025-04-21,Kolkata,East
4187,2025-02-09,Mumbai,West
4188,2025-11-26,Kolkata,East
4189,2025-06-05,Pune,West
4190,2025-05-04,Pune,West
4191,2025-07-17,Pune,West
4192,2025-01-29,Patna,East
4193,2025-11-08,Mumbai,West
4194,2025-08-07,Lucknow,North
4195,2025-10-01,Lucknow,North
4196,2025-08-14,Hyderabad,South
4197,2025-06-10,Mumbai,West
4198,2025-06-22,Chennai,South
4199,2025-05-28,Bangalore,South
4200,2025-02-15,Lucknow,North
4201,2025-04-27,Indore,Central
4202,2025-07-11,Delhi,North
4203,2025-11-14,Mumbai,West
4204,2025-11-02,Bhopal,Central
4205,2025-04-03,Hyderabad,South
4206,2025-10-18,Mumbai,West
4207,2025-01-17,Kolkata,East
4208,2025-10-13,Jaipur,North
4209,2025-09-08,Chennai,South
4210,2025-01-12,Chennai,South
4211,2025-10-27,Delhi,North
4212,2025-01-06,Lucknow,North
4213,2025-05-28,Pune,West
4214,2025-11-04,Chennai,South
4215,2025-10-12,Kolkata,East
4216,2025-03-16,Patna,East
4217,2025-10-22,Bangalore,South
4218,2025-06-27,Mumbai,West
4219,2025-06-19,Pune,West
4220,2025-04-09,Hyderabad,South
4221,2025-05-23,Delhi,North
4222,2025-07-01,Kolkata,East
4223,2025-10-28,Indore,Central
4224,2025-06-03,Bhopal,Central
4225,2025-06-09,Kolkata,East
4226,2025-09-28,Ahmedabad,West
4227,2025-05-10,Bangalore,South
4228,2025-06-03,Lucknow,North
4229,2025-01-13,Bangalore,South
4230,2025-10-18,Delhi,North
4231,2025-09-14,Pune,West
4232,2025-04-15,Kolkata,East
4233,2025-08-27,Hyderabad,South
4234,2025-07-02,Indore,Central
4235,2025-10-23,Hyderabad,South
4236,2025-08-29,Bangalore,South
4237,2025-10-23,Delhi,North
4238,2025-05-11,Pune,West
4239,2025-02-05,Pune,West
4240,2025-07-02,Mumbai,West
4241,2025-05-04,Pune,West
4242,2025-02-25,Chennai,South
4243,2025-10-24,Lucknow,North
4244,2025-05-16,Delhi,North
4245,2025-11-23,Mumbai,West
4246,2025-10-26,Chandigarh,North
4247,2025-09-19,Mumbai,West
4248,2025-05-19,Mumbai,West
4249,2025-03-10,Jaipur,North
4250,2025-02-12,Indore,Central
4251,2025-11-13,Hyderabad,South
4252,2025-10-27,Bangalore,South
4253,2025-06-18,Bangalore,South
4254,2025-08-24,Lucknow,North
4255,2025-08-12,Mumbai,West
4256,2025-08-20,Pune,West
4257,2025-11-08,Indore,Central
4258,2025-04-04,Mumbai,West
4259,2025-05-19,Bangalore,South
4260,2025-06-08,Bangalore,South
4261,2025-02-25,Bangalore,South
4262,2025-10-06,Nagpur,Central
4263,2025-04-29,Mumbai,West
4264,2025-10-09,Mumbai,West
4265,2025-03-22,Pune,West
4266,2025-03-03,Mumbai,West
4267,2025-04-20,Ahmedabad,West
4268,2025-04-26,Delhi,North
4269,2025-11-08,Bhopal,Central
4270,2025-08-24,Bhopal,Central
4271,2025-09-01,Lucknow,North
4272,2025-08-28,Chandigarh,North
4273,2025-03-23,Bangalore,South
4274,2025-03-16,Mumbai,West
4275,2025-10-08,Jaipur,North
4276,2025-07-01,Jaipur,North
4277,2025-10-17,Delhi,North
4278,2025-03-12,Mumbai,West
4279,2025-09-02,Hyderabad,South
4280,2025-08-09,Hyderabad,South
4281,2025-04-22,Hyderabad,South
4282,2025-03-29,Jaipur,North
4283,2025-10-14,Hyderabad,South
4284,2025-11-26,Hyderabad,South
4285,2025-07-25,Lucknow,North
4286,2025-03-09,Ahmedabad,West
4287,2025-06-05,Patna,East
4288,2025-10-21,Ahmedabad,West
4289,2025-04-14,Mumbai,West
4290,2025-06-23,Indore,Central
4291,2025-05-14,Pune,West
4292,2025-06-14,Hyderabad,South
4293,2025-11-11,Kolkata,East
4294,2025-03-02,Nagpur,Central
4295,2025-10-19,Chennai,South
4296,2025-04-13,Hyderabad,South
4297,2025-07-20,Delhi,North
4298,2025-04-25,Chennai,South
4299,2025-01-30,Hyderabad,South
4300,2025-09-13,Jaipur,North
4301,2025-09-26,Chennai,South
4302,2025-11-26,Patna,East
4303,2025-10-01,Ahmedabad,West
4304,2025-10-08,Lucknow,North
4305,2025-01-23,Nagpur,Central
4306,2025-10-03,Mumbai,West
4307,2025-02-17,Hyderabad,South
4308,2025-05-07,Lucknow,North
4309,2025-10-05,Patna,East
4310,2025-01-29,Pune,West
4311,2025-03-21,Bangalore,South
4312,2025-03-27,Bhopal,Central
4313,2025-05-08,Mumbai,West
4314,2025-09-24,Chandigarh,North
4315,2025-11-11,Chandigarh,North
4316,2025-06-10,Chennai,South
4317,2025-07-12,Ahmedabad,West
4318,2025-10-16,Bangalore,South
4319,2025-02-28,Chennai,South
4320,2025-08-23,Kolkata,East
4321,2025-05-15,Kolkata,East
4322,2025-06-17,Patna,East
4323,2025-11-16,Lucknow,North
4324,2025-03-04,Delhi,North
4325,2025-04-28,Nagpur,Central
4326,2025-04-25,Bhopal,Central
4327,2025-11-21,Hyderabad,South
4328,2025-03-28,Indore,Central
4329,2025-05-04,Chennai,South
4330,2025-05-29,Chandigarh,North
4331,2025-05-11,Mumbai,West
4332,2025-01-23,Mumbai,West
4333,2025-04-28,Delhi,North
4334,2025-07-15,Kolkata,East
4335,2025-08-06,Hyderabad,South
4336,2025-12-14,Hyderabad,South
4337,2025-07-11,Ahmedabad,West
4338,2025-07-21,Patna,East
4339,2025-06-30,Hyderabad,South
4340,2025-02-01,Bangalore,South
4341,2025-08-30,Delhi,North
4342,2025-06-18,Bangalore,South
4343,2025-02-25,Bhopal,Central
4344,2025-10-25,Patna,East
4345,2025-02-01,Kolkata,East
4346,2025-04-26,Delhi,North
4347,2025-08-01,Kolkata,East
4348,2025-04-03,Lucknow,North
4349,2025-11-06,Nagpur,Central
4350,2025-08-03,Ahmedabad,West
4351,2025-10-04,Pune,West
4352,2025-09-03,Lucknow,North
4353,2025-07-27,Hyderabad,South
4354,2025-11-16,Chandigarh,North
4355,2025-02-07,Lucknow,North
4356,2025-03-20,Pune,West
4357,2025-07-31,Hyderabad,South
4358,2025-11-07,Lucknow,North
4359,2025-01-16,Jaipur,North
4360,2025-08-23,Mumbai,West
4361,2025-10-01,Hyderabad,South
4362,2025-11-13,Pune,West
4363,2025-10-25,Pune,West
4364,2025-08-26,Lucknow,North
4365,2025-02-10,Hyderabad,South
4366,2025-08-26,Pune,West
4367,2025-04-27,Chennai,South
4368,2025-06-09,Chennai,South
4369,2025-04-15,Mumbai,West
4370,2025-09-21,Mumbai,West
4371,2025-11-11,Chennai,South
4372,2025-08-21,Chennai,South
4373,2025-11-11,Bangalore,South
4374,2025-10-10,Chennai,South
4375,2025-03-17,Kolkata,East
4376,2025-07-10,Delhi,North
4377,2025-08-04,Hyderabad,South
4378,2025-12-10,Bhopal,Central
4379,2025-10-12,Bangalore,South
4380,2025-04-11,Pune,West
4381,2025-05-10,Delhi,North
4382,2025-11-09,Hyderabad,South
4383,2025-08-29,Jaipur,North
4384,2025-06-26,Kolkata,East
4385,2025-08-20,Chandigarh,North
4386,2025-06-10,Kolkata,East
4387,2025-11-05,Nagpur,Central
4388,2025-04-15,Bangalore,South
4389,2025-05-24,Hyderabad,South
4390,2025-06-07,Mumbai,West
4391,2025-11-19,Mumbai,West
4392,2025-07-03,Ahmedabad,West
4393,2025-11-12,Pune,West
4394,2025-10-15,Bangalore,South
4395,2025-03-03,Bhopal,Central
4396,2025-10-17,Bhopal,Central
4397,2025-06-14,Chennai,South
4398,2025-07-15,Chennai,South
4399,2025-04-29,Bangalore,South
4400,2025-03-15,Mumbai,West
4401,2025-08-18,Mumbai,West
4402,2025-03-01,Ahmedabad,West
4403,2025-10-02,Hyderabad,South
4404,2025-04-03,Delhi,North
4405,2025-04-05,Nagpur,Central
4406,2025-07-23,Pune,West
4407,2025-11-14,Bhopal,Central
4408,2025-03-25,Chennai,South
4409,2025-02-27,Delhi,North
4410,2025-06-08,Ahmedabad,West
4411,2025-06-30,Mumbai,West
4412,2025-05-24,Hyderabad,South
4413,2025-09-29,Ahmedabad,West
4414,2025-05-22,Lucknow,North
4415,2025-09-04,Delhi,North
4416,2025-02-02,Bangalore,South
4417,2025-05-30,Mumbai,West
4418,2025-11-20,Hyderabad,South
4419,2025-10-25,Mumbai,West
4420,2025-05-19,Chennai,South
4421,2025-07-18,Mumbai,West
4422,2025-02-15,Nagpur,Central
4423,2025-05-25,Lucknow,North
4424,2025-06-27,Kolkata,East
4425,2025-04-29,Chennai,South
4426,2025-05-05,Delhi,North
4427,2025-06-29,Hyderabad,South
4428,2025-09-28,Mumbai,West
4429,2025-10-05,Chennai,South
4430,2025-07-16,Pune,West
4431,2025-05-28,Kolkata,East
4432,2025-04-18,Lucknow,North
4433,2025-11-24,Chennai,South
4434,2025-05-26,Nagpur,Central
4435,2025-09-04,Chennai,South
4436,2025-05-24,Delhi,North
4437,2025-05-22,Chennai,South
4438,2025-06-09,Ahmedabad,West
4439,2025-02-28,Indore,Central
4440,2025-08-04,Mumbai,West
4441,2025-05-31,Nagpur,Central
4442,2025-07-22,Chandigarh,North
4443,2025-10-25,Chennai,South
4444,2025-09-18,Bangalore,South
4445,2025-10-04,Chennai,South
4446,2025-03-07,Nagpur,Central
4447,2025-03-22,Hyderabad,South
4448,2025-07-13,Kolkata,East
4449,2025-06-03,Delhi,North
4450,2025-02-05,Jaipur,North
4451,2025-09-14,Hyderabad,South
4452,2025-04-25,Jaipur,North
4453,2025-04-19,Bhopal,Central
4454,2025-04-09,Nagpur,Central
4455,2025-02-24,Indore,Central
4456,2025-03-19,Delhi,North
4457,2025-10-02,Lucknow,North
4458,2025-08-04,Chennai,South
4459,2025-11-19,Chennai,South
4460,2025-05-21,Jaipur,North
4461,2025-07-22,Chennai,South
4462,2025-08-16,Jaipur,North
4463,2025-10-19,Chandigarh,North
4464,2025-10-05,Delhi,North
4465,2025-08-26,Ahmedabad,West
4466,2025-09-07,Delhi,North
4467,2025-10-07,Chennai,South
4468,2025-02-20,Bangalore,South
4469,2025-06-26,Bhopal,Central
4470,2025-05-07,Indore,Central
4471,2025-02-20,Indore,Central
4472,2025-03-27,Chandigarh,North
4473,2025-09-04,Chennai,South
4474,2025-11-21,Bangalore,South
4475,2025-05-18,Pune,West
4476,2025-04-10,Bangalore,South
4477,2025-11-26,Chennai,South
4478,2025-10-03,Hyderabad,South
4479,2025-08-28,Kolkata,East
4480,2025-09-23,Kolkata,East
4481,2025-02-08,Hyderabad,South
4482,2025-03-16,Chennai,South
4483,2025-07-26,Jaipur,North
4484,2025-02-16,Lucknow,North
4485,2025-10-18,Mumbai,West
4486,2025-07-21,Kolkata,East
4487,2025-10-10,Mumbai,West
4488,2025-06-17,Mumbai,West
4489,2025-11-06,Lucknow,North
4490,2025-04-16,Ahmedabad,West
4491,2025-04-24,Mumbai,West
4492,2025-10-07,Pune,West
4493,2025-06-19,Ahmedabad,West
4494,2025-02-02,Jaipur,North
4495,2025-08-06,Ahmedabad,West
4496,2025-03-29,Jaipur,North
4497,2025-11-08,Bangalore,South
4498,2025-05-17,Delhi,North
4499,2025-06-08,Mumbai,West
4500,2025-04-08,Bangalore,South
4501,2025-04-13,Ahmedabad,West
4502,2025-02-23,Kolkata,East
4503,2025-01-22,Mumbai,West
4504,2025-05-08,Bangalore,South
4505,2025-07-16,Hyderabad,South
4506,2025-11-23,Mumbai,West
4507,2025-06-21,Kolkata,East
4508,2025-11-13,Chennai,South
4509,2025-02-28,Ahmedabad,West
4510,2025-07-16,Chandigarh,North
4511,2025-10-21,Hyderabad,South
4512,2025-04-10,Delhi,North
4513,2025-03-13,Chennai,South
4514,2025-08-08,Jaipur,North
4515,2025-11-07,Pune,West
4516,2025-08-07,Hyderabad,South
4517,2025-05-16,Lucknow,North
4518,2025-05-16,Nagpur,Central
4519,2025-10-18,Bangalore,South
4520,2025-08-26,Chennai,South
4521,2025-06-01,Patna,East
4522,2025-05-23,Pune,West
4523,2025-11-14,Bhopal,Central
4524,2025-07-31,Ahmedabad,West
4525,2025-11-24,Chandigarh,North
4526,2025-05-28,Hyderabad,South
4527,2025-07-19,Ahmedabad,West
4528,2025-10-05,Bhopal,Central
4529,2025-04-10,Kolkata,East
4530,2025-10-01,Chennai,South
4531,2025-10-11,Chennai,South
4532,2025-04-15,Delhi,North
4533,2025-03-15,Delhi,North
4534,2025-02-14,Bangalore,South
4535,2025-09-25,Lucknow,North
4536,2025-06-10,Ahmedabad,West
4537,2025-09-26,Mumbai,West
4538,2025-08-02,Ahmedabad,West
4539,2025-02-20,Delhi,North
4540,2025-10-22,Chennai,South
4541,2025-07-18,Mumbai,West
4542,2025-06-09,Lucknow,North
4543,2025-06-10,Mumbai,West
4544,2025-09-20,Hyderabad,South
4545,2025-09-21,Bangalore,South
4546,2025-04-26,Chandigarh,North
4547,2025-04-07,Bangalore,South
4548,2025-07-21,Ahmedabad,West
4549,2025-06-13,Ahmedabad,West
4550,2025-02-19,Kolkata,East
4551,2025-07-20,Bhopal,Central
4552,2025-05-24,Mumbai,West
4553,2025-11-07,Bangalore,South
4554,2025-10-08,Nagpur,Central
4555,2025-09-21,Delhi,North
4556,2025-09-18,Pune,West
4557,2025-07-16,Ahmedabad,West
4558,2025-04-24,Jaipur,North
4559,2025-05-14,Chandigarh,North
4560,2025-03-27,Patna,East
4561,2025-02-26,Kolkata,East
4562,2025-10-20,Bangalore,South
4563,2025-10-18,Nagpur,Central
4564,2025-05-23,Chennai,South
4565,2025-10-03,Chennai,South
4566,2025-04-13,Bhopal,Central
4567,2025-10-22,Mumbai,West
4568,2025-09-28,Bangalore,South
4569,2025-05-19,Chennai,South
4570,2025-06-09,Indore,Central
4571,2025-11-27,Ahmedabad,West
4572,2025-08-26,Kolkata,East
4573,2025-10-01,Mumbai,West
4574,2025-07-08,Kolkata,East
4575,2025-05-14,Ahmedabad,West
4576,2025-11-21,Hyderabad,South
4577,2025-04-30,Chennai,South
4578,2025-09-19,Chennai,South
4579,2025-07-21,Nagpur,Central
4580,2025-04-25,Pune,West
4581,2025-04-04,Bhopal,Central
4582,2025-03-04,Delhi,North
4583,2025-03-14,Ahmedabad,West
4584,2025-11-02,Jaipur,North
4585,2025-05-12,Jaipur,North
4586,2025-07-03,Bhopal,Central
4587,2025-09-17,Bangalore,South
4588,2025-11-06,Delhi,North
4589,2025-02-26,Kolkata,East
4590,2025-08-21,Kolkata,East
4591,2025-04-27,Lucknow,North
4592,2025-10-06,Chennai,South
4593,2025-10-26,Pune,West
4594,2025-07-26,Mumbai,West
4595,2025-03-06,Bangalore,South
4596,2025-08-08,Lucknow,North
4597,2025-04-06,Ahmedabad,West
4598,2025-04-27,Chennai,South
4599,2025-03-13,Chennai,South
4600,2025-03-28,Delhi,North
4601,2025-11-17,Mumbai,West
4602,2025-10-16,Jaipur,North
4603,2025-12-21,Nagpur,Central
4604,2025-10-26,Mumbai,West
4605,2025-10-03,Lucknow,North
4606,2025-10-04,Bhopal,Central
4607,2025-05-20,Chandigarh,North
4608,2025-10-04,Bangalore,South
4609,2025-11-23,Patna,East
4610,2025-03-23,Chennai,South
4611,2025-03-21,Bangalore,South
4612,2025-06-25,Chennai,South
4613,2025-10-15,Chennai,South
4614,2025-02-25,Hyderabad,South
4615,2025-07-04,Hyderabad,South
4616,2025-05-04,Mumbai,West
4617,2025-04-15,Bhopal,Central
4618,2025-11-14,Indore,Central
4619,2025-06-03,Bangalore,South
4620,2025-11-28,Chandigarh,North
4621,2025-05-23,Patna,East
4622,2025-05-06,Pune,West
4623,2025-02-26,Delhi,North
4624,2025-04-13,Kolkata,East
4625,2025-04-11,Chandigarh,North
4626,2025-09-02,Pune,West
4627,2025-03-06,Mumbai,West
4628,2025-11-05,Ahmedabad,West
4629,2025-10-06,Ahmedabad,West
4630,2025-11-13,Lucknow,North
4631,2025-03-27,Mumbai,West
4632,2025-08-13,Delhi,North
4633,2025-05-21,Chandigarh,North
4634,2025-10-12,Nagpur,Central
4635,2025-03-09,Mumbai,West
4636,2025-10-13,Indore,Central
4637,2025-11-22,Mumbai,West
4638,2025-03-06,Lucknow,North
4639,2025-11-18,Jaipur,North
4640,2025-10-30,Patna,East
4641,2025-09-10,Patna,East
4642,2025-10-24,Mumbai,West
4643,2025-04-22,Patna,East
4644,2025-02-05,Delhi,North
4645,2025-05-08,Jaipur,North
4646,2025-07-16,Kolkata,East
4647,2025-08-10,Pune,West
4648,2025-05-14,Chennai,South
4649,2025-03-19,Indore,Central
4650,2025-05-30,Bangalore,South
4651,2025-03-26,Hyderabad,South
4652,2025-10-04,Lucknow,North
4653,2025-06-22,Hyderabad,South
4654,2025-06-03,Nagpur,Central
4655,2025-09-23,Hyderabad,South
4656,2025-11-01,Bangalore,South
4657,2025-03-04,Patna,East
4658,2025-11-20,Lucknow,North
4659,2025-06-25,Mumbai,West
4660,2025-04-11,Kolkata,East
4661,2025-07-02,Pune,West
4662,2025-11-07,Kolkata,East
4663,2025-04-22,Mumbai,West
4664,2025-03-17,Chandigarh,North
4665,2025-02-11,Patna,East
4666,2025-07-17,Pune,West
4667,2025-11-21,Bangalore,South
4668,2025-08-21,Chandigarh,North
4669,2025-11-14,Pune,West
4670,2025-06-20,Jaipur,North
4671,2025-11-16,Bangalore,South
4672,2025-02-09,Chandigarh,North
4673,2025-11-19,Pune,West
4674,2025-11-03,Bangalore,South
4675,2025-06-08,Hyderabad,South
4676,2025-07-27,Nagpur,Central
4677,2025-10-01,Hyderabad,South
4678,2025-03-23,Patna,East
4679,2025-07-19,Lucknow,North
4680,2025-04-22,Ahmedabad,West
4681,2025-11-04,Chennai,South
4682,2025-11-07,Delhi,North
4683,2025-11-11,Indore,Central
4684,2025-09-05,Hyderabad,South
4685,2025-08-10,Kolkata,East
4686,2025-05-30,Bangalore,South
4687,2025-03-05,Delhi,North
4688,2025-04-14,Bangalore,South
4689,2025-05-08,Jaipur,North
4690,2025-11-06,Patna,East
4691,2025-05-27,Chennai,South
4692,2025-06-08,Chennai,South
4693,2025-06-04,Delhi,North
4694,2025-09-28,Pune,West
4695,2025-11-03,Mumbai,West
4696,2025-03-14,Patna,East
4697,2025-05-10,Kolkata,East
4698,2025-05-24,Kolkata,East
4699,2025-07-12,Hyderabad,South
4700,2025-02-18,Chandigarh,North
4701,2025-10-24,Chennai,South
4702,2025-10-02,Mumbai,West
4703,2025-04-16,Jaipur,North
4704,2025-08-05,Ahmedabad,West
4705,2025-05-20,Bangalore,South
4706,2025-08-05,Delhi,North
4707,2025-10-06,Lucknow,North
4708,2025-03-05,Chennai,South
4709,2025-10-26,Indore,Central
4710,2025-11-17,Ahmedabad,West
4711,2025-04-15,Delhi,North
4712,2025-05-03,Delhi,North
4713,2025-04-16,Chennai,South
4714,2025-07-06,Jaipur,North
4715,2025-08-14,Ahmedabad,West
4716,2025-04-15,Mumbai,West
4717,2025-05-24,Ahmedabad,West
4718,2025-03-19,Chandigarh,North
4719,2025-07-14,Mumbai,West
4720,2025-10-17,Chandigarh,North
4721,2025-08-22,Hyderabad,South
4722,2025-11-10,Chennai,South
4723,2025-11-10,Mumbai,West
4724,2025-04-25,Bangalore,South
4725,2025-06-15,Mumbai,West
4726,2025-08-21,Bangalore,South
4727,2025-11-06,Patna,East
4728,2025-07-03,Indore,Central
4729,2025-06-25,Kolkata,East
4730,2025-02-24,Hyderabad,South
4731,2025-06-06,Bangalore,South
4732,2025-03-25,Bangalore,South
4733,2025-06-14,Ahmedabad,West
4734,2025-08-19,Indore,Central
4735,2025-08-16,Mumbai,West
4736,2025-06-09,Bangalore,South
4737,2025-12-27,Kolkata,East
4738,2025-07-21,Mumbai,West
4739,2025-04-27,Delhi,North
4740,2025-03-04,Jaipur,North
4741,2025-06-12,Lucknow,North
4742,2025-03-13,Hyderabad,South
4743,2025-05-29,Bangalore,South
4744,2025-10-12,Chandigarh,North
4745,2025-08-07,Bangalore,South
4746,2025-05-16,Chennai,South
4747,2025-10-23,Delhi,North
4748,2025-05-20,Chennai,South
4749,2025-03-16,Chennai,South
4750,2025-10-06,Bhopal,Central
4751,2025-10-02,Bangalore,South
4752,2025-04-15,Hyderabad,South
4753,2025-08-13,Ahmedabad,West
4754,2025-09-28,Pune,West
4755,2025-02-16,Bhopal,Central
4756,2025-11-17,Indore,Central
4757,2025-02-10,Delhi,North
4758,2025-03-27,Lucknow,North
4759,2025-07-02,Bangalore,South
4760,2025-06-01,Bhopal,Central
4761,2025-11-05,Delhi,North
4762,2025-10-31,Bhopal,Central
4763,2025-02-17,Lucknow,North
4764,2025-07-18,Hyderabad,South
4765,2025-08-27,Lucknow,North
4766,2025-08-09,Bhopal,Central
4767,2025-05-10,Bhopal,Central
4768,2025-10-17,Hyderabad,South
4769,2025-08-14,Kolkata,East
4770,2025-10-02,Mumbai,West
4771,2025-10-15,Delhi,North
4772,2025-08-27,Chennai,South
4773,2025-04-05,Mumbai,West
4774,2025-08-14,Bhopal,Central
4775,2025-07-02,Delhi,North
4776,2025-08-19,Chandigarh,North
4777,2025-11-07,Delhi,North
4778,2025-08-04,Bangalore,South
4779,2025-05-14,Mumbai,West
4780,2025-11-07,Mumbai,West
4781,2025-05-07,Mumbai,West
4782,2025-10-11,Chennai,South
4783,2025-06-07,Pune,West
4784,2025-03-09,Chennai,South
4785,2025-03-04,Chennai,South
4786,2025-01-26,Hyderabad,South
4787,2025-11-26,Chandigarh,North
4788,2025-11-18,Indore,Central
4789,2025-08-23,Mumbai,West
4790,2025-05-24,Chennai,South
4791,2025-06-10,Bangalore,South
4792,2025-04-29,Chandigarh,North
4793,2025-05-30,Chennai,South
4794,2025-04-14,Hyderabad,South
4795,2025-05-10,Delhi,North
4796,2025-11-18,Bangalore,South
4797,2025-10-01,Hyderabad,South
4798,2025-11-25,Ahmedabad,West
4799,2025-02-28,Chennai,South
4800,2025-06-01,Jaipur,North
4801,2025-08-11,Delhi,North
4802,2025-07-24,Hyderabad,South
4803,2025-03-16,Chandigarh,North
4804,2025-05-16,Chennai,South
4805,2025-06-21,Patna,East
4806,2025-04-20,Lucknow,North
4807,2025-05-26,Bangalore,South
4808,2025-10-31,Chandigarh,North
4809,2025-08-18,Mumbai,West
4810,2025-09-02,Indore,Central
4811,2025-07-17,Chennai,South
4812,2025-04-28,Indore,Central
4813,2025-11-21,Chennai,South
4814,2025-11-06,Ahmedabad,West
4815,2025-06-23,Lucknow,North
4816,2025-11-18,Indore,Central
4817,2025-04-06,Indore,Central
4818,2025-03-30,Chandigarh,North
4819,2025-10-07,Chandigarh,North
4820,2025-10-07,Delhi,North
4821,2025-03-14,Hyderabad,South
4822,2025-09-20,Bangalore,South
4823,2025-10-12,Mumbai,West
4824,2025-06-23,Delhi,North
4825,2025-08-28,Lucknow,North
4826,2025-09-06,Delhi,North
4827,2025-08-31,Pune,West
4828,2025-09-03,Bangalore,South
4829,2025-07-10,Bangalore,South
4830,2025-11-07,Ahmedabad,West
4831,2025-03-16,Pune,West
4832,2025-04-19,Ahmedabad,West
4833,2025-06-14,Kolkata,East
4834,2025-02-28,Bangalore,South
4835,2025-07-01,Lucknow,North
4836,2025-10-14,Hyderabad,South
4837,2025-04-29,Hyderabad,South
4838,2025-01-27,Mumbai,West
4839,2025-10-22,Mumbai,West
4840,2025-10-28,Bangalore,South
4841,2025-09-16,Patna,East
4842,2025-03-28,Chandigarh,North
4843,2025-02-03,Bangalore,South
4844,2025-03-06,Bangalore,South
4845,2025-06-06,Chennai,South
4846,2025-09-21,Chennai,South
4847,2025-04-03,Chandigarh,North
4848,2025-06-13,Delhi,North
4849,2025-06-25,Lucknow,North
4850,2025-11-19,Hyderabad,South
4851,2025-04-10,Bhopal,Central
4852,2025-06-03,Chennai,South
4853,2025-09-27,Pune,West
4854,2025-04-21,Chennai,South
4855,2025-06-04,Jaipur,North
4856,2025-10-23,Hyderabad,South
4857,2025-06-05,Delhi,North
4858,2025-11-13,Chandigarh,North
4859,2025-04-09,Nagpur,Central
4860,2025-08-23,Bhopal,Central
4861,2025-09-02,Jaipur,North
4862,2025-11-13,Nagpur,Central
4863,2025-11-19,Hyderabad,South
4864,2025-08-21,Chennai,South
4865,2025-11-07,Mumbai,West
4866,2025-08-06,Kolkata,East
4867,2025-10-01,Delhi,North
4868,2025-04-15,Hyderabad,South
4869,2025-03-26,Ahmedabad,West
4870,2025-01-15,Indore,Central
4871,2025-08-08,Mumbai,West
4872,2025-02-16,Chennai,South
4873,2025-10-13,Bangalore,South
4874,2025-10-20,Delhi,North
4875,2025-04-03,Delhi,North
4876,2025-08-23,Ahmedabad,West
4877,2025-03-10,Ahmedabad,West
4878,2025-06-02,Jaipur,North
4879,2025-06-18,Chennai,South
4880,2025-07-01,Patna,East
4881,2025-04-19,Delhi,North
4882,2025-11-14,Hyderabad,South
4883,2025-05-20,Bhopal,Central
4884,2025-02-01,Mumbai,West
4885,2025-11-19,Hyderabad,South
4886,2025-04-08,Nagpur,Central
4887,2025-08-01,Hyderabad,South
4888,2025-02-24,Ahmedabad,West
4889,2025-04-27,Chennai,South
4890,2025-02-19,Ahmedabad,West
4891,2025-06-20,Hyderabad,South
4892,2025-11-01,Mumbai,West
4893,2025-02-15,Ahmedabad,West
4894,2025-04-24,Mumbai,West
4895,2025-04-12,Delhi,North
4896,2025-05-02,Chennai,South
4897,2025-04-11,Chennai,South
4898,2025-10-26,Delhi,North
4899,2025-04-01,Delhi,North
4900,2025-08-18,Chandigarh,North
4901,2025-02-08,Mumbai,West
4902,2025-07-30,Chennai,South
4903,2025-02-17,Delhi,North
4904,2025-02-05,Mumbai,West
4905,2025-09-17,Indore,Central
4906,2025-06-04,Bangalore,South
4907,2025-07-07,Indore,Central
4908,2025-08-17,Chennai,South
4909,2025-01-22,Lucknow,North
4910,2025-02-04,Kolkata,East
4911,2025-03-06,Chandigarh,North
4912,2025-07-24,Pune,West
4913,2025-04-17,Jaipur,North
4914,2025-11-11,Mumbai,West
4915,2025-10-22,Delhi,North
4916,2025-05-29,Nagpur,Central
4917,2025-10-23,Chennai,South
4918,2025-08-19,Hyderabad,South
4919,2025-08-22,Lucknow,North
4920,2025-10-06,Delhi,North
4921,2025-09-21,Indore,Central
4922,2025-08-10,Lucknow,North
4923,2025-11-10,Kolkata,East
4924,2025-09-03,Indore,Central
4925,2025-06-06,Chennai,South
4926,2025-10-09,Delhi,North
4927,2025-03-17,Chennai,South
4928,2025-06-13,Chennai,South
4929,2025-05-04,Jaipur,North
4930,2025-05-09,Indore,Central
4931,2025-10-28,Bangalore,South
4932,2025-12-10,Hyderabad,South
4933,2025-11-10,Chandigarh,North
4934,2025-03-26,Chennai,South
4935,2025-07-01,Mumbai,West
4936,2025-04-01,Delhi,North
4937,2025-10-27,Nagpur,Central
4938,2025-05-13,Lucknow,North
4939,2025-02-23,Ahmedabad,West
4940,2025-04-21,Patna,East
4941,2025-11-14,Mumbai,West
4942,2025-03-17,Delhi,North
4943,2025-06-17,Chandigarh,North
4944,2025-11-26,Chennai,South
4945,2025-07-21,Lucknow,North
4946,2025-10-07,Indore,Central
4947,2025-11-24,Kolkata,East
4948,2025-01-31,Pune,West
4949,2025-05-30,Indore,Central
4950,2025-11-21,Nagpur,Central
4951,2025-04-02,Chennai,South
4952,2025-03-07,Chennai,South
4953,2025-07-14,Mumbai,West
4954,2025-07-20,Kolkata,East
4955,2025-11-25,Chennai,South
4956,2025-05-04,Pune,West
4957,2025-06-05,Mumbai,West
4958,2025-06-14,Lucknow,North
4959,2025-02-23,Delhi,North
4960,2025-06-03,Kolkata,East
4961,2025-03-06,Kolkata,East
4962,2025-07-24,Mumbai,West
4963,2025-11-24,Hyderabad,South
4964,2025-07-10,Kolkata,East
4965,2025-03-04,Hyderabad,South
4966,2025-08-05,Bangalore,South
4967,2025-10-01,Patna,East
4968,2025-10-14,Kolkata,East
4969,2025-03-24,Nagpur,Central
4970,2025-08-26,Delhi,North
4971,2025-11-10,Hyderabad,South
4972,2025-04-18,Nagpur,Central
4973,2025-07-30,Jaipur,North
4974,2025-10-13,Kolkata,East
4975,2025-08-29,Chennai,South
4976,2025-03-20,Mumbai,West
4977,2025-04-08,Hyderabad,South
4978,2025-05-25,Delhi,North
4979,2025-10-03,Bangalore,South
4980,2025-08-08,Hyderabad,South
4981,2025-04-14,Indore,Central
4982,2025-04-29,Mumbai,West
4983,2025-10-26,Jaipur,North
4984,2025-05-26,Chandigarh,North
4985,2025-11-20,Kolkata,East
4986,2025-06-23,Hyderabad,South
4987,2025-11-22,Jaipur,North
4988,2025-11-25,Ahmedabad,West
4989,2025-10-04,Pune,West
4990,2025-02-14,Pune,West
4991,2025-02-16,Chandigarh,North
4992,2025-04-09,Kolkata,East
4993,2025-02-04,Mumbai,West
4994,2025-04-29,Kolkata,East
4995,2025-05-28,Mumbai,West
4996,2025-11-10,Nagpur,Central
4997,2025-05-29,Delhi,North
4998,2025-04-21,Bangalore,South
4999,2025-03-24,Nagpur,Central
5000,2025-07-24,Jaipur,North
5001,2025-02-03,Mumbai,West
5002,2025-09-19,Delhi,North
5003,2025-02-17,Nagpur,Central
5004,2025-07-15,Chennai,South
5005,2025-10-18,Bhopal,Central
5006,2025-08-04,Bangalore,South
5007,2025-10-05,Kolkata,East
5008,2025-05-25,Nagpur,Central
5009,2025-04-27,Chennai,South
5010,2025-01-14,Bangalore,South
5011,2025-10-01,Chennai,South
5012,2025-05-29,Jaipur,North
5013,2025-08-03,Lucknow,North
5014,2025-04-11,Ahmedabad,West
5015,2025-04-13,Hyderabad,South
5016,2025-04-30,Chennai,South
5017,2025-11-08,Chennai,South
5018,2025-09-06,Hyderabad,South
5019,2025-05-17,Ahmedabad,West
5020,2025-08-29,Bhopal,Central
5021,2025-04-16,Kolkata,East
5022,2025-11-18,Chennai,South
5023,2025-05-22,Nagpur,Central
5024,2025-08-22,Jaipur,North
5025,2025-02-10,Bhopal,Central
5026,2025-05-23,Kolkata,East
5027,2025-04-23,Bangalore,South
5028,2025-06-09,Hyderabad,South
5029,2025-09-25,Ahmedabad,West
5030,2025-11-06,Mumbai,West
5031,2025-07-23,Delhi,North
5032,2025-04-03,Lucknow,North
5033,2025-06-17,Ahmedabad,West
5034,2025-07-22,Pune,West
5035,2025-05-06,Delhi,North
5036,2025-08-22,Chennai,South
5037,2025-03-20,Lucknow,North
5038,2025-06-05,Bhopal,Central
5039,2025-10-02,Kolkata,East
5040,2025-08-06,Chandigarh,North
5041,2025-10-12,Pune,West
5042,2025-02-19,Ahmedabad,West
5043,2025-11-15,Hyderabad,South
5044,2025-05-16,Pune,West
5045,2025-04-21,Pune,West
5046,2025-04-26,Ahmedabad,West
5047,2025-05-02,Hyderabad,South
5048,2025-07-07,Kolkata,East
5049,2025-11-28,Hyderabad,South
5050,2025-07-03,Pune,West
5051,2025-03-05,Mumbai,West
5052,2025-05-14,Bhopal,Central
5053,2025-11-04,Delhi,North
5054,2025-02-01,Bangalore,South
5055,2025-03-27,Mumbai,West
5056,2025-07-11,Kolkata,East
5057,2025-02-09,Mumbai,West
5058,2025-11-28,Hyderabad,South
5059,2025-03-30,Lucknow,North
5060,2025-08-05,Chennai,South
5061,2025-03-02,Chandigarh,North
5062,2025-03-30,Bhopal,Central
5063,2025-08-27,Kolkata,East
5064,2025-02-23,Mumbai,West
5065,2025-10-14,Ahmedabad,West
5066,2025-10-23,Hyderabad,South
5067,2025-01-06,Hyderabad,South
5068,2025-08-04,Mumbai,West
5069,2025-04-19,Indore,Central
5070,2025-07-23,Chennai,South
5071,2025-10-17,Jaipur,North
5072,2025-02-08,Ahmedabad,West
5073,2025-01-27,Mumbai,West
5074,2025-10-12,Chennai,South
5075,2025-04-03,Chandigarh,North
5076,2025-10-08,Kolkata,East
5077,2025-04-27,Ahmedabad,West
5078,2025-11-06,Chennai,South
5079,2025-07-16,Delhi,North
5080,2025-10-04,Mumbai,West
5081,2025-10-16,Bangalore,South
5082,2025-05-14,Delhi,North
5083,2025-07-01,Patna,East
5084,2025-05-31,Delhi,North
5085,2025-10-19,Mumbai,West
5086,2025-10-21,Jaipur,North
5087,2025-03-08,Lucknow,North
5088,2025-04-04,Bangalore,South
5089,2025-03-13,Lucknow,North
5090,2025-10-12,Hyderabad,South
5091,2025-03-28,Chennai,South
5092,2025-02-21,Delhi,North
5093,2025-07-30,Chandigarh,North
5094,2025-01-18,Mumbai,West
5095,2025-03-19,Mumbai,West
5096,2025-05-30,Mumbai,West
5097,2025-07-03,Chandigarh,North
5098,2025-05-08,Bangalore,South
5099,2025-11-19,Chennai,South
5100,2025-06-18,Chennai,South
5101,2025-05-27,Bangalore,South
5102,2025-08-22,Jaipur,North
5103,2025-05-14,Jaipur,North
5104,2025-11-13,Delhi,North
5105,2025-06-04,Chennai,South
5106,2025-02-27,Delhi,North
5107,2025-06-11,Hyderabad,South
5108,2025-08-12,Hyderabad,South
5109,2025-05-08,Kolkata,East
5110,2025-04-25,Patna,East
5111,2025-01-27,Bhopal,Central
5112,2025-04-27,Indore,Central
5113,2025-11-16,Lucknow,North
5114,2025-03-17,Kolkata,East
5115,2025-10-27,Mumbai,West
5116,2025-05-03,Kolkata,East
5117,2025-03-11,Mumbai,West
5118,2025-10-18,Chennai,South
5119,2025-06-21,Jaipur,North
5120,2025-05-27,Bangalore,South
5121,2025-04-16,Mumbai,West
5122,2025-06-02,Chandigarh,North
5123,2025-01-09,Bangalore,South
5124,2025-06-18,Chennai,South
5125,2025-04-07,Chandigarh,North
5126,2025-10-11,Jaipur,North
5127,2025-06-02,Lucknow,North
5128,2025-05-01,Hyderabad,South
5129,2025-03-10,Chennai,South
5130,2025-08-10,Nagpur,Central
5131,2025-12-08,Ahmedabad,West
5132,2025-10-23,Jaipur,North
5133,2025-05-07,Hyderabad,South
5134,2025-11-27,Hyderabad,South
5135,2025-06-27,Chandigarh,North
5136,2025-03-23,Mumbai,West
5137,2025-07-03,Lucknow,North
5138,2025-02-09,Mumbai,West
5139,2025-12-21,Jaipur,North
5140,2025-10-27,Patna,East
5141,2025-07-08,Lucknow,North
5142,2025-10-15,Delhi,North
5143,2025-09-14,Ahmedabad,West
5144,2025-04-01,Jaipur,North
5145,2025-02-08,Hyderabad,South
5146,2025-08-11,Bhopal,Central
5147,2025-12-21,Kolkata,East
5148,2025-06-21,Chandigarh,North
5149,2025-10-10,Pune,West
5150,2025-06-01,Bangalore,South
5151,2025-11-03,Delhi,North
5152,2025-04-25,Bangalore,South
5153,2025-09-11,Patna,East
5154,2025-11-16,Lucknow,North
5155,2025-06-18,Jaipur,North
5156,2025-04-14,Mumbai,West
5157,2025-05-24,Chennai,South
5158,2025-08-04,Ahmedabad,West
5159,2025-11-26,Hyderabad,South
5160,2025-07-15,Bangalore,South
5161,2025-01-06,Jaipur,North
5162,2025-04-13,Delhi,North
5163,2025-11-17,Chennai,South
5164,2025-10-24,Bangalore,South
5165,2025-05-18,Delhi,North
5166,2025-11-25,Indore,Central
5167,2025-03-03,Hyderabad,South
5168,2025-03-28,Delhi,North
5169,2025-11-14,Delhi,North
5170,2025-04-08,Ahmedabad,West
5171,2025-03-06,Bangalore,South
5172,2025-09-08,Ahmedabad,West
5173,2025-07-16,Delhi,North
5174,2025-11-19,Delhi,North
5175,2025-10-24,Delhi,North
5176,2025-08-12,Chandigarh,North
5177,2025-10-24,Bhopal,Central
5178,2025-07-03,Delhi,North
5179,2025-09-05,Pune,West
5180,2025-10-09,Patna,East
5181,2025-01-29,Mumbai,West
5182,2025-07-17,Nagpur,Central
5183,2025-05-20,Chennai,South
5184,2025-02-25,Patna,East
5185,2025-07-17,Kolkata,East
5186,2025-11-14,Patna,East
5187,2025-06-08,Lucknow,North
5188,2025-06-03,Bangalore,South
5189,2025-06-29,Chandigarh,North
5190,2025-11-24,Bangalore,South
5191,2025-04-15,Hyderabad,South
5192,2025-02-16,Kolkata,East
5193,2025-07-11,Jaipur,North
5194,2025-04-04,Nagpur,Central
5195,2025-02-18,Delhi,North
5196,2025-01-17,Kolkata,East
5197,2025-06-25,Jaipur,North
5198,2025-11-01,Hyderabad,South
5199,2025-05-15,Delhi,North
5200,2025-10-26,Chennai,South
5201,2025-02-14,Delhi,North
5202,2025-10-28,Patna,East
5203,2025-05-21,Kolkata,East
5204,2025-05-13,Lucknow,North
5205,2025-11-12,Nagpur,Central
5206,2025-11-02,Chennai,South
5207,2025-07-11,Patna,East
5208,2025-03-07,Chennai,South
5209,2025-04-07,Bhopal,Central
5210,2025-03-20,Hyderabad,South
5211,2025-10-02,Indore,Central
5212,2025-06-22,Hyderabad,South
5213,2025-10-10,Mumbai,West
5214,2025-03-14,Kolkata,East
5215,2025-05-29,Hyderabad,South
5216,2025-04-20,Jaipur,North
5217,2025-06-06,Mumbai,West
5218,2025-07-07,Pune,West
5219,2025-08-08,Delhi,North
5220,2025-07-08,Hyderabad,South
5221,2025-09-09,Chennai,South
5222,2025-02-28,Mumbai,West
5223,2025-11-03,Bangalore,South
5224,2025-08-09,Bangalore,South
5225,2025-05-06,Chennai,South
5226,2025-01-29,Bangalore,South
5227,2025-04-21,Ahmedabad,West
5228,2025-08-19,Chandigarh,North
5229,2025-09-04,Bangalore,South
5230,2025-04-08,Ahmedabad,West
5231,2025-10-21,Jaipur,North
5232,2025-08-07,Hyderabad,South
5233,2025-04-07,Kolkata,East
5234,2025-07-03,Bangalore,South
5235,2025-03-29,Jaipur,North
5236,2025-03-17,Delhi,North
5237,2025-11-15,Lucknow,North
5238,2025-03-01,Lucknow,North
5239,2025-11-28,Delhi,North
5240,2025-01-18,Hyderabad,South
5241,2025-04-02,Bhopal,Central
5242,2025-07-07,Bangalore,South
5243,2025-08-02,Lucknow,North
5244,2025-08-26,Bhopal,Central
5245,2025-03-14,Lucknow,North
5246,2025-11-10,Ahmedabad,West
5247,2025-07-28,Kolkata,East
5248,2025-08-08,Indore,Central
5249,2025-11-29,Chennai,South
5250,2025-06-15,Delhi,North
5251,2025-07-14,Mumbai,West
5252,2025-07-28,Bhopal,Central
5253,2025-04-07,Ahmedabad,West
5254,2025-10-28,Chennai,South
5255,2025-11-25,Nagpur,Central
5256,2025-07-12,Hyderabad,South
5257,2025-03-26,Delhi,North
5258,2025-01-29,Ahmedabad,West
5259,2025-08-22,Delhi,North
5260,2025-10-13,Nagpur,Central
5261,2025-02-11,Mumbai,West
5262,2025-06-01,Indore,Central
5263,2025-02-19,Lucknow,North
5264,2025-03-28,Hyderabad,South
5265,2025-10-20,Indore,Central
5266,2025-02-25,Kolkata,East
5267,2025-03-18,Chennai,South
5268,2025-07-25,Bangalore,South
5269,2025-06-02,Nagpur,Central
5270,2025-10-08,Bangalore,South
5271,2025-08-20,Bangalore,South
5272,2025-04-27,Chennai,South
5273,2025-12-16,Chennai,South
5274,2025-10-11,Pune,West
5275,2025-06-17,Hyderabad,South
5276,2025-03-30,Mumbai,West
5277,2025-08-24,Delhi,North
5278,2025-10-05,Mumbai,West
5279,2025-05-11,Indore,Central
5280,2025-06-01,Bangalore,South
5281,2025-06-09,Nagpur,Central
5282,2025-09-21,Mumbai,West
5283,2025-08-31,Hyderabad,South
5284,2025-10-09,Bhopal,Central
5285,2025-07-22,Bangalore,South
5286,2025-04-30,Jaipur,North
5287,2025-03-25,Bhopal,Central
5288,2025-05-15,Chennai,South
5289,2025-10-16,Chennai,South
5290,2025-03-01,Jaipur,North
5291,2025-07-08,Bangalore,South
5292,2025-04-15,Mumbai,West
5293,2025-07-10,Hyderabad,South
5294,2025-01-21,Mumbai,West
5295,2025-11-13,Jaipur,North
5296,2025-06-04,Chennai,South
5297,2025-01-30,Delhi,North
5298,2025-11-26,Kolkata,East
5299,2025-09-17,Chennai,South
5300,2025-04-02,Chennai,South
5301,2025-03-08,Ahmedabad,West
5302,2025-10-06,Bangalore,South
5303,2025-05-04,Jaipur,North
5304,2025-07-21,Bhopal,Central
5305,2025-04-16,Chennai,South
5306,2025-02-01,Lucknow,North
5307,2025-06-09,Hyderabad,South
5308,2025-04-01,Mumbai,West
5309,2025-05-15,Nagpur,Central
5310,2025-05-06,Chandigarh,North
5311,2025-10-27,Bangalore,South
5312,2025-09-11,Lucknow,North
5313,2025-09-01,Indore,Central
5314,2025-09-21,Indore,Central
5315,2025-06-09,Jaipur,North
5316,2025-02-08,Hyderabad,South
5317,2025-11-07,Chennai,South
5318,2025-11-26,Chandigarh,North
5319,2025-08-04,Hyderabad,South
5320,2025-06-21,Pune,West
5321,2025-10-25,Mumbai,West
5322,2025-08-22,Delhi,North
5323,2025-09-05,Bangalore,South
5324,2025-06-08,Indore,Central
5325,2025-08-23,Bangalore,South
5326,2025-03-08,Jaipur,North
5327,2025-08-15,Bangalore,South
5328,2025-05-21,Bangalore,South
5329,2025-04-29,Chennai,South
5330,2025-04-09,Lucknow,North
5331,2025-03-05,Bangalore,South
5332,2025-03-29,Hyderabad,South
5333,2025-08-13,Bangalore,South
5334,2025-10-10,Chennai,South
5335,2025-05-11,Chandigarh,North
5336,2025-02-22,Nagpur,Central
5337,2025-07-15,Hyderabad,South
5338,2025-05-20,Ahmedabad,West
5339,2025-02-15,Indore,Central
5340,2025-05-09,Mumbai,West
5341,2025-09-11,Indore,Central
5342,2025-11-04,Indore,Central
5343,2025-07-22,Bangalore,South
5344,2025-10-20,Mumbai,West
5345,2025-07-24,Indore,Central
5346,2025-08-31,Ahmedabad,West
5347,2025-06-11,Hyderabad,South
5348,2025-02-12,Mumbai,West
5349,2025-08-18,Mumbai,West
5350,2025-07-18,Pune,West
5351,2025-10-13,Lucknow,North
5352,2025-11-26,Chandigarh,North
5353,2025-10-09,Mumbai,West
5354,2025-10-28,Pune,West
5355,2025-04-04,Lucknow,North
5356,2025-03-01,Chennai,South
5357,2025-07-01,Mumbai,West
5358,2025-07-10,Patna,East
5359,2025-04-09,Bhopal,Central
5360,2025-09-07,Chennai,South
5361,2025-11-03,Ahmedabad,West
5362,2025-11-23,Mumbai,West
5363,2025-07-02,Lucknow,North
5364,2025-07-04,Jaipur,North
5365,2025-10-06,Ahmedabad,West
5366,2025-08-03,Indore,Central
5367,2025-02-08,Jaipur,North
5368,2025-04-13,Hyderabad,South
5369,2025-07-28,Ahmedabad,West
5370,2025-11-23,Delhi,North
5371,2025-04-30,Chennai,South
5372,2025-10-05,Delhi,North
5373,2025-04-24,Mumbai,West
5374,2025-05-18,Pune,West
5375,2025-06-01,Bangalore,South
5376,2025-06-29,Jaipur,North
5377,2025-11-04,Lucknow,North
5378,2025-07-10,Hyderabad,South
5379,2025-05-18,Chandigarh,North
5380,2025-03-25,Bangalore,South
5381,2025-07-02,Chennai,South
5382,2025-04-23,Lucknow,North
5383,2025-04-15,Delhi,North
5384,2025-10-16,Chennai,South
5385,2025-05-15,Ahmedabad,West
5386,2025-12-14,Kolkata,East
5387,2025-10-09,Chennai,South
5388,2025-04-14,Nagpur,Central
5389,2025-09-11,Kolkata,East
5390,2025-05-12,Nagpur,Central
5391,2025-10-04,Chennai,South
5392,2025-05-12,Kolkata,East
5393,2025-10-08,Bhopal,Central
5394,2025-11-13,Jaipur,North
5395,2025-05-05,Lucknow,North
5396,2025-11-07,Chennai,South
5397,2025-10-05,Delhi,North
5398,2025-03-04,Mumbai,West
5399,2025-08-18,Hyderabad,South
5400,2025-04-04,Bhopal,Central
5401,2025-10-25,Bangalore,South
5402,2025-11-25,Nagpur,Central
5403,2025-09-23,Bhopal,Central
5404,2025-04-15,Delhi,North
5405,2025-05-22,Bangalore,South
5406,2025-06-28,Patna,East
5407,2025-11-07,Patna,East
5408,2025-05-27,Chennai,South
5409,2025-09-12,Delhi,North
5410,2025-11-15,Jaipur,North
5411,2025-05-06,Jaipur,North
5412,2025-06-15,Hyderabad,South
5413,2025-11-08,Kolkata,East
5414,2025-10-01,Mumbai,West
5415,2025-04-01,Hyderabad,South
5416,2025-04-12,Hyderabad,South
5417,2025-06-24,Bangalore,South
5418,2025-10-21,Mumbai,West
5419,2025-06-22,Hyderabad,South
5420,2025-10-07,Bangalore,South
5421,2025-07-31,Chennai,South
5422,2025-03-11,Delhi,North
5423,2025-11-03,Patna,East
5424,2025-11-04,Chennai,South
5425,2025-09-09,Bangalore,South
5426,2025-10-26,Ahmedabad,West
5427,2025-06-14,Nagpur,Central
5428,2025-09-07,Chennai,South
5429,2025-05-30,Lucknow,North
5430,2025-11-26,Lucknow,North
5431,2025-05-31,Ahmedabad,West
5432,2025-09-05,Delhi,North
5433,2025-04-26,Lucknow,North
5434,2025-10-18,Hyderabad,South
5435,2025-04-22,Ahmedabad,West
5436,2025-05-14,Jaipur,North
5437,2025-08-29,Mumbai,West
5438,2025-11-10,Nagpur,Central
5439,2025-02-25,Delhi,North
5440,2025-10-27,Chandigarh,North
5441,2025-10-18,Chennai,South
5442,2025-03-23,Bangalore,South
5443,2025-12-31,Bangalore,South
5444,2025-02-17,Chandigarh,North
5445,2025-11-05,Bangalore,South
5446,2025-11-01,Hyderabad,South
5447,2025-10-07,Delhi,North
5448,2025-08-28,Pune,West
5449,2025-04-06,Ahmedabad,West
5450,2025-10-19,Delhi,North
5451,2025-09-03,Bangalore,South
5452,2025-05-06,Mumbai,West
5453,2025-08-01,Hyderabad,South
5454,2025-04-26,Chennai,South
5455,2025-04-17,Lucknow,North
5456,2025-08-13,Bangalore,South
5457,2025-10-14,Chennai,South
5458,2025-08-07,Hyderabad,South
5459,2025-06-14,Indore,Central
5460,2025-10-16,Bhopal,Central
5461,2025-06-30,Patna,East
5462,2025-08-21,Delhi,North
5463,2025-05-18,Mumbai,West
5464,2025-09-29,Chennai,South
5465,2025-03-31,Mumbai,West
5466,2025-08-05,Ahmedabad,West
5467,2025-02-13,Pune,West
5468,2025-07-30,Bhopal,Central
5469,2025-08-08,Bhopal,Central
5470,2025-11-08,Delhi,North
5471,2025-07-27,Lucknow,North
5472,2025-03-19,Mumbai,West
5473,2025-06-23,Delhi,North
5474,2025-10-19,Pune,West
5475,2025-04-04,Delhi,North
5476,2025-05-24,Mumbai,West
5477,2025-01-10,Hyderabad,South
5478,2025-10-15,Ahmedabad,West
5479,2025-06-27,Jaipur,North
5480,2025-11-18,Hyderabad,South
5481,2025-04-21,Bhopal,Central
5482,2025-05-29,Hyderabad,South
5483,2025-04-02,Bangalore,South
5484,2025-04-03,Lucknow,North
5485,2025-05-31,Pune,West
5486,2025-09-30,Bhopal,Central
5487,2025-09-14,Mumbai,West
5488,2025-07-26,Ahmedabad,West
5489,2025-03-14,Pune,West
5490,2025-04-26,Bhopal,Central
5491,2025-07-30,Hyderabad,South
5492,2025-03-31,Pune,West
5493,2025-07-17,Kolkata,East
5494,2025-01-26,Hyderabad,South
5495,2025-10-17,Delhi,North
5496,2025-10-22,Delhi,North
5497,2025-09-23,Jaipur,North
5498,2025-09-27,Nagpur,Central
5499,2025-08-05,Pune,West
5500,2025-06-23,Pune,West
5501,2025-11-12,Ahmedabad,West
5502,2025-04-05,Hyderabad,South
5503,2025-10-19,Hyderabad,South
5504,2025-11-20,Delhi,North
5505,2025-04-12,Mumbai,West
5506,2025-11-10,Delhi,North
5507,2025-11-19,Lucknow,North
5508,2025-09-15,Mumbai,West
5509,2025-05-22,Chennai,South
5510,2025-05-04,Delhi,North
5511,2025-08-30,Hyderabad,South
5512,2025-10-18,Nagpur,Central
5513,2025-10-25,Bhopal,Central
5514,2025-02-27,Jaipur,North
5515,2025-08-20,Delhi,North
5516,2025-10-26,Pune,West
5517,2025-09-21,Chandigarh,North
5518,2025-10-18,Kolkata,East
5519,2025-05-29,Mumbai,West
5520,2025-03-02,Jaipur,North
5521,2025-08-13,Nagpur,Central
5522,2025-02-07,Jaipur,North
5523,2025-10-04,Ahmedabad,West
5524,2025-09-09,Bangalore,South
5525,2025-03-07,Pune,West
5526,2025-11-06,Delhi,North
5527,2025-10-22,Pune,West
5528,2025-10-06,Delhi,North
5529,2025-10-07,Hyderabad,South
5530,2025-03-21,Bangalore,South
5531,2025-09-05,Pune,West
5532,2025-12-15,Delhi,North
5533,2025-10-12,Jaipur,North
5534,2025-09-28,Kolkata,East
5535,2025-10-25,Mumbai,West
5536,2025-06-29,Hyderabad,South
5537,2025-10-18,Delhi,North
5538,2025-07-08,Patna,East
5539,2025-03-07,Pune,West
5540,2025-05-12,Chennai,South
5541,2025-01-25,Hyderabad,South
5542,2025-06-17,Kolkata,East
5543,2025-04-04,Indore,Central
5544,2025-10-01,Bhopal,Central
5545,2025-11-01,Pune,West
5546,2025-07-10,Delhi,North
5547,2025-08-16,Delhi,North
5548,2025-03-13,Hyderabad,South
5549,2025-10-13,Mumbai,West
5550,2025-05-28,Chennai,South
5551,2025-10-13,Bangalore,South
5552,2025-05-30,Mumbai,West
5553,2025-06-03,Patna,East
5554,2025-10-05,Jaipur,North
5555,2025-09-20,Indore,Central
5556,2025-11-16,Kolkata,East
5557,2025-06-15,Mumbai,West
5558,2025-03-06,Ahmedabad,West
5559,2025-06-25,Hyderabad,South
5560,2025-08-09,Ahmedabad,West
5561,2025-07-03,Bangalore,South
5562,2025-03-03,Chandigarh,North
5563,2025-07-28,Bangalore,South
5564,2025-10-18,Hyderabad,South
5565,2025-07-09,Indore,Central
5566,2025-03-11,Mumbai,West
5567,2025-02-18,Lucknow,North
5568,2025-03-13,Jaipur,North
5569,2025-11-16,Indore,Central
5570,2025-07-29,Bhopal,Central
5571,2025-10-27,Patna,East
5572,2025-10-20,Hyderabad,South
5573,2025-01-07,Nagpur,Central
5574,2025-06-30,Kolkata,East
5575,2025-04-13,Jaipur,North
5576,2025-05-09,Chennai,South
5577,2025-07-13,Lucknow,North
5578,2025-10-24,Indore,Central
5579,2025-12-02,Chandigarh,North
5580,2025-09-15,Delhi,North
5581,2025-10-17,Chennai,South
5582,2025-05-24,Bangalore,South
5583,2025-07-28,Bhopal,Central
5584,2025-04-04,Lucknow,North
5585,2025-05-08,Bangalore,South
5586,2025-08-06,Chennai,South
5587,2025-09-11,Chennai,South
5588,2025-03-14,Delhi,North
5589,2025-04-21,Patna,East
5590,2025-05-30,Kolkata,East
5591,2025-07-24,Delhi,North
5592,2025-04-25,Lucknow,North
5593,2025-11-26,Bangalore,South
5594,2025-10-26,Bhopal,Central
5595,2025-11-07,Chennai,South
5596,2025-08-25,Bangalore,South
5597,2025-02-27,Hyderabad,South
5598,2025-08-10,Pune,West
5599,2025-11-13,Kolkata,East
5600,2025-08-05,Lucknow,North
5601,2025-04-06,Delhi,North
5602,2025-04-19,Mumbai,West
5603,2025-06-16,Chennai,South
5604,2025-03-23,Jaipur,North
5605,2025-02-28,Chennai,South
5606,2025-02-28,Ahmedabad,West
5607,2025-10-04,Bhopal,Central
5608,2025-10-09,Patna,East
5609,2025-06-11,Chennai,South
5610,2025-09-20,Hyderabad,South
5611,2025-04-01,Delhi,North
5612,2025-04-11,Kolkata,East
5613,2025-10-20,Nagpur,Central
5614,2025-10-05,Chennai,South
5615,2025-05-30,Delhi,North
5616,2025-08-17,Chandigarh,North
5617,2025-09-20,Bhopal,Central
5618,2025-03-05,Bangalore,South
5619,2025-07-31,Lucknow,North
5620,2025-11-05,Bangalore,South
5621,2025-11-17,Mumbai,West
5622,2025-04-01,Patna,East
5623,2025-05-26,Chandigarh,North
5624,2025-04-02,Pune,West
5625,2025-09-08,Mumbai,West
5626,2025-10-05,Indore,Central
5627,2025-08-21,Delhi,North
5628,2025-03-26,Mumbai,West
5629,2025-08-23,Ahmedabad,West
5630,2025-02-22,Mumbai,West
5631,2025-10-12,Lucknow,North
5632,2025-05-21,Ahmedabad,West
5633,2025-11-03,Mumbai,West
5634,2025-10-25,Mumbai,West
5635,2025-01-27,Chennai,South
5636,2025-11-04,Hyderabad,South
5637,2025-04-11,Lucknow,North
5638,2025-05-27,Chandigarh,North
5639,2025-11-21,Chennai,South
5640,2025-06-11,Chennai,South
5641,2025-07-04,Jaipur,North
5642,2025-08-31,Patna,East
5643,2025-08-28,Bangalore,South
5644,2025-11-04,Delhi,North
5645,2025-08-05,Kolkata,East
5646,2025-10-08,Mumbai,West
5647,2025-11-14,Mumbai,West
5648,2025-10-05,Ahmedabad,West
5649,2025-07-24,Lucknow,North
5650,2025-09-01,Pune,West
5651,2025-08-14,Lucknow,North
5652,2025-10-07,Pune,West
5653,2025-04-27,Bangalore,South
5654,2025-11-03,Chennai,South
5655,2025-02-18,Hyderabad,South
5656,2025-11-18,Bangalore,South
5657,2025-05-08,Pune,West
5658,2025-11-14,Chandigarh,North
5659,2025-03-12,Bhopal,Central
5660,2025-02-10,Kolkata,East
5661,2025-10-01,Mumbai,West
5662,2025-05-07,Mumbai,West
5663,2025-05-08,Bhopal,Central
5664,2025-01-14,Pune,West
5665,2025-07-13,Ahmedabad,West
5666,2025-05-02,Kolkata,East
5667,2025-03-04,Pune,West
5668,2025-06-16,Patna,East
5669,2025-10-15,Delhi,North
5670,2025-04-28,Kolkata,East
5671,2025-07-25,Nagpur,Central
5672,2025-07-31,Delhi,North
5673,2025-01-24,Ahmedabad,West
5674,2025-02-20,Chennai,South
5675,2025-10-11,Indore,Central
5676,2025-03-15,Chennai,South
5677,2025-05-27,Ahmedabad,West
5678,2025-08-26,Chennai,South
5679,2025-06-10,Kolkata,East
5680,2025-07-10,Hyderabad,South
5681,2025-07-19,Mumbai,West
5682,2025-06-08,Chennai,South
5683,2025-04-10,Bhopal,Central
5684,2025-03-07,Hyderabad,South
5685,2025-04-20,Hyderabad,South
5686,2025-09-11,Pune,West
5687,2025-11-18,Ahmedabad,West
5688,2025-11-25,Indore,Central
5689,2025-10-27,Chennai,South
5690,2025-01-29,Lucknow,North
5691,2025-04-24,Chennai,South
5692,2025-04-12,Bangalore,South
5693,2025-05-18,Ahmedabad,West
5694,2025-03-13,Kolkata,East
5695,2025-05-09,Kolkata,East
5696,2025-05-30,Hyderabad,South
5697,2025-01-22,Bangalore,South
5698,2025-02-22,Bangalore,South
5699,2025-08-05,Chandigarh,North
5700,2025-05-30,Bangalore,South
5701,2025-10-09,Bangalore,South
5702,2025-05-01,Hyderabad,South
5703,2025-11-21,Lucknow,North
5704,2025-03-23,Bangalore,South
5705,2025-12-07,Chandigarh,North
5706,2025-02-28,Delhi,North
5707,2025-07-29,Chandigarh,North
5708,2025-08-13,Chennai,South
5709,2025-07-08,Ahmedabad,West
5710,2025-07-07,Nagpur,Central
5711,2025-02-15,Chennai,South
5712,2025-06-30,Bhopal,Central
5713,2025-03-13,Bangalore,South
5714,2025-04-30,Nagpur,Central
5715,2025-05-22,Lucknow,North
5716,2025-08-09,Hyderabad,South
5717,2025-03-13,Mumbai,West
5718,2025-10-26,Mumbai,West
5719,2025-08-13,Bangalore,South
5720,2025-10-03,Chennai,South
5721,2025-09-05,Mumbai,West
5722,2025-07-09,Chennai,South
5723,2025-10-11,Ahmedabad,West
5724,2025-07-26,Bangalore,South
5725,2025-09-09,Mumbai,West
5726,2025-08-22,Jaipur,North
5727,2025-03-21,Delhi,North
5728,2025-06-06,Delhi,North
5729,2025-11-28,Bangalore,South
5730,2025-05-14,Patna,East
5731,2025-10-05,Bhopal,Central
5732,2025-11-27,Chennai,South
5733,2025-09-30,Kolkata,East
5734,2025-04-09,Kolkata,East
5735,2025-06-08,Kolkata,East
5736,2025-01-20,Kolkata,East
5737,2025-02-20,Ahmedabad,West
5738,2025-11-22,Mumbai,West
5739,2025-08-11,Mumbai,West
5740,2025-04-19,Hyderabad,South
5741,2025-04-07,Bhopal,Central
5742,2025-10-04,Ahmedabad,West
5743,2025-08-30,Indore,Central
5744,2025-01-28,Bhopal,Central
5745,2025-05-29,Bangalore,South
5746,2025-04-03,Kolkata,East
5747,2025-10-15,Ahmedabad,West
5748,2025-02-25,Indore,Central
5749,2025-04-23,Bhopal,Central
5750,2025-03-14,Jaipur,North
5751,2025-06-08,Mumbai,West
5752,2025-01-31,Kolkata,East
5753,2025-06-08,Hyderabad,South
5754,2025-04-23,Kolkata,East
5755,2025-05-01,Indore,Central
5756,2025-04-12,Mumbai,West
5757,2025-10-17,Jaipur,North
5758,2025-04-07,Hyderabad,South
5759,2025-05-09,Delhi,North
5760,2025-05-01,Hyderabad,South
5761,2025-11-13,Kolkata,East
5762,2025-03-16,Patna,East
5763,2025-02-15,Chandigarh,North
5764,2025-03-01,Bangalore,South
5765,2025-10-02,Patna,East
5766,2025-10-27,Kolkata,East
5767,2025-06-19,Hyderabad,South
5768,2025-05-08,Mumbai,West
5769,2025-01-16,Mumbai,West
5770,2025-03-01,Bhopal,Central
5771,2025-05-14,Jaipur,North
5772,2025-10-04,Lucknow,North
5773,2025-03-30,Hyderabad,South
5774,2025-11-01,Pune,West
5775,2025-10-02,Delhi,North
5776,2025-05-29,Chennai,South
5777,2025-11-02,Pune,West
5778,2025-05-13,Hyderabad,South
5779,2025-06-24,Patna,East
5780,2025-10-04,Bangalore,South
5781,2025-11-01,Kolkata,East
5782,2025-03-26,Mumbai,West
5783,2025-05-20,Jaipur,North
5784,2025-08-26,Chennai,South
5785,2025-04-10,Chennai,South
5786,2025-11-02,Indore,Central
5787,2025-09-24,Bangalore,South
5788,2025-07-06,Chandigarh,North
5789,2025-03-17,Indore,Central
5790,2025-08-02,Delhi,North
5791,2025-10-25,Mumbai,West
5792,2025-03-27,Lucknow,North
5793,2025-05-29,Nagpur,Central
5794,2025-01-10,Chandigarh,North
5795,2025-10-27,Kolkata,East
5796,2025-05-12,Kolkata,East
5797,2025-07-24,Mumbai,West
5798,2025-06-23,Indore,Central
5799,2025-11-05,Nagpur,Central
5800,2025-08-17,Bangalore,South
5801,2025-03-19,Hyderabad,South
5802,2025-08-16,Delhi,North
5803,2025-10-03,Delhi,North
5804,2025-04-30,Bhopal,Central
5805,2025-11-04,Mumbai,West
5806,2025-05-16,Hyderabad,South
5807,2025-06-21,Chennai,South
5808,2025-02-15,Patna,East
5809,2025-11-13,Kolkata,East
5810,2025-01-28,Hyderabad,South
5811,2025-02-21,Bangalore,South
5812,2025-06-01,Patna,East
5813,2025-04-23,Nagpur,Central
5814,2025-11-11,Chennai,South
5815,2025-03-01,Hyderabad,South
5816,2025-09-24,Delhi,North
5817,2025-04-23,Delhi,North
5818,2025-10-18,Lucknow,North
5819,2025-07-01,Chandigarh,North
5820,2025-11-07,Delhi,North
5821,2025-08-27,Nagpur,Central
5822,2025-04-06,Hyderabad,South
5823,2025-05-03,Kolkata,East
5824,2025-05-07,Ahmedabad,West
5825,2025-05-03,Chennai,South
5826,2025-10-15,Chennai,South
5827,2025-11-04,Kolkata,East
5828,2025-10-11,Delhi,North
5829,2025-01-06,Delhi,North
5830,2025-02-27,Pune,West
5831,2025-05-09,Bhopal,Central
5832,2025-08-09,Hyderabad,South
5833,2025-03-10,Bhopal,Central
5834,2025-10-22,Chennai,South
5835,2025-06-21,Pune,West
5836,2025-08-06,Pune,West
5837,2025-05-05,Nagpur,Central
5838,2025-01-20,Hyderabad,South
5839,2025-02-18,Jaipur,North
5840,2025-05-28,Jaipur,North
5841,2025-03-27,Delhi,North
5842,2025-06-16,Bangalore,South
5843,2025-07-23,Bangalore,South
5844,2025-11-18,Chennai,South
5845,2025-03-12,Patna,East
5846,2025-04-13,Bangalore,South
5847,2025-11-18,Delhi,North
5848,2025-11-26,Jaipur,North
5849,2025-07-18,Chennai,South
5850,2025-05-30,Lucknow,North
5851,2025-07-10,Chennai,South
5852,2025-11-22,Indore,Central
5853,2025-03-19,Nagpur,Central
5854,2025-10-07,Patna,East
5855,2025-07-03,Delhi,North
5856,2025-07-22,Ahmedabad,West
5857,2025-10-13,Bangalore,South
5858,2025-08-02,Delhi,North
5859,2025-08-31,Mumbai,West
5860,2025-04-18,Pune,West
5861,2025-10-02,Mumbai,West
5862,2025-07-26,Ahmedabad,West
5863,2025-07-15,Chennai,South
5864,2025-05-12,Delhi,North
5865,2025-12-16,Jaipur,North
5866,2025-10-14,Mumbai,West
5867,2025-10-03,Jaipur,North
5868,2025-07-10,Mumbai,West
5869,2025-09-06,Bhopal,Central
5870,2025-10-08,Lucknow,North
5871,2025-05-31,Hyderabad,South
5872,2025-05-12,Mumbai,West
5873,2025-02-19,Jaipur,North
5874,2025-05-08,Indore,Central
5875,2025-07-19,Chennai,South
5876,2025-05-13,Delhi,North
5877,2025-10-24,Indore,Central
5878,2025-11-10,Kolkata,East
5879,2025-07-15,Chennai,South
5880,2025-04-02,Bangalore,South
5881,2025-10-07,Chennai,South
5882,2025-10-27,Lucknow,North
5883,2025-05-31,Chennai,South
5884,2025-10-04,Indore,Central
5885,2025-05-14,Mumbai,West
5886,2025-10-23,Hyderabad,South
5887,2025-06-04,Kolkata,East
5888,2025-10-19,Chandigarh,North
5889,2025-11-17,Patna,East
5890,2025-10-01,Bangalore,South
5891,2025-05-03,Ahmedabad,West
5892,2025-11-20,Pune,West
5893,2025-02-25,Bangalore,South
5894,2025-10-11,Delhi,North
5895,2025-11-11,Chennai,South
5896,2025-10-12,Bangalore,South
5897,2025-04-29,Patna,East
5898,2025-06-13,Hyderabad,South
5899,2025-04-07,Patna,East
5900,2025-02-19,Pune,West
5901,2025-06-26,Lucknow,North
5902,2025-06-18,Jaipur,North
5903,2025-02-10,Bangalore,South
5904,2025-08-05,Mumbai,West
5905,2025-10-20,Mumbai,West
5906,2025-07-07,Jaipur,North
5907,2025-05-30,Hyderabad,South
5908,2025-09-01,Ahmedabad,West
5909,2025-10-12,Hyderabad,South
5910,2025-02-17,Chennai,South
5911,2025-10-11,Mumbai,West
5912,2025-10-25,Bhopal,Central
5913,2025-08-04,Lucknow,North
5914,2025-02-28,Chennai,South
5915,2025-05-05,Kolkata,East
5916,2025-06-29,Mumbai,West
5917,2025-04-15,Indore,Central
5918,2025-04-27,Ahmedabad,West
5919,2025-06-11,Chennai,South
5920,2025-05-07,Lucknow,North
5921,2025-04-08,Chennai,South
5922,2025-05-01,Patna,East
5923,2025-06-17,Mumbai,West
5924,2025-08-09,Ahmedabad,West
5925,2025-02-11,Chennai,South
5926,2025-07-27,Jaipur,North
5927,2025-10-15,Jaipur,North
5928,2025-06-08,Lucknow,North
5929,2025-03-18,Lucknow,North
5930,2025-10-19,Indore,Central
5931,2025-07-03,Mumbai,West
5932,2025-08-04,Bangalore,South
5933,2025-05-14,Bangalore,South
5934,2025-10-01,Bhopal,Central
5935,2025-07-07,Bangalore,South
5936,2025-07-28,Ahmedabad,West
5937,2025-06-16,Kolkata,East
5938,2025-11-06,Bangalore,South
5939,2025-01-04,Mumbai,West
5940,2025-03-11,Bangalore,South
5941,2025-11-14,Hyderabad,South
5942,2025-09-17,Mumbai,West
5943,2025-03-19,Chennai,South
5944,2025-05-18,Bhopal,Central
5945,2025-07-09,Indore,Central
5946,2025-02-11,Delhi,North
5947,2025-02-10,Bangalore,South
5948,2025-10-15,Hyderabad,South
5949,2025-11-07,Ahmedabad,West
5950,2025-11-04,Patna,East
5951,2025-08-16,Hyderabad,South
5952,2025-06-06,Chennai,South
5953,2025-07-07,Kolkata,East
5954,2025-05-14,Ahmedabad,West
5955,2025-06-17,Hyderabad,South
5956,2025-07-26,Ahmedabad,West
5957,2025-03-20,Chennai,South
5958,2025-04-05,Delhi,North
5959,2025-01-18,Lucknow,North
5960,2025-06-10,Bhopal,Central
5961,2025-08-12,Chennai,South
5962,2025-02-12,Bhopal,Central
5963,2025-10-15,Hyderabad,South
5964,2025-08-26,Kolkata,East
5965,2025-11-17,Delhi,North
5966,2025-01-23,Indore,Central
5967,2025-05-13,Indore,Central
5968,2025-04-18,Chennai,South
5969,2025-03-04,Chandigarh,North
5970,2025-10-11,Indore,Central
5971,2025-03-24,Ahmedabad,West
5972,2025-09-08,Bangalore,South
5973,2025-05-11,Chandigarh,North
5974,2025-07-08,Indore,Central
5975,2025-11-06,Hyderabad,South
5976,2025-01-30,Indore,Central
5977,2025-03-18,Chennai,South
5978,2025-05-01,Delhi,North
5979,2025-03-20,Jaipur,North
5980,2025-06-06,Pune,West
5981,2025-11-21,Kolkata,East
5982,2025-04-01,Chennai,South
5983,2025-06-23,Patna,East
5984,2025-10-28,Delhi,North
5985,2025-07-26,Bangalore,South
5986,2025-08-29,Delhi,North
5987,2025-04-16,Pune,West
5988,2025-05-28,Bhopal,Central
5989,2025-06-04,Lucknow,North
5990,2025-06-10,Nagpur,Central
5991,2025-06-09,Bangalore,South
5992,2025-10-07,Lucknow,North
5993,2025-02-08,Bangalore,South
5994,2026-01-07,Delhi,North
5995,2025-06-03,Delhi,North
5996,2025-05-20,Pune,West
5997,2025-10-26,Ahmedabad,West
5998,2025-06-12,Ahmedabad,West
5999,2025-02-18,Mumbai,West
6000,2025-05-03,Chennai,South
6001,2025-04-05,Kolkata,East
6002,2025-02-06,Bangalore,South
6003,2025-11-25,Chandigarh,North
6004,2025-08-23,Kolkata,East
6005,2025-07-05,Chennai,South
6006,2025-10-22,Indore,Central
6007,2025-02-20,Kolkata,East
6008,2025-09-21,Delhi,North
6009,2025-02-06,Ahmedabad,West
6010,2025-04-10,Mumbai,West
6011,2025-10-03,Bhopal,Central
6012,2025-05-09,Patna,East
6013,2025-03-10,Nagpur,Central
6014,2025-08-05,Ahmedabad,West
6015,2025-12-15,Chennai,South
6016,2025-06-04,Kolkata,East
6017,2025-10-03,Hyderabad,South
6018,2025-10-22,Jaipur,North
6019,2025-07-24,Ahmedabad,West
6020,2025-06-11,Hyderabad,South
6021,2025-12-12,Hyderabad,South
6022,2025-01-13,Nagpur,Central
6023,2025-08-03,Indore,Central
6024,2025-01-17,Delhi,North
6025,2025-05-26,Delhi,North
6026,2025-05-14,Delhi,North
6027,2025-06-06,Patna,East
6028,2025-03-21,Hyderabad,South
6029,2025-10-08,Pune,West
6030,2025-03-10,Bangalore,South
6031,2025-04-11,Lucknow,North
6032,2025-10-16,Delhi,North
6033,2025-09-05,Ahmedabad,West
6034,2025-03-15,Delhi,North
6035,2025-12-18,Pune,West
6036,2025-04-09,Delhi,North
6037,2025-04-23,Lucknow,North
6038,2025-10-06,Chandigarh,North
6039,2025-07-14,Hyderabad,South
6040,2025-10-04,Bhopal,Central
6041,2025-09-06,Lucknow,North
6042,2025-03-14,Delhi,North
6043,2025-06-23,Hyderabad,South
6044,2025-07-05,Hyderabad,South
6045,2025-02-10,Pune,West
6046,2025-04-20,Kolkata,East
6047,2025-03-03,Hyderabad,South
6048,2025-10-02,Jaipur,North
6049,2025-02-02,Nagpur,Central
6050,2025-11-04,Chandigarh,North
6051,2025-06-22,Kolkata,East
6052,2025-03-23,Chandigarh,North
6053,2025-02-11,Kolkata,East
6054,2025-07-19,Chennai,South
6055,2025-10-04,Patna,East
6056,2025-06-16,Chennai,South
6057,2025-04-19,Mumbai,West
6058,2025-10-06,Hyderabad,South
6059,2025-10-24,Nagpur,Central
6060,2025-08-15,Patna,East
6061,2025-08-30,Delhi,North
6062,2025-05-17,Chennai,South
6063,2025-08-22,Chennai,South
6064,2025-11-06,Lucknow,North
6065,2026-01-02,Mumbai,West
6066,2025-05-25,Kolkata,East
6067,2025-04-16,Hyderabad,South
6068,2025-10-28,Chennai,South
6069,2025-11-25,Mumbai,West
6070,2025-10-26,Delhi,North
6071,2025-06-07,Bhopal,Central
6072,2025-04-11,Hyderabad,South
6073,2025-10-11,Hyderabad,South
6074,2025-08-14,Bangalore,South
6075,2025-08-14,Bangalore,South
6076,2025-07-22,Hyderabad,South
6077,2025-10-14,Delhi,North
6078,2025-04-15,Lucknow,North
6079,2025-11-13,Jaipur,North
6080,2025-09-13,Chennai,South
6081,2025-07-04,Mumbai,West
6082,2025-08-01,Chandigarh,North
6083,2025-06-12,Delhi,North
6084,2025-07-11,Hyderabad,South
6085,2025-10-28,Hyderabad,South
6086,2025-03-20,Mumbai,West
6087,2025-07-31,Kolkata,East
6088,2025-07-18,Mumbai,West
6089,2025-06-14,Ahmedabad,West
6090,2025-02-24,Chennai,South
6091,2025-11-25,Chennai,South
6092,2025-07-12,Ahmedabad,West
6093,2025-07-04,Hyderabad,South
6094,2025-11-20,Lucknow,North
6095,2025-04-19,Bangalore,South
6096,2025-04-29,Lucknow,North
6097,2025-05-13,Mumbai,West
6098,2025-10-24,Indore,Central
6099,2025-03-30,Hyderabad,South
6100,2025-10-25,Chandigarh,North
6101,2025-10-30,Delhi,North
6102,2025-05-21,Lucknow,North
6103,2025-10-27,Mumbai,West
6104,2025-06-05,Bhopal,Central
6105,2025-04-11,Bangalore,South
6106,2025-11-02,Delhi,North
6107,2025-11-23,Mumbai,West
6108,2025-06-25,Mumbai,West
6109,2025-03-17,Mumbai,West
6110,2025-06-08,Nagpur,Central
6111,2025-10-18,Bhopal,Central
6112,2025-04-18,Mumbai,West
6113,2025-08-11,Chandigarh,North
6114,2025-05-26,Lucknow,North
6115,2025-10-06,Chennai,South
6116,2025-04-22,Kolkata,East
6117,2025-07-08,Ahmedabad,West
6118,2025-05-22,Nagpur,Central
6119,2025-03-17,Chennai,South
6120,2025-11-10,Lucknow,North
6121,2025-04-13,Mumbai,West
6122,2025-04-28,Delhi,North
6123,2025-01-16,Bangalore,South
6124,2025-06-21,Chandigarh,North
6125,2025-10-11,Indore,Central
6126,2025-06-04,Ahmedabad,West
6127,2025-10-22,Ahmedabad,West
6128,2025-04-11,Delhi,North
6129,2025-10-20,Mumbai,West
6130,2025-10-25,Hyderabad,South
6131,2025-11-25,Bangalore,South
6132,2025-04-05,Jaipur,North
6133,2025-05-07,Lucknow,North
6134,2025-04-28,Bangalore,South
6135,2025-05-07,Delhi,North
6136,2025-05-08,Mumbai,West
6137,2025-10-20,Delhi,North
6138,2025-08-01,Indore,Central
6139,2025-06-02,Pune,West
6140,2025-10-12,Chandigarh,North
6141,2025-02-08,Bangalore,South
6142,2025-05-20,Mumbai,West
6143,2025-10-08,Hyderabad,South
6144,2025-04-14,Nagpur,Central
6145,2025-11-21,Lucknow,North
6146,2025-09-07,Chennai,South
6147,2025-08-02,Pune,West
6148,2025-02-28,Chennai,South
6149,2025-10-11,Lucknow,North
6150,2025-04-05,Indore,Central
6151,2025-02-15,Ahmedabad,West
6152,2025-08-01,Kolkata,East
6153,2025-11-19,Hyderabad,South
6154,2025-10-22,Hyderabad,South
6155,2025-06-29,Hyderabad,South
6156,2025-04-14,Hyderabad,South
6157,2025-04-18,Pune,West
6158,2025-07-06,Kolkata,East
6159,2025-10-07,Chennai,South
6160,2025-07-21,Patna,East
6161,2025-07-26,Delhi,North
6162,2025-02-08,Chennai,South
6163,2025-07-29,Bangalore,South
6164,2025-11-11,Chennai,South
6165,2025-10-12,Chennai,South
6166,2025-03-15,Delhi,North
6167,2025-05-05,Mumbai,West
6168,2025-01-24,Indore,Central
6169,2025-04-27,Delhi,North
6170,2025-11-25,Mumbai,West
6171,2025-02-26,Bangalore,South
6172,2025-10-15,Pune,West
6173,2025-03-14,Delhi,North
6174,2025-04-09,Patna,East
6175,2025-07-02,Kolkata,East
6176,2025-09-23,Kolkata,East
6177,2025-05-02,Jaipur,North
6178,2025-09-24,Bangalore,South
6179,2025-06-04,Mumbai,West
6180,2025-10-16,Mumbai,West
6181,2025-05-26,Pune,West
6182,2025-11-10,Hyderabad,South
6183,2025-08-24,Delhi,North
6184,2025-04-28,Indore,Central
6185,2025-10-13,Bangalore,South
6186,2025-11-21,Chandigarh,North
6187,2025-10-15,Kolkata,East
6188,2025-03-29,Chennai,South
6189,2025-03-12,Chennai,South
6190,2025-10-06,Delhi,North
6191,2025-05-04,Lucknow,North
6192,2025-10-04,Kolkata,East
6193,2025-03-30,Jaipur,North
6194,2025-07-04,Patna,East
6195,2025-09-12,Pune,West
6196,2025-04-05,Bangalore,South
6197,2025-02-03,Bangalore,South
6198,2025-02-01,Bhopal,Central
6199,2025-07-06,Hyderabad,South
6200,2025-06-30,Mumbai,West
6201,2025-09-08,Lucknow,North
6202,2025-05-18,Chennai,South
6203,2025-04-26,Patna,East
6204,2025-10-23,Jaipur,North
6205,2025-11-04,Hyderabad,South
6206,2025-11-21,Indore,Central
6207,2025-04-23,Mumbai,West
6208,2025-10-22,Bangalore,South
6209,2025-07-05,Bangalore,South
6210,2025-07-04,Chennai,South
6211,2025-07-15,Hyderabad,South
6212,2025-04-27,Chennai,South
6213,2025-02-03,Delhi,North
6214,2025-10-03,Delhi,North
6215,2025-05-19,Kolkata,East
6216,2025-06-30,Patna,East
6217,2025-09-25,Mumbai,West
6218,2025-10-09,Chennai,South
6219,2025-06-12,Chennai,South
6220,2025-07-06,Mumbai,West
6221,2025-10-10,Lucknow,North
6222,2025-08-03,Kolkata,East
6223,2025-06-24,Bangalore,South
6224,2025-05-22,Hyderabad,South
6225,2025-08-15,Chennai,South
6226,2025-07-13,Jaipur,North
6227,2025-06-11,Bangalore,South
6228,2025-11-20,Chandigarh,North
6229,2025-09-08,Kolkata,East
6230,2025-03-05,Chennai,South
6231,2025-02-06,Jaipur,North
6232,2025-05-27,Indore,Central
6233,2025-10-17,Kolkata,East
6234,2025-09-17,Chennai,South
6235,2025-10-10,Hyderabad,South
6236,2025-05-05,Chandigarh,North
6237,2025-05-12,Lucknow,North
6238,2025-09-26,Lucknow,North
6239,2025-04-12,Indore,Central
6240,2025-04-21,Chandigarh,North
6241,2025-02-01,Indore,Central
6242,2025-07-25,Bangalore,South
6243,2025-03-17,Ahmedabad,West
6244,2025-04-27,Pune,West
6245,2025-10-19,Pune,West
6246,2025-09-07,Pune,West
6247,2025-03-09,Hyderabad,South
6248,2025-09-13,Pune,West
6249,2025-09-30,Ahmedabad,West
6250,2025-10-08,Chennai,South
6251,2025-07-28,Hyderabad,South
6252,2025-02-12,Hyderabad,South
6253,2025-07-30,Mumbai,West
6254,2025-03-19,Bangalore,South
6255,2025-10-06,Bangalore,South
6256,2025-08-18,Kolkata,East
6257,2025-02-26,Ahmedabad,West
6258,2025-07-16,Pune,West
6259,2025-06-21,Indore,Central
6260,2025-04-07,Bangalore,South
6261,2025-03-24,Bangalore,South
6262,2025-03-08,Patna,East
6263,2025-07-27,Bangalore,South
6264,2025-09-08,Bhopal,Central
6265,2025-02-24,Chandigarh,North
6266,2025-06-27,Kolkata,East
6267,2025-05-26,Bhopal,Central
6268,2025-06-25,Mumbai,West
6269,2025-08-02,Mumbai,West
6270,2025-05-02,Jaipur,North
6271,2025-05-19,Bangalore,South
6272,2025-05-21,Nagpur,Central
6273,2025-10-01,Chennai,South
6274,2025-09-20,Kolkata,East
6275,2025-06-27,Pune,West
6276,2025-03-05,Ahmedabad,West
6277,2025-01-22,Delhi,North
6278,2025-09-15,Bangalore,South
6279,2025-07-31,Bhopal,Central
6280,2025-07-15,Hyderabad,South
6281,2025-05-29,Nagpur,Central
6282,2025-05-10,Pune,West
6283,2025-03-06,Ahmedabad,West
6284,2025-05-26,Lucknow,North
6285,2025-02-20,Delhi,North
6286,2025-04-20,Lucknow,North
6287,2025-10-14,Chandigarh,North
6288,2025-11-01,Bangalore,South
6289,2025-04-25,Nagpur,Central
6290,2025-06-18,Hyderabad,South
6291,2025-03-31,Mumbai,West
6292,2025-08-01,Chennai,South
6293,2025-05-04,Bhopal,Central
6294,2025-10-29,Chennai,South
6295,2025-12-15,Bhopal,Central
6296,2025-06-21,Chandigarh,North
6297,2025-06-17,Chennai,South
6298,2025-08-27,Mumbai,West
6299,2025-11-06,Ahmedabad,West
6300,2025-03-30,Chennai,South
6301,2025-10-26,Jaipur,North
6302,2025-11-03,Bangalore,South
6303,2025-03-13,Mumbai,West
6304,2025-07-15,Ahmedabad,West
6305,2025-06-30,Bangalore,South
6306,2025-07-17,Mumbai,West
6307,2025-08-04,Bangalore,South
6308,2025-07-02,Hyderabad,South
6309,2025-05-06,Kolkata,East
6310,2025-02-16,Indore,Central
6311,2025-02-05,Chennai,South
6312,2025-11-01,Kolkata,East
6313,2025-08-18,Lucknow,North
6314,2025-01-21,Delhi,North
6315,2025-01-25,Chennai,South
6316,2025-05-04,Patna,East
6317,2025-10-09,Jaipur,North
6318,2025-03-03,Jaipur,North
6319,2025-10-16,Pune,West
6320,2025-06-26,Bangalore,South
6321,2025-03-09,Lucknow,North
6322,2025-10-20,Pune,West
6323,2025-10-19,Lucknow,North
6324,2025-09-15,Delhi,North
6325,2025-01-27,Bangalore,South
6326,2025-10-12,Hyderabad,South
6327,2025-05-16,Bhopal,Central
6328,2025-11-27,Delhi,North
6329,2025-08-19,Chennai,South
6330,2025-10-13,Bangalore,South
6331,2025-05-22,Delhi,North
6332,2025-05-04,Pune,West
6333,2025-09-16,Jaipur,North
6334,2025-10-15,Pune,West
6335,2025-06-21,Delhi,North
6336,2025-11-09,Pune,West
6337,2025-07-30,Hyderabad,South
6338,2025-03-13,Chennai,South
6339,2025-07-22,Mumbai,West
6340,2025-06-30,Hyderabad,South
6341,2025-11-28,Chennai,South
6342,2025-11-07,Ahmedabad,West
6343,2025-06-13,Ahmedabad,West
6344,2025-03-30,Bhopal,Central
6345,2025-04-28,Hyderabad,South
6346,2025-11-08,Chennai,South
6347,2025-06-30,Bangalore,South
6348,2025-11-03,Bhopal,Central
6349,2025-04-06,Ahmedabad,West
6350,2025-08-29,Pune,West
6351,2025-10-22,Chennai,South
6352,2025-10-26,Ahmedabad,West
6353,2025-08-16,Delhi,North
6354,2025-11-10,Pune,West
6355,2025-04-09,Nagpur,Central
6356,2025-06-13,Nagpur,Central
6357,2025-05-17,Kolkata,East
6358,2025-02-20,Mumbai,West
6359,2025-10-08,Patna,East
6360,2025-03-25,Jaipur,North
6361,2025-06-28,Mumbai,West
6362,2025-02-16,Chennai,South
6363,2025-10-15,Mumbai,West
6364,2025-11-22,Bangalore,South
6365,2025-04-28,Hyderabad,South
6366,2025-03-11,Pune,West
6367,2025-07-25,Mumbai,West
6368,2025-06-08,Chennai,South
6369,2025-04-24,Jaipur,North
6370,2025-10-26,Patna,East
6371,2025-09-02,Kolkata,East
6372,2025-05-02,Bangalore,South
6373,2025-04-29,Indore,Central
6374,2025-11-14,Bhopal,Central
6375,2025-05-29,Delhi,North
6376,2025-03-21,Delhi,North
6377,2025-07-30,Jaipur,North
6378,2025-11-01,Bhopal,Central
6379,2025-02-22,Chandigarh,North
6380,2025-06-02,Bhopal,Central
6381,2025-09-03,Lucknow,North
6382,2026-01-06,Pune,West
6383,2025-11-23,Bangalore,South
6384,2025-10-10,Delhi,North
6385,2025-06-15,Delhi,North
6386,2025-09-04,Jaipur,North
6387,2025-01-18,Pune,West
6388,2025-04-26,Pune,West
6389,2025-02-11,Chennai,South
6390,2025-11-12,Kolkata,East
6391,2025-03-04,Chennai,South
6392,2025-09-07,Mumbai,West
6393,2025-11-19,Ahmedabad,West
6394,2025-09-13,Kolkata,East
6395,2025-08-18,Bhopal,Central
6396,2025-06-15,Chennai,South
6397,2025-11-25,Bangalore,South
6398,2025-02-13,Bangalore,South
6399,2025-10-04,Delhi,North
6400,2025-04-08,Bhopal,Central
6401,2025-05-26,Kolkata,East
6402,2025-05-26,Indore,Central
6403,2025-06-13,Delhi,North
6404,2025-04-22,Patna,East
6405,2025-05-12,Bangalore,South
6406,2025-11-24,Chandigarh,North
6407,2025-02-11,Bangalore,South
6408,2025-10-01,Chennai,South
6409,2025-10-05,Lucknow,North
6410,2025-06-24,Patna,East
6411,2025-02-11,Delhi,North
6412,2025-04-30,Mumbai,West
6413,2025-06-06,Nagpur,Central
6414,2025-02-17,Mumbai,West
6415,2025-07-05,Mumbai,West
6416,2025-11-08,Hyderabad,South
6417,2025-04-14,Mumbai,West
6418,2025-01-25,Patna,East
6419,2025-10-19,Lucknow,North
6420,2025-06-15,Lucknow,North
6421,2025-05-04,Indore,Central
6422,2025-11-02,Chennai,South
6423,2025-08-25,Chennai,South
6424,2025-03-24,Hyderabad,South
6425,2025-03-07,Chennai,South
6426,2025-07-29,Bangalore,South
6427,2025-04-18,Bhopal,Central
6428,2025-05-18,Jaipur,North
6429,2025-10-13,Delhi,North
6430,2025-07-27,Kolkata,East
6431,2025-03-17,Pune,West
6432,2025-04-04,Nagpur,Central
6433,2025-06-14,Chandigarh,North
6434,2025-06-27,Ahmedabad,West
6435,2025-03-13,Pune,West
6436,2025-07-31,Lucknow,North
6437,2025-08-07,Pune,West
6438,2025-07-21,Hyderabad,South
6439,2025-11-12,Bangalore,South
6440,2025-07-25,Lucknow,North
6441,2025-02-23,Hyderabad,South
6442,2025-03-17,Delhi,North
6443,2025-05-04,Ahmedabad,West
6444,2025-03-16,Delhi,North
6445,2025-07-06,Kolkata,East
6446,2025-03-21,Jaipur,North
6447,2025-04-10,Bhopal,Central
6448,2025-02-08,Hyderabad,South
6449,2025-11-23,Delhi,North
6450,2025-11-27,Jaipur,North
6451,2025-10-18,Bhopal,Central
6452,2025-06-04,Nagpur,Central
6453,2025-10-05,Hyderabad,South
6454,2025-07-06,Mumbai,West
6455,2025-03-08,Patna,East
6456,2025-10-01,Hyderabad,South
6457,2025-09-16,Pune,West
6458,2025-08-15,Bangalore,South
6459,2025-11-21,Hyderabad,South
6460,2025-03-26,Hyderabad,South
6461,2025-10-20,Delhi,North
6462,2025-10-12,Jaipur,North
6463,2025-07-09,Bhopal,Central
6464,2025-07-20,Chennai,South
6465,2025-10-08,Chandigarh,North
6466,2025-05-16,Delhi,North
6467,2025-06-10,Kolkata,East
6468,2025-07-11,Mumbai,West
6469,2025-02-11,Nagpur,Central
6470,2025-04-21,Pune,West
6471,2025-11-21,Jaipur,North
6472,2025-08-26,Chandigarh,North
6473,2025-07-20,Pune,West
6474,2025-01-18,Bhopal,Central
6475,2025-08-14,Kolkata,East
6476,2025-04-20,Nagpur,Central
6477,2025-02-09,Lucknow,North
6478,2025-07-20,Chennai,South
6479,2025-10-14,Lucknow,North
6480,2025-09-18,Delhi,North
6481,2025-06-27,Kolkata,East
6482,2025-06-16,Delhi,North
6483,2025-05-08,Kolkata,East
6484,2025-09-22,Delhi,North
6485,2025-08-16,Hyderabad,South
6486,2025-06-11,Hyderabad,South
6487,2025-01-10,Patna,East
6488,2025-09-14,Bangalore,South
6489,2025-02-06,Delhi,North
6490,2025-05-03,Kolkata,East
6491,2025-05-28,Lucknow,North
6492,2025-01-27,Hyderabad,South
6493,2025-05-09,Chennai,South
6494,2025-11-25,Bangalore,South
6495,2025-06-07,Chandigarh,North
6496,2025-08-03,Delhi,North
6497,2025-08-01,Delhi,North
6498,2025-04-09,Mumbai,West
6499,2025-08-28,Chennai,South
6500,2025-09-06,Lucknow,North
6501,2025-07-11,Mumbai,West
6502,2025-06-23,Chennai,South
6503,2025-04-20,Chennai,South
6504,2025-03-24,Hyderabad,South
6505,2025-09-22,Bangalore,South
6506,2025-04-26,Chandigarh,North
6507,2025-11-30,Pune,West
6508,2025-03-23,Nagpur,Central
6509,2025-11-19,Indore,Central
6510,2025-10-23,Jaipur,North
6511,2025-05-16,Hyderabad,South
6512,2025-06-28,Pune,West
6513,2025-06-08,Chandigarh,North
6514,2025-05-24,Pune,West
6515,2025-03-16,Kolkata,East
6516,2025-11-22,Hyderabad,South
6517,2025-08-14,Bhopal,Central
6518,2025-11-07,Lucknow,North
6519,2025-10-25,Patna,East
6520,2025-10-19,Mumbai,West
6521,2025-09-07,Delhi,North
6522,2025-08-15,Delhi,North
6523,2025-03-01,Kolkata,East
6524,2025-09-06,Mumbai,West
6525,2025-07-22,Delhi,North
6526,2025-06-09,Indore,Central
6527,2025-10-22,Hyderabad,South
6528,2025-02-15,Chandigarh,North
6529,2025-07-18,Bangalore,South
6530,2025-05-31,Nagpur,Central
6531,2025-03-27,Kolkata,East
6532,2025-11-21,Chandigarh,North
6533,2025-09-21,Nagpur,Central
6534,2025-03-01,Delhi,North
6535,2025-02-16,Delhi,North
6536,2025-06-14,Bangalore,South
6537,2025-07-24,Jaipur,North
6538,2025-08-30,Chandigarh,North
6539,2025-07-08,Bangalore,South
6540,2025-06-29,Lucknow,North
6541,2025-11-27,Bangalore,South
6542,2025-12-02,Patna,East
6543,2025-07-23,Chandigarh,North
6544,2025-11-06,Mumbai,West
6545,2025-10-03,Chennai,South
6546,2025-11-20,Chennai,South
6547,2025-08-16,Lucknow,North
6548,2025-03-03,Ahmedabad,West
6549,2025-06-07,Bangalore,South
6550,2025-06-07,Mumbai,West
6551,2025-09-17,Bangalore,South
6552,2025-11-25,Kolkata,East
6553,2025-02-11,Pune,West
6554,2025-08-21,Mumbai,West
6555,2025-07-22,Kolkata,East
6556,2025-05-21,Jaipur,North
6557,2025-09-10,Mumbai,West
6558,2025-11-27,Bangalore,South
6559,2025-04-29,Pune,West
6560,2025-11-09,Indore,Central
6561,2025-09-03,Hyderabad,South
6562,2025-04-11,Chennai,South
6563,2025-04-08,Hyderabad,South
6564,2025-05-29,Jaipur,North
6565,2025-04-14,Hyderabad,South
6566,2025-07-02,Hyderabad,South
6567,2025-06-21,Lucknow,North
6568,2025-04-18,Lucknow,North
6569,2025-02-23,Chennai,South
6570,2025-10-26,Delhi,North
6571,2025-06-29,Ahmedabad,West
6572,2025-09-27,Hyderabad,South
6573,2025-02-04,Delhi,North
6574,2025-05-14,Indore,Central
6575,2025-01-25,Chennai,South
6576,2025-01-29,Lucknow,North
6577,2025-07-07,Bhopal,Central
6578,2025-06-17,Hyderabad,South
6579,2025-04-22,Delhi,North
6580,2025-04-29,Jaipur,North
6581,2025-05-17,Indore,Central
6582,2025-02-07,Indore,Central
6583,2025-04-03,Pune,West
6584,2025-04-29,Mumbai,West
6585,2025-09-01,Pune,West
6586,2025-07-01,Delhi,North
6587,2025-07-27,Hyderabad,South
6588,2025-04-28,Hyderabad,South
6589,2025-11-21,Delhi,North
6590,2025-05-06,Pune,West
6591,2025-02-01,Delhi,North
6592,2025-04-09,Hyderabad,South
6593,2025-09-22,Hyderabad,South
6594,2025-10-11,Chandigarh,North
6595,2025-11-25,Lucknow,North
6596,2025-11-02,Chennai,South
6597,2025-10-27,Delhi,North
6598,2025-08-24,Hyderabad,South
6599,2025-04-11,Chandigarh,North
6600,2025-05-07,Lucknow,North
6601,2025-07-08,Kolkata,East
6602,2025-10-17,Lucknow,North
6603,2025-04-13,Hyderabad,South
6604,2025-10-15,Bhopal,Central
6605,2025-10-17,Ahmedabad,West
6606,2025-11-18,Delhi,North
6607,2025-11-27,Hyderabad,South
6608,2025-08-25,Kolkata,East
6609,2025-04-17,Patna,East
6610,2025-06-08,Chennai,South
6611,2025-10-15,Nagpur,Central
6612,2025-11-19,Ahmedabad,West
6613,2025-11-21,Chennai,South
6614,2025-07-23,Bangalore,South
6615,2025-10-14,Hyderabad,South
6616,2025-05-20,Kolkata,East
6617,2025-03-27,Chennai,South
6618,2025-03-28,Bangalore,South
6619,2025-05-31,Pune,West
6620,2025-07-28,Pune,West
6621,2025-11-13,Chennai,South
6622,2025-07-15,Hyderabad,South
6623,2025-10-17,Bangalore,South
6624,2025-10-08,Pune,West
6625,2025-05-18,Chandigarh,North
6626,2025-07-28,Hyderabad,South
6627,2025-07-01,Patna,East
6628,2025-06-10,Ahmedabad,West
6629,2025-06-29,Kolkata,East
6630,2025-03-20,Jaipur,North
6631,2025-05-10,Hyderabad,South
6632,2025-04-03,Chennai,South
6633,2025-03-11,Pune,West
6634,2025-10-14,Kolkata,East
6635,2025-06-02,Kolkata,East
6636,2025-10-09,Mumbai,West
6637,2025-03-20,Indore,Central
6638,2025-06-15,Lucknow,North
6639,2025-04-11,Mumbai,West
6640,2025-03-18,Chennai,South
6641,2025-05-04,Kolkata,East
6642,2025-06-30,Jaipur,North
6643,2025-10-01,Chennai,South
6644,2025-07-14,Patna,East
6645,2025-10-06,Bangalore,South
6646,2025-08-27,Chennai,South
6647,2025-01-31,Patna,East
6648,2025-08-10,Nagpur,Central
6649,2025-08-29,Lucknow,North
6650,2025-11-06,Chandigarh,North
6651,2025-10-22,Hyderabad,South
6652,2025-10-05,Chandigarh,North
6653,2025-04-22,Bangalore,South
6654,2025-06-18,Hyderabad,South
6655,2025-08-19,Bangalore,South
6656,2025-11-19,Bangalore,South
6657,2025-09-13,Bangalore,South
6658,2025-10-17,Delhi,North
6659,2025-02-20,Mumbai,West
6660,2025-11-21,Chennai,South
6661,2025-02-05,Jaipur,North
6662,2025-11-08,Chennai,South
6663,2025-07-13,Bangalore,South
6664,2025-11-02,Pune,West
6665,2025-06-21,Nagpur,Central
6666,2025-01-25,Kolkata,East
6667,2025-03-22,Delhi,North
6668,2025-02-20,Kolkata,East
6669,2025-02-27,Mumbai,West
6670,2025-06-20,Bangalore,South
6671,2025-06-07,Chennai,South
6672,2025-08-07,Patna,East
6673,2025-08-10,Bangalore,South
6674,2025-08-25,Hyderabad,South
6675,2025-10-28,Mumbai,West
6676,2025-08-17,Indore,Central
6677,2025-04-23,Kolkata,East
6678,2025-09-09,Mumbai,West
6679,2025-08-24,Jaipur,North
6680,2025-05-02,Jaipur,North
6681,2025-11-16,Ahmedabad,West
6682,2025-07-18,Chennai,South
6683,2025-02-20,Bhopal,Central
6684,2025-03-19,Bangalore,South
6685,2025-03-20,Jaipur,North
6686,2025-10-05,Mumbai,West
6687,2025-03-29,Mumbai,West
6688,2025-11-26,Chennai,South
6689,2025-06-06,Ahmedabad,West
6690,2025-07-16,Chennai,South
6691,2025-03-16,Ahmedabad,West
6692,2025-08-01,Hyderabad,South
6693,2025-06-15,Jaipur,North
6694,2025-11-19,Indore,Central
6695,2025-10-02,Jaipur,North
6696,2025-02-15,Ahmedabad,West
6697,2025-06-14,Lucknow,North
6698,2025-04-18,Delhi,North
6699,2025-10-09,Chandigarh,North
6700,2025-11-06,Mumbai,West
6701,2025-11-19,Jaipur,North
6702,2025-05-10,Pune,West
6703,2025-11-13,Delhi,North
6704,2025-11-19,Chennai,South
6705,2025-09-14,Delhi,North
6706,2025-11-13,Nagpur,Central
6707,2025-09-21,Nagpur,Central
6708,2025-06-11,Lucknow,North
6709,2025-03-09,Ahmedabad,West
6710,2025-08-27,Nagpur,Central
6711,2025-11-22,Delhi,North
6712,2025-08-11,Delhi,North
6713,2025-09-27,Kolkata,East
6714,2025-03-06,Bhopal,Central
6715,2025-04-05,Patna,East
6716,2025-04-21,Bangalore,South
6717,2025-01-30,Mumbai,West
6718,2025-02-26,Mumbai,West
6719,2025-10-10,Delhi,North
6720,2025-08-31,Hyderabad,South
6721,2025-08-21,Lucknow,North
6722,2025-09-27,Hyderabad,South
6723,2025-04-17,Bhopal,Central
6724,2025-02-15,Hyderabad,South
6725,2025-02-10,Kolkata,East
6726,2025-05-31,Delhi,North
6727,2025-10-08,Hyderabad,South
6728,2025-06-03,Hyderabad,South
6729,2025-11-20,Nagpur,Central
6730,2025-04-25,Bhopal,Central
6731,2025-10-20,Delhi,North
6732,2025-04-18,Chennai,South
6733,2025-10-05,Nagpur,Central
6734,2025-06-13,Mumbai,West
6735,2025-04-09,Bangalore,South
6736,2025-10-10,Lucknow,North
6737,2025-04-16,Nagpur,Central
6738,2025-04-14,Bangalore,South
6739,2025-08-19,Chennai,South
6740,2025-11-24,Patna,East
6741,2025-08-07,Mumbai,West
6742,2025-08-01,Chennai,South
6743,2025-05-17,Jaipur,North
6744,2025-11-02,Nagpur,Central
6745,2025-03-24,Chennai,South
6746,2025-03-18,Bhopal,Central
6747,2025-10-26,Jaipur,North
6748,2025-08-15,Bangalore,South
6749,2025-11-24,Bhopal,Central
6750,2025-06-16,Mumbai,West
6751,2025-11-04,Bangalore,South
6752,2025-11-11,Kolkata,East
6753,2025-11-05,Hyderabad,South
6754,2025-11-21,Hyderabad,South
6755,2025-05-25,Delhi,North
6756,2025-08-03,Chennai,South
6757,2025-08-21,Indore,Central
6758,2025-07-07,Kolkata,East
6759,2025-03-17,Bhopal,Central
6760,2025-05-04,Delhi,North
6761,2025-01-29,Bangalore,South
6762,2025-10-02,Chennai,South
6763,2025-05-18,Mumbai,West
6764,2025-07-24,Mumbai,West
6765,2025-10-06,Pune,West
6766,2025-11-14,Patna,East
6767,2025-07-21,Nagpur,Central
6768,2025-02-14,Mumbai,West
6769,2025-11-18,Chandigarh,North
6770,2025-05-09,Mumbai,West
6771,2025-07-31,Hyderabad,South
6772,2025-09-29,Bhopal,Central
6773,2025-06-30,Ahmedabad,West
6774,2025-05-21,Bangalore,South
6775,2025-08-07,Bangalore,South
6776,2025-08-18,Delhi,North
6777,2025-03-12,Pune,West
6778,2025-11-13,Mumbai,West
6779,2025-06-13,Chandigarh,North
6780,2025-08-06,Mumbai,West
6781,2025-11-08,Mumbai,West
6782,2025-04-15,Chennai,South
6783,2025-11-14,Ahmedabad,West
6784,2025-11-19,Chennai,South
6785,2025-01-28,Pune,West
6786,2025-06-17,Patna,East
6787,2025-06-02,Patna,East
6788,2025-06-06,Chandigarh,North
6789,2025-07-06,Indore,Central
6790,2025-06-29,Lucknow,North
6791,2025-09-05,Chandigarh,North
6792,2025-05-18,Delhi,North
6793,2025-10-27,Mumbai,West
6794,2025-08-14,Delhi,North
6795,2025-06-03,Bangalore,South
6796,2025-07-17,Bangalore,South
6797,2025-05-01,Nagpur,Central
6798,2025-08-11,Mumbai,West
6799,2025-04-22,Hyderabad,South
6800,2025-07-04,Jaipur,North
6801,2025-08-27,Hyderabad,South
6802,2025-07-04,Bangalore,South
6803,2025-07-10,Bangalore,South
6804,2025-10-16,Delhi,North
6805,2025-08-04,Mumbai,West
6806,2025-10-03,Jaipur,North
6807,2025-07-30,Pune,West
6808,2025-08-16,Hyderabad,South
6809,2025-11-03,Hyderabad,South
6810,2025-04-17,Bangalore,South
6811,2025-05-25,Pune,West
6812,2025-10-05,Bangalore,South
6813,2025-08-13,Bangalore,South
6814,2025-10-08,Ahmedabad,West
6815,2025-11-18,Hyderabad,South
6816,2025-08-11,Mumbai,West
6817,2025-06-30,Hyderabad,South
6818,2025-07-10,Indore,Central
6819,2025-08-23,Chandigarh,North
6820,2025-11-02,Lucknow,North
6821,2025-10-26,Delhi,North
6822,2025-05-10,Lucknow,North
6823,2025-02-26,Patna,East
6824,2025-03-28,Indore,Central
6825,2025-06-09,Chennai,South
6826,2025-09-06,Nagpur,Central
6827,2025-11-16,Delhi,North
6828,2025-02-19,Chennai,South
6829,2025-04-05,Pune,West
6830,2025-07-17,Hyderabad,South
6831,2025-05-07,Bhopal,Central
6832,2025-10-11,Mumbai,West
6833,2025-05-08,Pune,West
6834,2025-03-03,Patna,East
6835,2025-03-04,Patna,East
6836,2025-05-22,Chennai,South
6837,2025-06-01,Bangalore,South
6838,2025-06-04,Lucknow,North
6839,2025-02-20,Mumbai,West
6840,2025-07-15,Nagpur,Central
6841,2025-04-04,Indore,Central
6842,2025-04-20,Mumbai,West
6843,2025-03-11,Mumbai,West
6844,2025-11-20,Hyderabad,South
6845,2025-12-13,Bhopal,Central
6846,2025-03-23,Delhi,North
6847,2025-10-22,Bangalore,South
6848,2025-11-03,Hyderabad,South
6849,2025-03-25,Kolkata,East
6850,2025-06-07,Mumbai,West
6851,2025-01-22,Chennai,South
6852,2025-10-18,Nagpur,Central
6853,2025-05-03,Nagpur,Central
6854,2025-01-17,Lucknow,North
6855,2025-06-06,Hyderabad,South
6856,2025-03-22,Mumbai,West
6857,2025-10-11,Kolkata,East
6858,2025-05-31,Delhi,North
6859,2025-09-02,Patna,East
6860,2025-05-18,Lucknow,North
6861,2025-08-04,Hyderabad,South
6862,2025-02-22,Patna,East
6863,2025-06-13,Chandigarh,North
6864,2025-06-04,Chennai,South
6865,2025-11-02,Jaipur,North
6866,2025-05-17,Bangalore,South
6867,2025-09-29,Bangalore,South
6868,2025-11-01,Hyderabad,South
6869,2025-07-14,Pune,West
6870,2025-04-29,Patna,East
6871,2025-07-26,Jaipur,North
6872,2025-10-02,Chennai,South
6873,2025-06-21,Jaipur,North
6874,2025-04-28,Mumbai,West
6875,2025-07-16,Nagpur,Central
6876,2025-05-20,Bangalore,South
6877,2025-08-24,Delhi,North
6878,2025-06-17,Delhi,North
6879,2025-04-02,Kolkata,East
6880,2025-11-15,Mumbai,West
6881,2025-10-26,Lucknow,North
6882,2025-08-27,Delhi,North
6883,2025-06-03,Bangalore,South
6884,2025-05-30,Hyderabad,South
6885,2025-08-29,Patna,East
6886,2025-10-08,Bhopal,Central
6887,2025-06-03,Hyderabad,South
6888,2025-07-11,Mumbai,West
6889,2025-04-10,Hyderabad,South
6890,2025-04-01,Ahmedabad,West
6891,2025-10-09,Delhi,North
6892,2025-09-18,Patna,East
6893,2025-04-25,Indore,Central
6894,2025-11-18,Mumbai,West
6895,2025-02-01,Chennai,South
6896,2025-11-06,Indore,Central
6897,2025-12-29,Nagpur,Central
6898,2025-06-07,Hyderabad,South
6899,2025-03-02,Mumbai,West
6900,2025-07-19,Chennai,South
6901,2025-04-23,Bangalore,South
6902,2025-05-21,Hyderabad,South
6903,2025-07-19,Chennai,South
6904,2025-02-14,Lucknow,North
6905,2025-11-10,Mumbai,West
6906,2025-06-17,Mumbai,West
6907,2025-10-07,Bangalore,South
6908,2025-04-09,Patna,East
6909,2025-02-17,Bhopal,Central
6910,2025-05-26,Mumbai,West
6911,2025-10-25,Hyderabad,South
6912,2025-08-28,Patna,East
6913,2025-03-07,Delhi,North
6914,2025-11-02,Chennai,South
6915,2025-01-31,Hyderabad,South
6916,2025-10-20,Chennai,South
6917,2025-03-03,Delhi,North
6918,2025-11-28,Chandigarh,North
6919,2025-06-23,Ahmedabad,West
6920,2025-10-26,Mumbai,West
6921,2025-12-21,Patna,East
6922,2025-11-18,Delhi,North
6923,2025-07-19,Hyderabad,South
6924,2025-03-24,Pune,West
6925,2025-10-26,Lucknow,North
6926,2025-05-29,Chennai,South
6927,2025-10-04,Mumbai,West
6928,2025-08-30,Ahmedabad,West
6929,2025-10-08,Ahmedabad,West
6930,2025-05-28,Pune,West
6931,2025-11-14,Delhi,North
6932,2025-06-13,Mumbai,West
6933,2025-06-09,Bangalore,South
6934,2025-11-08,Mumbai,West
6935,2025-04-09,Nagpur,Central
6936,2025-08-02,Chennai,South
6937,2025-11-09,Delhi,North
6938,2025-11-02,Kolkata,East
6939,2025-01-28,Mumbai,West
6940,2025-07-24,Mumbai,West
6941,2025-03-10,Patna,East
6942,2025-06-09,Nagpur,Central
6943,2025-05-22,Kolkata,East
6944,2025-01-18,Chennai,South
6945,2025-03-06,Ahmedabad,West
6946,2025-10-03,Pune,West
6947,2025-05-21,Delhi,North
6948,2025-11-24,Hyderabad,South
6949,2025-11-24,Bhopal,Central
6950,2025-04-30,Hyderabad,South
6951,2025-02-17,Jaipur,North
6952,2025-11-17,Mumbai,West
6953,2025-08-16,Chennai,South
6954,2025-08-15,Chennai,South
6955,2025-04-02,Indore,Central
6956,2025-08-08,Bangalore,South
6957,2025-11-23,Ahmedabad,West
6958,2025-02-01,Pune,West
6959,2025-06-18,Kolkata,East
6960,2025-10-01,Indore,Central
6961,2025-11-03,Jaipur,North
6962,2025-04-10,Mumbai,West
6963,2025-04-15,Patna,East
6964,2025-11-27,Jaipur,North
6965,2025-11-12,Delhi,North
6966,2025-04-22,Hyderabad,South
6967,2025-04-30,Indore,Central
6968,2025-03-12,Bangalore,South
6969,2025-05-24,Kolkata,East
6970,2025-11-23,Delhi,North
6971,2025-05-19,Hyderabad,South
6972,2025-10-07,Ahmedabad,West
6973,2025-11-08,Chennai,South
6974,2025-04-26,Mumbai,West
6975,2025-10-05,Ahmedabad,West
6976,2025-05-19,Mumbai,West
6977,2025-06-06,Kolkata,East
6978,2025-11-09,Nagpur,Central
6979,2025-05-03,Ahmedabad,West
6980,2025-03-20,Mumbai,West
6981,2025-04-10,Hyderabad,South
6982,2025-10-19,Pune,West
6983,2025-10-06,Patna,East
6984,2025-10-21,Patna,East
6985,2025-11-05,Indore,Central
6986,2025-11-11,Mumbai,West
6987,2025-10-25,Chennai,South
6988,2025-03-24,Bangalore,South
6989,2025-04-22,Hyderabad,South
6990,2025-08-20,Hyderabad,South
6991,2025-07-30,Indore,Central
6992,2025-03-07,Delhi,North
6993,2025-10-23,Delhi,North
6994,2025-04-27,Bangalore,South
6995,2025-05-07,Chandigarh,North
6996,2025-04-24,Lucknow,North
6997,2025-11-02,Lucknow,North
6998,2025-11-12,Indore,Central
6999,2025-04-04,Delhi,North
7000,2025-04-17,Kolkata,East
7001,2025-04-01,Mumbai,West
7002,2025-03-18,Chennai,South
7003,2025-05-06,Indore,Central
7004,2025-05-03,Lucknow,North
7005,2025-08-09,Chennai,South
7006,2025-07-06,Mumbai,West
7007,2025-11-24,Jaipur,North
7008,2025-07-10,Bangalore,South
7009,2025-09-13,Hyderabad,South
7010,2025-08-14,Mumbai,West
7011,2025-07-14,Chennai,South
7012,2025-02-14,Indore,Central
7013,2025-10-21,Delhi,North
7014,2025-05-26,Mumbai,West
7015,2025-07-31,Kolkata,East
7016,2025-07-22,Patna,East
7017,2025-04-13,Chennai,South
7018,2025-02-24,Bangalore,South
7019,2025-06-01,Chennai,South
7020,2025-02-26,Kolkata,East
7021,2025-05-17,Ahmedabad,West
7022,2025-06-01,Nagpur,Central
7023,2025-03-04,Indore,Central
7024,2025-08-10,Jaipur,North
7025,2025-09-29,Pune,West
7026,2025-05-31,Delhi,North
7027,2025-04-28,Mumbai,West
7028,2025-11-20,Indore,Central
7029,2025-07-06,Hyderabad,South
7030,2025-03-21,Hyderabad,South
7031,2025-08-06,Ahmedabad,West
7032,2025-11-04,Delhi,North
7033,2025-12-03,Pune,West
7034,2025-06-08,Pune,West
7035,2025-08-03,Bangalore,South
7036,2025-11-10,Bhopal,Central
7037,2025-05-18,Delhi,North
7038,2025-02-03,Hyderabad,South
7039,2025-03-22,Jaipur,North
7040,2025-11-13,Jaipur,North
7041,2025-10-12,Kolkata,East
7042,2025-02-26,Hyderabad,South
7043,2025-11-01,Pune,West
7044,2025-10-22,Mumbai,West
7045,2025-11-08,Patna,East
7046,2025-11-30,Chennai,South
7047,2025-04-13,Ahmedabad,West
7048,2025-11-26,Delhi,North
7049,2025-11-02,Mumbai,West
7050,2025-03-15,Hyderabad,South
7051,2025-03-20,Chandigarh,North
7052,2025-10-06,Pune,West
7053,2025-04-26,Patna,East
7054,2025-10-19,Delhi,North
7055,2025-07-08,Hyderabad,South
7056,2025-03-06,Chennai,South
7057,2025-04-24,Chandigarh,North
7058,2025-08-15,Bangalore,South
7059,2025-10-25,Nagpur,Central
7060,2025-08-20,Indore,Central
7061,2025-05-25,Bhopal,Central
7062,2025-11-23,Ahmedabad,West
7063,2025-07-11,Pune,West
7064,2025-07-17,Jaipur,North
7065,2025-05-26,Delhi,North
7066,2025-04-13,Pune,West
7067,2025-06-17,Delhi,North
7068,2025-12-19,Hyderabad,South
7069,2025-08-24,Delhi,North
7070,2025-05-30,Hyderabad,South
7071,2025-09-14,Delhi,North
7072,2025-02-10,Mumbai,West
7073,2025-05-26,Lucknow,North
7074,2025-08-20,Chennai,South
7075,2025-09-14,Lucknow,North
7076,2025-04-22,Mumbai,West
7077,2025-02-27,Lucknow,North
7078,2025-07-16,Ahmedabad,West
7079,2025-06-04,Ahmedabad,West
7080,2025-08-15,Kolkata,East
7081,2025-10-07,Hyderabad,South
7082,2025-07-29,Ahmedabad,West
7083,2025-07-05,Hyderabad,South
7084,2025-07-07,Bangalore,South
7085,2025-02-14,Ahmedabad,West
7086,2025-03-29,Hyderabad,South
7087,2025-06-30,Ahmedabad,West
7088,2025-04-20,Jaipur,North
7089,2025-10-04,Bangalore,South
7090,2025-06-06,Delhi,North
7091,2025-10-03,Bangalore,South
7092,2025-02-21,Indore,Central
7093,2025-10-22,Pune,West
7094,2025-04-01,Chennai,South
7095,2025-01-31,Mumbai,West
7096,2025-03-01,Jaipur,North
7097,2025-11-08,Indore,Central
7098,2025-05-11,Mumbai,West
7099,2025-06-10,Hyderabad,South
7100,2025-10-06,Nagpur,Central
7101,2025-11-14,Hyderabad,South
7102,2025-09-28,Delhi,North
7103,2025-06-29,Bhopal,Central
7104,2025-09-28,Ahmedabad,West
7105,2025-11-07,Bangalore,South
7106,2025-04-09,Chennai,South
7107,2025-11-10,Delhi,North
7108,2025-03-07,Chennai,South
7109,2025-10-11,Indore,Central
7110,2025-06-26,Chennai,South
7111,2025-11-26,Kolkata,East
7112,2025-05-31,Indore,Central
7113,2025-09-19,Mumbai,West
7114,2025-04-21,Hyderabad,South
7115,2025-07-18,Kolkata,East
7116,2025-10-15,Nagpur,Central
7117,2025-10-02,Indore,Central
7118,2025-03-05,Chennai,South
7119,2025-10-25,Lucknow,North
7120,2025-11-21,Lucknow,North
7121,2025-10-08,Bhopal,Central
7122,2025-10-07,Mumbai,West
7123,2025-10-09,Lucknow,North
7124,2025-09-25,Indore,Central
7125,2025-11-20,Delhi,North
7126,2025-10-17,Bangalore,South
7127,2025-04-20,Hyderabad,South
7128,2025-11-16,Chennai,South
7129,2025-04-30,Delhi,North
7130,2025-10-16,Chandigarh,North
7131,2025-07-12,Delhi,North
7132,2025-05-23,Chennai,South
7133,2025-11-11,Pune,West
7134,2025-04-11,Hyderabad,South
7135,2025-06-22,Mumbai,West
7136,2025-03-26,Pune,West
7137,2025-07-07,Nagpur,Central
7138,2025-07-25,Kolkata,East
7139,2025-02-06,Pune,West
7140,2025-11-11,Hyderabad,South
7141,2025-04-28,Chandigarh,North
7142,2025-02-04,Hyderabad,South
7143,2025-06-25,Lucknow,North
7144,2025-08-29,Mumbai,West
7145,2025-04-18,Nagpur,Central
7146,2025-10-23,Lucknow,North
7147,2025-02-24,Ahmedabad,West
7148,2025-03-05,Mumbai,West
7149,2025-04-02,Chennai,South
7150,2025-10-27,Pune,West
7151,2025-11-21,Lucknow,North
7152,2025-06-19,Delhi,North
7153,2025-10-16,Indore,Central
7154,2025-06-12,Bhopal,Central
7155,2025-08-30,Bangalore,South
7156,2025-09-01,Indore,Central
7157,2025-10-13,Pune,West
7158,2025-04-17,Mumbai,West
7159,2025-06-18,Hyderabad,South
7160,2025-06-06,Jaipur,North
7161,2025-03-29,Ahmedabad,West
7162,2025-06-01,Hyderabad,South
7163,2025-06-30,Kolkata,East
7164,2025-08-04,Kolkata,East
7165,2025-04-29,Pune,West
7166,2025-03-16,Hyderabad,South
7167,2025-05-05,Nagpur,Central
7168,2025-06-04,Delhi,North
7169,2025-02-20,Hyderabad,South
7170,2025-02-25,Delhi,North
7171,2025-11-03,Bangalore,South
7172,2025-01-30,Nagpur,Central
7173,2025-11-26,Mumbai,West
7174,2025-06-23,Pune,West
7175,2025-04-25,Hyderabad,South
7176,2025-11-09,Bangalore,South
7177,2025-11-16,Chandigarh,North
7178,2025-04-24,Pune,West
7179,2025-04-22,Bangalore,South
7180,2025-11-14,Lucknow,North
7181,2025-10-27,Bangalore,South
7182,2025-02-19,Chennai,South
7183,2025-04-28,Kolkata,East
7184,2025-10-08,Kolkata,East
7185,2025-07-16,Delhi,North
7186,2025-11-21,Patna,East
7187,2025-05-20,Kolkata,East
7188,2025-03-04,Bangalore,South
7189,2025-06-24,Pune,West
7190,2025-04-09,Kolkata,East
7191,2025-06-21,Jaipur,North
7192,2025-03-29,Mumbai,West
7193,2025-11-09,Pune,West
7194,2025-03-13,Hyderabad,South
7195,2025-08-06,Bhopal,Central
7196,2025-02-28,Lucknow,North
7197,2025-10-19,Chennai,South
7198,2025-06-30,Pune,West
7199,2025-08-04,Bhopal,Central
7200,2025-04-24,Bhopal,Central
7201,2025-06-04,Delhi,North
7202,2025-06-13,Chennai,South
7203,2025-03-04,Pune,West
7204,2025-02-08,Chennai,South
7205,2025-05-08,Indore,Central
7206,2025-09-18,Delhi,North
7207,2025-04-06,Bangalore,South
7208,2025-08-29,Delhi,North
7209,2025-11-27,Chennai,South
7210,2025-03-12,Pune,West
7211,2025-11-02,Hyderabad,South
7212,2025-09-26,Chennai,South
7213,2025-02-28,Delhi,North
7214,2025-08-06,Ahmedabad,West
7215,2025-07-14,Bangalore,South
7216,2025-05-04,Jaipur,North
7217,2025-06-19,Jaipur,North
7218,2025-03-13,Kolkata,East
7219,2025-10-19,Nagpur,Central
7220,2025-09-06,Bhopal,Central
7221,2025-09-09,Patna,East
7222,2025-10-23,Mumbai,West
7223,2025-12-01,Bangalore,South
7224,2025-10-07,Bangalore,South
7225,2025-01-23,Nagpur,Central
7226,2025-05-08,Nagpur,Central
7227,2025-10-11,Chandigarh,North
7228,2025-03-16,Chennai,South
7229,2025-04-21,Patna,East
7230,2025-02-04,Hyderabad,South
7231,2025-06-19,Chennai,South
7232,2025-10-06,Chennai,South
7233,2025-01-20,Bangalore,South
7234,2025-01-25,Lucknow,North
7235,2025-03-16,Chennai,South
7236,2025-05-06,Bangalore,South
7237,2025-10-27,Pune,West
7238,2025-03-09,Indore,Central
7239,2025-09-02,Lucknow,North
7240,2025-07-25,Mumbai,West
7241,2025-02-10,Patna,East
7242,2025-08-02,Nagpur,Central
7243,2025-06-29,Delhi,North
7244,2025-03-14,Jaipur,North
7245,2025-11-23,Mumbai,West
7246,2025-05-25,Mumbai,West
7247,2025-09-14,Ahmedabad,West
7248,2025-05-08,Bhopal,Central
7249,2025-08-27,Mumbai,West
7250,2025-06-16,Indore,Central
7251,2025-06-12,Nagpur,Central
7252,2025-11-28,Indore,Central
7253,2025-11-17,Delhi,North
7254,2025-03-02,Chandigarh,North
7255,2025-06-05,Mumbai,West
7256,2025-11-03,Jaipur,North
7257,2025-04-15,Hyderabad,South
7258,2025-10-24,Chennai,South
7259,2025-11-19,Ahmedabad,West
7260,2025-09-27,Hyderabad,South
7261,2025-04-19,Bangalore,South
7262,2025-03-27,Hyderabad,South
7263,2025-07-14,Lucknow,North
7264,2025-07-06,Mumbai,West
7265,2025-07-02,Bhopal,Central
7266,2025-04-30,Delhi,North
7267,2025-02-24,Mumbai,West
7268,2025-06-27,Mumbai,West
7269,2025-07-13,Delhi,North
7270,2025-09-10,Chennai,South
7271,2025-07-19,Bangalore,South
7272,2025-02-21,Nagpur,Central
7273,2025-04-20,Kolkata,East
7274,2025-05-27,Bangalore,South
7275,2025-08-12,Bangalore,South
7276,2025-06-05,Nagpur,Central
7277,2025-03-03,Chennai,South
7278,2025-08-16,Chennai,South
7279,2025-04-16,Kolkata,East
7280,2025-08-06,Lucknow,North
7281,2025-08-04,Lucknow,North
7282,2025-06-29,Bangalore,South
7283,2025-10-19,Chennai,South
7284,2025-07-26,Ahmedabad,West
7285,2025-03-08,Bangalore,South
7286,2025-09-24,Ahmedabad,West
7287,2025-10-14,Jaipur,North
7288,2025-11-10,Delhi,North
7289,2025-05-20,Nagpur,Central
7290,2025-05-27,Bhopal,Central
7291,2025-06-23,Jaipur,North
7292,2025-10-14,Mumbai,West
7293,2025-06-14,Delhi,North
7294,2025-07-02,Bangalore,South
7295,2025-04-02,Bangalore,South
7296,2025-07-18,Nagpur,Central
7297,2025-07-12,Delhi,North
7298,2025-08-12,Chennai,South
7299,2025-06-19,Delhi,North
7300,2025-08-29,Kolkata,East
7301,2025-10-09,Bangalore,South
7302,2025-02-08,Delhi,North
7303,2025-08-02,Delhi,North
7304,2025-11-17,Indore,Central
7305,2025-04-29,Delhi,North
7306,2025-09-20,Indore,Central
7307,2025-09-06,Patna,East
7308,2025-06-29,Mumbai,West
7309,2025-06-22,Jaipur,North
7310,2025-03-01,Chennai,South
7311,2025-10-14,Indore,Central
7312,2025-08-19,Lucknow,North
7313,2025-03-20,Bangalore,South
7314,2025-10-09,Bangalore,South
7315,2025-08-09,Delhi,North
7316,2025-08-07,Indore,Central
7317,2025-04-06,Chennai,South
7318,2025-10-19,Pune,West
7319,2025-06-21,Bangalore,South
7320,2025-02-07,Bhopal,Central
7321,2025-10-07,Delhi,North
7322,2025-09-26,Jaipur,North
7323,2025-05-11,Hyderabad,South
7324,2025-03-08,Kolkata,East
7325,2025-10-27,Delhi,North
7326,2025-04-02,Chennai,South
7327,2025-09-20,Bangalore,South
7328,2025-10-15,Pune,West
7329,2025-10-14,Mumbai,West
7330,2025-11-26,Lucknow,North
7331,2025-01-08,Hyderabad,South
7332,2025-10-17,Indore,Central
7333,2025-08-07,Nagpur,Central
7334,2025-10-26,Jaipur,North
7335,2025-01-15,Delhi,North
7336,2025-03-13,Mumbai,West
7337,2025-06-15,Chennai,South
7338,2025-03-28,Chennai,South
7339,2025-08-06,Jaipur,North
7340,2025-02-04,Jaipur,North
7341,2025-05-02,Nagpur,Central
7342,2025-09-26,Bangalore,South
7343,2025-11-22,Kolkata,East
7344,2025-06-11,Delhi,North
7345,2025-06-23,Kolkata,East
7346,2025-06-21,Hyderabad,South
7347,2025-11-20,Bangalore,South
7348,2025-04-12,Mumbai,West
7349,2025-04-01,Lucknow,North
7350,2025-01-22,Patna,East
7351,2025-01-28,Delhi,North
7352,2025-03-28,Chennai,South
7353,2025-10-30,Mumbai,West
7354,2025-08-25,Jaipur,North
7355,2025-11-04,Mumbai,West
7356,2025-01-17,Lucknow,North
7357,2025-03-14,Chandigarh,North
7358,2025-04-16,Indore,Central
7359,2025-11-02,Hyderabad,South
7360,2025-08-05,Bhopal,Central
7361,2025-06-14,Pune,West
7362,2025-05-13,Bangalore,South
7363,2025-06-18,Pune,West
7364,2025-06-07,Chandigarh,North
7365,2025-07-06,Delhi,North
7366,2025-02-03,Chennai,South
7367,2025-11-16,Chennai,South
7368,2025-02-13,Ahmedabad,West
7369,2025-09-17,Bangalore,South
7370,2025-03-15,Indore,Central
7371,2025-05-08,Pune,West
7372,2025-08-13,Pune,West
7373,2025-04-25,Chennai,South
7374,2025-02-13,Lucknow,North
7375,2025-02-10,Mumbai,West
7376,2025-11-01,Chennai,South
7377,2025-11-09,Lucknow,North
7378,2025-10-26,Delhi,North
7379,2025-03-29,Lucknow,North
7380,2025-10-11,Bangalore,South
7381,2025-10-01,Chennai,South
7382,2025-05-02,Chennai,South
7383,2025-10-14,Chandigarh,North
7384,2025-03-30,Pune,West
7385,2025-03-02,Jaipur,North
7386,2025-10-04,Hyderabad,South
7387,2025-02-09,Delhi,North
7388,2025-04-21,Nagpur,Central
7389,2025-06-18,Bangalore,South
7390,2025-07-29,Hyderabad,South
7391,2025-03-07,Jaipur,North
7392,2025-03-22,Mumbai,West
7393,2025-06-07,Bhopal,Central
7394,2025-03-28,Jaipur,North
7395,2025-08-08,Bangalore,South
7396,2025-11-24,Bangalore,South
7397,2025-09-03,Hyderabad,South
7398,2025-05-13,Chandigarh,North
7399,2025-08-26,Pune,West
7400,2025-10-17,Delhi,North
7401,2025-10-10,Hyderabad,South
7402,2025-11-05,Lucknow,North
7403,2025-08-19,Lucknow,North
7404,2025-03-24,Bangalore,South
7405,2025-03-07,Delhi,North
7406,2025-06-30,Hyderabad,South
7407,2025-06-25,Lucknow,North
7408,2025-07-27,Indore,Central
7409,2025-08-09,Chennai,South
7410,2025-06-28,Kolkata,East
7411,2025-10-06,Mumbai,West
7412,2025-06-05,Delhi,North
7413,2025-05-03,Delhi,North
7414,2025-07-23,Bhopal,Central
7415,2025-03-30,Hyderabad,South
7416,2025-08-04,Kolkata,East
7417,2025-01-18,Bangalore,South
7418,2025-04-01,Mumbai,West
7419,2025-11-27,Chennai,South
7420,2025-08-07,Lucknow,North
7421,2025-02-24,Mumbai,West
7422,2025-06-12,Pune,West
7423,2025-07-19,Hyderabad,South
7424,2025-08-14,Bangalore,South
7425,2025-10-04,Hyderabad,South
7426,2025-06-16,Delhi,North
7427,2025-10-22,Chennai,South
7428,2025-03-13,Hyderabad,South
7429,2025-02-22,Kolkata,East
7430,2025-10-26,Ahmedabad,West
7431,2025-02-13,Delhi,North
7432,2025-03-16,Delhi,North
7433,2025-07-13,Hyderabad,South
7434,2025-05-19,Bangalore,South
7435,2025-02-20,Chennai,South
7436,2025-03-01,Nagpur,Central
7437,2025-11-27,Mumbai,West
7438,2025-03-01,Bangalore,South
7439,2025-07-14,Chennai,South
7440,2025-09-17,Bangalore,South
7441,2025-07-01,Lucknow,North
7442,2025-12-10,Chennai,South
7443,2025-11-05,Hyderabad,South
7444,2025-09-25,Ahmedabad,West
7445,2025-05-05,Mumbai,West
7446,2025-11-04,Pune,West
7447,2025-01-28,Ahmedabad,West
7448,2025-03-08,Bangalore,South
7449,2025-03-10,Jaipur,North
7450,2025-04-12,Hyderabad,South
7451,2025-01-23,Pune,West
7452,2025-06-14,Bangalore,South
7453,2025-07-15,Hyderabad,South
7454,2025-04-14,Ahmedabad,West
7455,2025-11-11,Nagpur,Central
7456,2025-04-12,Indore,Central
7457,2025-11-14,Pune,West
7458,2025-06-09,Mumbai,West
7459,2026-01-10,Bangalore,South
7460,2025-07-20,Hyderabad,South
7461,2025-02-21,Mumbai,West
7462,2025-01-24,Chennai,South
7463,2025-10-27,Bhopal,Central
7464,2025-02-10,Chennai,South
7465,2025-06-20,Hyderabad,South
7466,2025-11-14,Chennai,South
7467,2025-11-14,Nagpur,Central
7468,2025-08-19,Jaipur,North
7469,2025-02-11,Lucknow,North
7470,2025-06-01,Mumbai,West
7471,2025-10-27,Bhopal,Central
7472,2025-03-23,Chennai,South
7473,2025-09-17,Chandigarh,North
7474,2025-06-25,Pune,West
7475,2025-03-01,Bangalore,South
7476,2025-11-20,Delhi,North
7477,2025-11-12,Kolkata,East
7478,2025-04-23,Mumbai,West
7479,2025-03-05,Indore,Central
7480,2025-03-08,Bangalore,South
7481,2025-08-10,Hyderabad,South
7482,2025-07-01,Delhi,North
7483,2025-01-24,Bangalore,South
7484,2025-08-21,Delhi,North
7485,2025-06-29,Mumbai,West
7486,2025-04-09,Jaipur,North
7487,2025-03-03,Bangalore,South
7488,2025-10-01,Nagpur,Central
7489,2025-09-30,Jaipur,North
7490,2025-06-07,Patna,East
7491,2025-11-22,Bangalore,South
7492,2025-10-21,Bangalore,South
7493,2025-02-17,Chennai,South
7494,2025-08-09,Pune,West
7495,2025-07-27,Chandigarh,North
7496,2025-07-10,Delhi,North
7497,2025-10-05,Delhi,North
7498,2025-03-12,Patna,East
7499,2025-03-21,Chennai,South
7500,2025-09-28,Ahmedabad,West
7501,2025-10-03,Kolkata,East
7502,2025-04-15,Bhopal,Central
7503,2025-04-26,Bangalore,South
7504,2025-10-27,Bangalore,South
7505,2025-08-22,Jaipur,North
7506,2025-06-11,Bhopal,Central
7507,2025-07-28,Mumbai,West
7508,2025-05-20,Chennai,South
7509,2025-09-05,Kolkata,East
7510,2025-06-22,Bhopal,Central
7511,2025-06-28,Indore,Central
7512,2025-10-02,Patna,East
7513,2025-06-03,Delhi,North
7514,2025-11-25,Chennai,South
7515,2025-10-13,Jaipur,North
7516,2025-08-16,Bhopal,Central
7517,2025-06-30,Hyderabad,South
7518,2025-06-28,Hyderabad,South
7519,2025-05-26,Jaipur,North
7520,2025-06-12,Delhi,North
7521,2025-06-16,Mumbai,West
7522,2025-09-12,Ahmedabad,West
7523,2025-08-13,Ahmedabad,West
7524,2025-04-17,Kolkata,East
7525,2025-04-23,Delhi,North
7526,2025-06-04,Ahmedabad,West
7527,2025-06-10,Kolkata,East
7528,2025-07-15,Kolkata,East
7529,2025-02-22,Kolkata,East
7530,2025-06-30,Chennai,South
7531,2025-03-31,Chennai,South
7532,2025-04-27,Mumbai,West
7533,2025-05-26,Hyderabad,South
7534,2025-06-12,Lucknow,North
7535,2025-03-21,Patna,East
7536,2025-07-22,Pune,West
7537,2025-03-13,Ahmedabad,West
7538,2025-11-15,Mumbai,West
7539,2025-04-03,Hyderabad,South
7540,2025-10-27,Bangalore,South
7541,2025-06-12,Bangalore,South
7542,2025-03-27,Bangalore,South
7543,2025-06-27,Ahmedabad,West
7544,2025-03-22,Nagpur,Central
7545,2025-06-22,Chennai,South
7546,2025-11-15,Chennai,South
7547,2025-08-30,Jaipur,North
7548,2025-10-21,Delhi,North
7549,2025-11-20,Bhopal,Central
7550,2025-02-25,Pune,West
7551,2025-01-16,Patna,East
7552,2025-09-09,Delhi,North
7553,2025-03-17,Ahmedabad,West
7554,2025-02-20,Delhi,North
7555,2025-07-28,Ahmedabad,West
7556,2025-06-02,Bangalore,South
7557,2025-02-18,Delhi,North
7558,2025-03-08,Ahmedabad,West
7559,2025-10-10,Ahmedabad,West
7560,2025-11-02,Patna,East
7561,2025-09-05,Lucknow,North
7562,2025-06-13,Pune,West
7563,2025-07-15,Mumbai,West
7564,2025-07-25,Pune,West
7565,2025-08-04,Lucknow,North
7566,2025-04-11,Nagpur,Central
7567,2025-09-12,Patna,East
7568,2025-11-04,Delhi,North
7569,2025-01-21,Patna,East
7570,2025-07-05,Mumbai,West
7571,2025-09-06,Chennai,South
7572,2025-05-06,Kolkata,East
7573,2025-03-01,Mumbai,West
7574,2025-01-12,Lucknow,North
7575,2025-11-20,Mumbai,West
7576,2025-04-26,Bangalore,South
7577,2025-06-26,Pune,West
7578,2025-10-30,Pune,West
7579,2025-07-23,Bhopal,Central
7580,2025-05-10,Pune,West
7581,2025-11-26,Pune,West
7582,2025-03-12,Mumbai,West
7583,2025-03-26,Chennai,South
7584,2025-02-23,Delhi,North
7585,2025-04-28,Kolkata,East
7586,2025-03-16,Ahmedabad,West
7587,2025-12-15,Delhi,North
7588,2025-02-15,Jaipur,North
7589,2025-10-27,Pune,West
7590,2025-03-20,Mumbai,West
7591,2025-10-28,Delhi,North
7592,2025-02-25,Bhopal,Central
7593,2025-06-02,Kolkata,East
7594,2025-11-07,Bhopal,Central
7595,2025-03-19,Bangalore,South
7596,2025-08-05,Indore,Central
7597,2025-05-07,Chennai,South
7598,2025-10-22,Chennai,South
7599,2025-03-24,Indore,Central
7600,2025-10-18,Chennai,South
7601,2025-11-12,Kolkata,East
7602,2025-03-20,Mumbai,West
7603,2025-03-30,Pune,West
7604,2025-05-26,Chandigarh,North
7605,2025-03-31,Mumbai,West
7606,2025-11-08,Kolkata,East
7607,2025-11-18,Delhi,North
7608,2025-07-18,Ahmedabad,West
7609,2025-03-10,Bangalore,South
7610,2025-10-11,Delhi,North
7611,2025-07-07,Chennai,South
7612,2025-06-19,Mumbai,West
7613,2025-02-20,Patna,East
7614,2025-01-26,Delhi,North
7615,2025-05-08,Chennai,South
7616,2025-01-21,Hyderabad,South
7617,2025-10-13,Bangalore,South
7618,2025-05-14,Kolkata,East
7619,2025-09-25,Indore,Central
7620,2025-11-21,Hyderabad,South
7621,2025-04-12,Patna,East
7622,2025-02-10,Ahmedabad,West
7623,2025-05-01,Bangalore,South
7624,2025-05-27,Lucknow,North
7625,2025-11-07,Lucknow,North
7626,2025-09-28,Ahmedabad,West
7627,2025-08-17,Chandigarh,North
7628,2025-07-29,Delhi,North
7629,2025-06-27,Nagpur,Central
7630,2025-05-05,Pune,West
7631,2025-07-15,Bangalore,South
7632,2025-10-23,Pune,West
7633,2025-05-09,Hyderabad,South
7634,2025-08-14,Patna,East
7635,2025-07-18,Kolkata,East
7636,2025-11-09,Delhi,North
7637,2025-04-28,Hyderabad,South
7638,2025-08-08,Jaipur,North
7639,2025-04-19,Bangalore,South
7640,2025-04-17,Chennai,South
7641,2025-03-28,Mumbai,West
7642,2025-08-16,Mumbai,West
7643,2025-05-04,Bangalore,South
7644,2025-08-15,Hyderabad,South
7645,2025-10-13,Mumbai,West
7646,2025-07-16,Lucknow,North
7647,2025-11-04,Jaipur,North
7648,2025-07-19,Hyderabad,South
7649,2025-04-15,Chennai,South
7650,2025-09-21,Jaipur,North
7651,2025-04-24,Hyderabad,South
7652,2025-04-22,Delhi,North
7653,2025-10-12,Chennai,South
7654,2025-06-09,Nagpur,Central
7655,2025-03-19,Jaipur,North
7656,2025-03-03,Lucknow,North
7657,2025-05-30,Ahmedabad,West
7658,2025-02-24,Pune,West
7659,2025-08-25,Hyderabad,South
7660,2025-07-05,Jaipur,North
7661,2025-10-18,Delhi,North
7662,2025-03-17,Pune,West
7663,2025-03-06,Lucknow,North
7664,2025-07-13,Pune,West
7665,2025-02-25,Hyderabad,South
7666,2025-06-28,Hyderabad,South
7667,2025-10-14,Kolkata,East
7668,2025-02-27,Pune,West
7669,2025-12-18,Patna,East
7670,2025-03-29,Delhi,North
7671,2025-03-27,Lucknow,North
7672,2025-09-11,Lucknow,North
7673,2025-05-26,Chandigarh,North
7674,2025-04-05,Pune,West
7675,2025-07-12,Ahmedabad,West
7676,2025-10-14,Pune,West
7677,2025-09-30,Jaipur,North
7678,2025-02-02,Indore,Central
7679,2025-05-01,Bangalore,South
7680,2025-02-28,Delhi,North
7681,2025-06-07,Chandigarh,North
7682,2025-01-31,Lucknow,North
7683,2025-10-11,Pune,West
7684,2025-07-18,Delhi,North
7685,2025-04-29,Hyderabad,South
7686,2025-05-21,Lucknow,North
7687,2025-05-30,Jaipur,North
7688,2025-03-04,Chennai,South
7689,2025-10-05,Chennai,South
7690,2025-01-30,Bhopal,Central
7691,2025-06-14,Hyderabad,South
7692,2025-07-10,Bhopal,Central
7693,2025-03-21,Hyderabad,South
7694,2025-10-24,Kolkata,East
7695,2025-03-22,Nagpur,Central
7696,2025-01-18,Lucknow,North
7697,2025-08-22,Chennai,South
7698,2025-04-19,Jaipur,North
7699,2025-05-06,Delhi,North
7700,2025-06-01,Hyderabad,South
7701,2025-11-20,Patna,East
7702,2025-10-21,Pune,West
7703,2025-08-03,Jaipur,North
7704,2025-04-02,Hyderabad,South
7705,2025-11-01,Hyderabad,South
7706,2025-05-25,Delhi,North
7707,2025-01-31,Ahmedabad,West
7708,2025-04-29,Pune,West
7709,2025-02-09,Pune,West
7710,2025-05-13,Patna,East
7711,2025-02-06,Mumbai,West
7712,2025-07-27,Hyderabad,South
7713,2025-07-27,Mumbai,West
7714,2025-05-10,Delhi,North
7715,2025-05-15,Hyderabad,South
7716,2025-08-07,Chandigarh,North
7717,2025-11-08,Bangalore,South
7718,2025-02-07,Indore,Central
7719,2025-10-03,Bangalore,South
7720,2025-06-04,Chandigarh,North
7721,2025-02-11,Kolkata,East
7722,2025-07-30,Patna,East
7723,2025-04-27,Mumbai,West
7724,2025-03-20,Kolkata,East
7725,2025-02-04,Nagpur,Central
7726,2025-08-21,Hyderabad,South
7727,2025-09-04,Delhi,North
7728,2025-10-16,Bangalore,South
7729,2025-07-31,Nagpur,Central
7730,2025-05-28,Lucknow,North
7731,2025-08-10,Kolkata,East
7732,2025-09-28,Bangalore,South
7733,2025-01-30,Chennai,South
7734,2025-10-28,Bhopal,Central
7735,2025-04-05,Chennai,South
7736,2025-03-22,Kolkata,East
7737,2025-04-23,Patna,East
7738,2025-10-24,Mumbai,West
7739,2025-09-28,Lucknow,North
7740,2025-05-12,Mumbai,West
7741,2025-03-19,Lucknow,North
7742,2025-03-01,Hyderabad,South
7743,2025-03-29,Jaipur,North
7744,2025-06-06,Hyderabad,South
7745,2025-05-06,Hyderabad,South
7746,2025-06-02,Lucknow,North
7747,2025-01-17,Mumbai,West
7748,2025-07-20,Pune,West
7749,2025-08-08,Delhi,North
7750,2025-10-19,Kolkata,East
7751,2025-11-25,Bangalore,South
7752,2025-06-02,Ahmedabad,West
7753,2025-11-01,Hyderabad,South
7754,2025-01-21,Hyderabad,South
7755,2025-03-21,Delhi,North
7756,2025-08-28,Jaipur,North
7757,2025-05-20,Hyderabad,South
7758,2025-11-10,Nagpur,Central
7759,2025-05-05,Patna,East
7760,2025-11-03,Chennai,South
7761,2025-11-17,Lucknow,North
7762,2025-11-20,Chennai,South
7763,2025-06-03,Chennai,South
7764,2025-05-23,Kolkata,East
7765,2025-10-10,Lucknow,North
7766,2025-11-10,Lucknow,North
7767,2025-04-10,Chennai,South
7768,2025-07-27,Delhi,North
7769,2025-09-24,Chennai,South
7770,2025-10-02,Pune,West
7771,2025-06-03,Lucknow,North
7772,2025-01-29,Jaipur,North
7773,2025-02-01,Hyderabad,South
7774,2025-11-08,Chennai,South
7775,2025-10-19,Hyderabad,South
7776,2025-10-03,Chennai,South
7777,2025-07-09,Bangalore,South
7778,2025-08-20,Bhopal,Central
7779,2025-05-25,Bhopal,Central
7780,2025-10-26,Pune,West
7781,2025-10-18,Mumbai,West
7782,2025-07-25,Chennai,South
7783,2025-11-21,Patna,East
7784,2025-07-08,Delhi,North
7785,2025-07-22,Bhopal,Central
7786,2025-11-27,Bangalore,South
7787,2025-10-05,Chennai,South
7788,2025-05-13,Patna,East
7789,2025-05-26,Bangalore,South
7790,2025-08-19,Lucknow,North
7791,2025-06-05,Pune,West
7792,2025-05-30,Hyderabad,South
7793,2025-11-06,Bangalore,South
7794,2025-07-04,Jaipur,North
7795,2025-11-02,Lucknow,North
7796,2025-10-02,Bangalore,South
7797,2025-11-28,Patna,East
7798,2025-10-03,Delhi,North
7799,2025-05-07,Delhi,North
7800,2025-09-01,Delhi,North
7801,2025-05-15,Bangalore,South
7802,2025-11-27,Chennai,South
7803,2025-11-24,Patna,East
7804,2025-11-26,Mumbai,West
7805,2025-11-14,Bangalore,South
7806,2025-02-21,Mumbai,West
7807,2025-10-09,Jaipur,North
7808,2025-05-24,Indore,Central
7809,2025-03-22,Mumbai,West
7810,2025-10-28,Chennai,South
7811,2025-02-28,Bangalore,South
7812,2025-06-08,Mumbai,West
7813,2025-05-09,Hyderabad,South
7814,2025-06-29,Hyderabad,South
7815,2025-10-28,Chennai,South
7816,2025-10-02,Kolkata,East
7817,2025-02-14,Hyderabad,South
7818,2025-07-23,Bhopal,Central
7819,2025-08-24,Patna,East
7820,2025-10-02,Lucknow,North
7821,2025-12-03,Chennai,South
7822,2025-10-04,Mumbai,West
7823,2025-04-02,Bangalore,South
7824,2025-09-14,Lucknow,North
7825,2025-09-16,Chennai,South
7826,2025-06-29,Nagpur,Central
7827,2025-10-09,Bhopal,Central
7828,2025-04-15,Chennai,South
7829,2025-06-21,Pune,West
7830,2025-04-15,Hyderabad,South
7831,2025-10-12,Mumbai,West
7832,2025-11-04,Delhi,North
7833,2025-06-26,Bangalore,South
7834,2025-11-11,Nagpur,Central
7835,2025-12-01,Chennai,South
7836,2025-07-18,Bangalore,South
7837,2025-04-18,Ahmedabad,West
7838,2025-11-06,Kolkata,East
7839,2025-08-09,Bangalore,South
7840,2025-06-13,Bhopal,Central
7841,2025-06-16,Lucknow,North
7842,2025-04-19,Delhi,North
7843,2025-08-12,Hyderabad,South
7844,2025-11-19,Mumbai,West
7845,2025-03-19,Chandigarh,North
7846,2025-03-11,Ahmedabad,West
7847,2025-08-06,Bhopal,Central
7848,2025-06-13,Bangalore,South
7849,2025-04-19,Mumbai,West
7850,2025-08-24,Bangalore,South
7851,2025-03-10,Chennai,South
7852,2025-02-11,Lucknow,North
7853,2025-02-08,Ahmedabad,West
7854,2025-06-14,Chennai,South
7855,2025-11-11,Mumbai,West
7856,2025-03-08,Chennai,South
7857,2025-06-26,Mumbai,West
7858,2025-04-14,Chennai,South
7859,2025-04-18,Bangalore,South
7860,2025-08-28,Bangalore,South
7861,2025-11-27,Mumbai,West
7862,2025-04-19,Chennai,South
7863,2025-01-18,Chennai,South
7864,2025-04-23,Lucknow,North
7865,2025-02-18,Hyderabad,South
7866,2025-11-13,Indore,Central
7867,2025-04-05,Bangalore,South
7868,2025-04-05,Mumbai,West
7869,2025-10-14,Bangalore,South
7870,2025-06-12,Chennai,South
7871,2025-06-05,Bhopal,Central
7872,2025-10-12,Hyderabad,South
7873,2025-10-28,Chandigarh,North
7874,2025-06-09,Bhopal,Central
7875,2025-11-14,Ahmedabad,West
7876,2025-08-11,Lucknow,North
7877,2025-09-04,Lucknow,North
7878,2025-06-16,Bangalore,South
7879,2025-05-31,Kolkata,East
7880,2025-04-15,Chennai,South
7881,2025-07-07,Hyderabad,South
7882,2025-05-25,Chennai,South
7883,2025-11-25,Ahmedabad,West
7884,2025-09-24,Patna,East
7885,2025-05-29,Chennai,South
7886,2025-11-21,Indore,Central
7887,2025-04-01,Chennai,South
7888,2025-02-20,Hyderabad,South
7889,2025-08-15,Delhi,North
7890,2025-07-04,Hyderabad,South
7891,2025-06-13,Bangalore,South
7892,2025-02-14,Kolkata,East
7893,2025-01-13,Chandigarh,North
7894,2025-11-24,Hyderabad,South
7895,2025-06-05,Chennai,South
7896,2025-09-25,Patna,East
7897,2025-02-14,Kolkata,East
7898,2025-06-25,Delhi,North
7899,2025-02-24,Bangalore,South
7900,2025-06-04,Nagpur,Central
7901,2025-11-26,Ahmedabad,West
7902,2025-05-03,Delhi,North
7903,2025-03-01,Delhi,North
7904,2025-11-28,Bhopal,Central
7905,2025-05-23,Hyderabad,South
7906,2025-03-26,Nagpur,Central
7907,2025-08-30,Bangalore,South
7908,2025-07-20,Pune,West
7909,2025-11-04,Delhi,North
7910,2025-04-15,Hyderabad,South
7911,2025-08-28,Bhopal,Central
7912,2025-04-14,Bangalore,South
7913,2025-05-28,Ahmedabad,West
7914,2025-01-30,Bangalore,South
7915,2025-04-01,Chennai,South
7916,2025-09-16,Delhi,North
7917,2025-05-17,Lucknow,North
7918,2025-10-13,Delhi,North
7919,2025-10-24,Mumbai,West
7920,2025-11-19,Delhi,North
7921,2025-11-16,Ahmedabad,West
7922,2025-06-25,Pune,West
7923,2025-05-09,Delhi,North
7924,2025-05-08,Bangalore,South
7925,2025-07-03,Nagpur,Central
7926,2025-10-12,Hyderabad,South
7927,2025-06-01,Chandigarh,North
7928,2025-06-09,Nagpur,Central
7929,2025-07-02,Lucknow,North
7930,2025-10-23,Mumbai,West
7931,2025-03-21,Indore,Central
7932,2025-10-16,Ahmedabad,West
7933,2025-08-22,Jaipur,North
7934,2025-03-26,Delhi,North
7935,2025-02-26,Mumbai,West
7936,2025-04-27,Bangalore,South
7937,2025-10-04,Jaipur,North
7938,2025-10-08,Kolkata,East
7939,2025-08-03,Delhi,North
7940,2025-09-29,Mumbai,West
7941,2025-06-01,Hyderabad,South
7942,2025-05-15,Pune,West
7943,2025-10-13,Patna,East
7944,2025-03-21,Mumbai,West
7945,2025-04-04,Bangalore,South
7946,2025-10-10,Chennai,South
7947,2025-07-14,Jaipur,North
7948,2025-11-26,Pune,West
7949,2025-10-10,Nagpur,Central
7950,2025-05-19,Bangalore,South
7951,2025-03-01,Patna,East
7952,2025-09-25,Hyderabad,South
7953,2025-10-13,Ahmedabad,West
7954,2025-06-20,Delhi,North
7955,2025-03-16,Patna,East
7956,2025-08-18,Kolkata,East
7957,2025-05-24,Kolkata,East
7958,2025-06-29,Patna,East
7959,2025-06-05,Chennai,South
7960,2025-02-09,Chennai,South
7961,2025-01-09,Chandigarh,North
7962,2025-08-20,Bangalore,South
7963,2025-04-17,Hyderabad,South
7964,2025-08-01,Mumbai,West
7965,2025-05-10,Ahmedabad,West
7966,2025-03-16,Chennai,South
7967,2025-09-09,Mumbai,West
7968,2025-12-30,Bangalore,South
7969,2025-05-25,Bangalore,South
7970,2025-10-06,Chandigarh,North
7971,2025-04-28,Nagpur,Central
7972,2025-08-02,Ahmedabad,West
7973,2025-04-03,Hyderabad,South
7974,2025-06-06,Indore,Central
7975,2025-04-30,Ahmedabad,West
7976,2025-07-12,Mumbai,West
7977,2025-06-12,Indore,Central
7978,2025-04-08,Ahmedabad,West
7979,2025-06-30,Jaipur,North
7980,2025-04-24,Lucknow,North
7981,2025-04-17,Hyderabad,South
7982,2025-06-03,Bangalore,South
7983,2025-04-05,Kolkata,East
7984,2025-11-04,Mumbai,West
7985,2025-10-04,Hyderabad,South
7986,2025-05-08,Kolkata,East
7987,2025-07-01,Jaipur,North
7988,2025-08-12,Mumbai,West
7989,2025-05-29,Jaipur,North
7990,2025-09-03,Chandigarh,North
7991,2025-03-01,Lucknow,North
7992,2025-10-08,Hyderabad,South
7993,2025-05-17,Delhi,North
7994,2025-05-31,Bangalore,South
7995,2025-08-12,Delhi,North
7996,2025-01-24,Bangalore,South
7997,2025-10-23,Hyderabad,South
7998,2025-08-29,Bangalore,South
7999,2025-02-25,Bhopal,Central
8000,2025-02-02,Mumbai,West
8001,2025-12-06,Kolkata,East
8002,2025-10-27,Pune,West
8003,2025-03-28,Mumbai,West
8004,2025-04-24,Indore,Central
8005,2025-03-15,Jaipur,North
8006,2025-07-17,Chennai,South
8007,2025-10-04,Lucknow,North
8008,2025-09-29,Bangalore,South
8009,2025-04-29,Jaipur,North
8010,2025-08-09,Mumbai,West
8011,2025-11-18,Chandigarh,North
8012,2025-11-01,Delhi,North
8013,2025-06-19,Lucknow,North
8014,2025-07-20,Hyderabad,South
8015,2025-07-28,Pune,West
8016,2025-05-13,Lucknow,North
8017,2025-10-02,Bangalore,South
8018,2025-10-11,Jaipur,North
8019,2025-05-05,Mumbai,West
8020,2025-09-11,Indore,Central
8021,2025-02-06,Bangalore,South
8022,2025-11-28,Indore,Central
8023,2025-05-29,Indore,Central
8024,2025-10-24,Hyderabad,South
8025,2025-05-12,Bangalore,South
8026,2025-02-18,Hyderabad,South
8027,2025-05-14,Patna,East
8028,2025-09-19,Bangalore,South
8029,2025-10-09,Pune,West
8030,2025-09-29,Nagpur,Central
8031,2025-08-18,Hyderabad,South
8032,2025-10-15,Lucknow,North
8033,2025-04-27,Bangalore,South
8034,2025-08-22,Hyderabad,South
8035,2025-05-03,Pune,West
8036,2025-03-16,Delhi,North
8037,2025-11-02,Bangalore,South
8038,2025-05-10,Chandigarh,North
8039,2025-10-11,Mumbai,West
8040,2025-04-25,Bhopal,Central
8041,2025-09-11,Nagpur,Central
8042,2025-04-20,Chennai,South
8043,2025-04-28,Chennai,South
8044,2025-10-01,Jaipur,North
8045,2025-08-13,Hyderabad,South
8046,2025-11-26,Mumbai,West
8047,2025-10-25,Pune,West
8048,2025-07-24,Delhi,North
8049,2025-06-15,Nagpur,Central
8050,2025-05-16,Delhi,North
8051,2025-10-26,Mumbai,West
8052,2025-03-30,Hyderabad,South
8053,2025-07-23,Indore,Central
8054,2025-04-19,Jaipur,North
8055,2025-07-29,Bhopal,Central
8056,2025-10-10,Chennai,South
8057,2025-04-12,Mumbai,West
8058,2025-06-13,Mumbai,West
8059,2025-10-10,Delhi,North
8060,2025-10-27,Ahmedabad,West
8061,2025-08-29,Kolkata,East
8062,2025-06-26,Delhi,North
8063,2025-08-07,Chandigarh,North
8064,2025-11-23,Hyderabad,South
8065,2025-10-14,Bhopal,Central
8066,2025-05-21,Hyderabad,South
8067,2025-06-20,Hyderabad,South
8068,2025-02-13,Delhi,North
8069,2025-02-24,Bangalore,South
8070,2025-04-13,Ahmedabad,West
8071,2025-06-23,Chennai,South
8072,2025-09-04,Bangalore,South
8073,2025-07-18,Jaipur,North
8074,2025-11-10,Ahmedabad,West
8075,2025-10-29,Patna,East
8076,2025-11-04,Hyderabad,South
8077,2025-12-19,Jaipur,North
8078,2025-02-06,Ahmedabad,West
8079,2025-10-04,Hyderabad,South
8080,2025-03-07,Hyderabad,South
8081,2025-05-25,Chennai,South
8082,2025-10-03,Delhi,North
8083,2025-11-01,Mumbai,West
8084,2025-04-11,Mumbai,West
8085,2025-11-22,Kolkata,East
8086,2025-10-14,Kolkata,East
8087,2025-06-08,Indore,Central
8088,2025-01-23,Pune,West
8089,2025-02-03,Hyderabad,South
8090,2025-09-29,Indore,Central
8091,2025-11-24,Bhopal,Central
8092,2025-05-02,Delhi,North
8093,2025-10-21,Pune,West
8094,2025-05-15,Nagpur,Central
8095,2025-09-05,Kolkata,East
8096,2025-04-16,Nagpur,Central
8097,2025-09-10,Chennai,South
8098,2025-04-21,Bangalore,South
8099,2025-05-22,Delhi,North
8100,2025-06-27,Pune,West
8101,2025-06-25,Bhopal,Central
8102,2025-03-14,Indore,Central
8103,2025-02-08,Chennai,South
8104,2025-03-15,Mumbai,West
8105,2025-06-26,Patna,East
8106,2025-02-03,Kolkata,East
8107,2025-03-29,Hyderabad,South
8108,2025-05-28,Hyderabad,South
8109,2025-07-05,Lucknow,North
8110,2025-10-19,Pune,West
8111,2025-01-30,Delhi,North
8112,2025-02-05,Delhi,North
8113,2025-04-27,Indore,Central
8114,2025-02-23,Jaipur,North
8115,2025-05-15,Bangalore,South
8116,2025-07-20,Hyderabad,South
8117,2025-05-29,Lucknow,North
8118,2025-02-14,Delhi,North
8119,2025-10-12,Hyderabad,South
8120,2025-03-13,Ahmedabad,West
8121,2025-04-18,Chennai,South
8122,2025-10-15,Ahmedabad,West
8123,2025-11-05,Bangalore,South
8124,2025-10-10,Ahmedabad,West
8125,2025-09-10,Hyderabad,South
8126,2025-08-31,Delhi,North
8127,2025-08-28,Hyderabad,South
8128,2025-06-04,Indore,Central
8129,2025-09-14,Patna,East
8130,2025-04-08,Bangalore,South
8131,2025-11-04,Jaipur,North
8132,2025-04-18,Ahmedabad,West
8133,2025-11-17,Chandigarh,North
8134,2025-11-09,Hyderabad,South
8135,2025-03-19,Ahmedabad,West
8136,2025-08-11,Bangalore,South
8137,2025-04-18,Chennai,South
8138,2025-06-01,Nagpur,Central
8139,2025-11-09,Pune,West
8140,2025-03-15,Mumbai,West
8141,2025-10-01,Hyderabad,South
8142,2025-08-10,Ahmedabad,West
8143,2025-09-27,Jaipur,North
8144,2025-12-02,Hyderabad,South
8145,2025-03-18,Indore,Central
8146,2025-11-26,Hyderabad,South
8147,2025-08-20,Hyderabad,South
8148,2025-04-12,Chandigarh,North
8149,2025-04-03,Bangalore,South
8150,2025-11-06,Mumbai,West
8151,2025-10-04,Pune,West
8152,2025-05-30,Chandigarh,North
8153,2025-05-05,Mumbai,West
8154,2025-10-05,Patna,East
8155,2025-03-22,Jaipur,North
8156,2025-10-10,Delhi,North
8157,2025-11-16,Lucknow,North
8158,2025-06-19,Bangalore,South
8159,2025-10-12,Chennai,South
8160,2025-04-13,Kolkata,East
8161,2025-04-28,Patna,East
8162,2025-02-16,Mumbai,West
8163,2025-10-02,Bangalore,South
8164,2025-04-19,Chennai,South
8165,2025-02-17,Chennai,South
8166,2025-09-20,Hyderabad,South
8167,2025-06-23,Bangalore,South
8168,2025-07-12,Lucknow,North
8169,2025-07-13,Bangalore,South
8170,2025-10-08,Delhi,North
8171,2025-06-19,Chandigarh,North
8172,2025-11-07,Patna,East
8173,2025-07-06,Chennai,South
8174,2025-02-01,Delhi,North
8175,2025-06-19,Jaipur,North
8176,2025-10-27,Delhi,North
8177,2025-11-10,Chennai,South
8178,2025-11-16,Lucknow,North
8179,2025-08-04,Bangalore,South
8180,2025-11-17,Hyderabad,South
8181,2025-03-29,Delhi,North
8182,2025-10-28,Mumbai,West
8183,2025-11-04,Bangalore,South
8184,2025-05-12,Chandigarh,North
8185,2025-06-01,Hyderabad,South
8186,2025-04-19,Delhi,North
8187,2025-03-06,Bangalore,South
8188,2025-06-12,Patna,East
8189,2025-04-22,Jaipur,North
8190,2025-10-01,Mumbai,West
8191,2025-10-21,Indore,Central
8192,2025-04-03,Hyderabad,South
8193,2025-02-23,Bangalore,South
8194,2025-12-09,Bangalore,South
8195,2025-06-12,Hyderabad,South
8196,2025-04-08,Bangalore,South
8197,2025-03-28,Jaipur,North
8198,2025-01-21,Chennai,South
8199,2025-10-01,Jaipur,North
8200,2025-10-03,Chennai,South
8201,2025-09-01,Bangalore,South
8202,2025-03-01,Hyderabad,South
8203,2025-04-13,Indore,Central
8204,2025-03-18,Bangalore,South
8205,2025-07-11,Lucknow,North
8206,2025-04-16,Delhi,North
8207,2025-06-11,Chennai,South
8208,2025-04-10,Hyderabad,South
8209,2025-07-11,Mumbai,West
8210,2025-06-13,Delhi,North
8211,2025-11-09,Delhi,North
8212,2025-02-07,Pune,West
8213,2025-10-28,Delhi,North
8214,2025-10-12,Ahmedabad,West
8215,2025-05-18,Mumbai,West
8216,2025-05-24,Lucknow,North
8217,2025-04-10,Jaipur,North
8218,2025-07-13,Delhi,North
8219,2025-05-07,Hyderabad,South
8220,2025-07-14,Lucknow,North
8221,2025-03-19,Patna,East
8222,2025-03-18,Hyderabad,South
8223,2025-05-04,Mumbai,West
8224,2025-07-01,Nagpur,Central
8225,2025-11-06,Bangalore,South
8226,2025-07-30,Kolkata,East
8227,2025-07-20,Hyderabad,South
8228,2025-07-01,Hyderabad,South
8229,2025-05-08,Lucknow,North
8230,2025-04-10,Pune,West
8231,2025-05-19,Delhi,North
8232,2025-03-09,Mumbai,West
8233,2025-07-29,Jaipur,North
8234,2025-11-01,Pune,West
8235,2025-02-28,Delhi,North
8236,2025-02-17,Jaipur,North
8237,2025-06-15,Ahmedabad,West
8238,2025-03-26,Ahmedabad,West
8239,2025-03-30,Kolkata,East
8240,2025-05-09,Bangalore,South
8241,2025-04-16,Kolkata,East
8242,2025-02-02,Kolkata,East
8243,2025-11-11,Delhi,North
8244,2025-11-03,Chennai,South
8245,2025-07-09,Mumbai,West
8246,2025-06-11,Kolkata,East
8247,2025-07-02,Chennai,South
8248,2025-10-03,Ahmedabad,West
8249,2025-04-05,Nagpur,Central
8250,2025-11-08,Pune,West
8251,2025-09-23,Indore,Central
8252,2025-04-06,Nagpur,Central
8253,2025-11-20,Mumbai,West
8254,2025-05-17,Jaipur,North
8255,2025-09-14,Mumbai,West
8256,2025-06-30,Bhopal,Central
8257,2025-05-05,Mumbai,West
8258,2025-06-15,Nagpur,Central
8259,2025-05-02,Jaipur,North
8260,2025-09-11,Kolkata,East
8261,2025-08-14,Mumbai,West
8262,2025-06-01,Bangalore,South
8263,2025-03-18,Ahmedabad,West
8264,2025-11-22,Mumbai,West
8265,2025-10-09,Patna,East
8266,2025-11-17,Hyderabad,South
8267,2025-10-09,Lucknow,North
8268,2025-10-10,Hyderabad,South
8269,2025-11-11,Jaipur,North
8270,2025-06-13,Kolkata,East
8271,2025-04-15,Mumbai,West
8272,2025-01-30,Bangalore,South
8273,2025-04-24,Mumbai,West
8274,2025-11-06,Kolkata,East
8275,2025-04-28,Lucknow,North
8276,2025-01-26,Jaipur,North
8277,2025-08-15,Kolkata,East
8278,2025-10-27,Delhi,North
8279,2025-04-02,Delhi,North
8280,2025-08-07,Mumbai,West
8281,2025-11-06,Bangalore,South
8282,2025-03-11,Bhopal,Central
8283,2025-10-08,Patna,East
8284,2025-08-07,Mumbai,West
8285,2025-05-04,Kolkata,East
8286,2025-10-14,Chandigarh,North
8287,2025-05-21,Hyderabad,South
8288,2025-09-23,Mumbai,West
8289,2025-05-05,Hyderabad,South
8290,2025-08-16,Jaipur,North
8291,2025-05-23,Indore,Central
8292,2025-07-10,Ahmedabad,West
8293,2025-02-26,Hyderabad,South
8294,2025-05-03,Mumbai,West
8295,2025-06-09,Pune,West
8296,2025-04-23,Indore,Central
8297,2025-06-14,Ahmedabad,West
8298,2025-11-13,Lucknow,North
8299,2025-10-15,Hyderabad,South
8300,2025-11-10,Bhopal,Central
8301,2025-07-27,Ahmedabad,West
8302,2025-04-07,Mumbai,West
8303,2025-05-06,Jaipur,North
8304,2025-10-14,Hyderabad,South
8305,2025-07-15,Hyderabad,South
8306,2025-07-05,Bangalore,South
8307,2025-10-12,Chennai,South
8308,2025-06-13,Delhi,North
8309,2025-10-17,Bangalore,South
8310,2025-06-27,Pune,West
8311,2025-03-12,Bangalore,South
8312,2025-05-02,Chennai,South
8313,2025-02-09,Delhi,North
8314,2025-10-03,Lucknow,North
8315,2025-12-25,Hyderabad,South
8316,2025-06-15,Hyderabad,South
8317,2025-04-27,Nagpur,Central
8318,2025-10-09,Jaipur,North
8319,2025-06-13,Chandigarh,North
8320,2025-10-19,Chennai,South
8321,2025-10-10,Hyderabad,South
8322,2025-10-24,Pune,West
8323,2025-04-28,Hyderabad,South
8324,2025-06-08,Bangalore,South
8325,2025-10-14,Chennai,South
8326,2025-10-04,Indore,Central
8327,2025-07-18,Hyderabad,South
8328,2025-03-11,Nagpur,Central
8329,2025-06-25,Patna,East
8330,2025-06-29,Mumbai,West
8331,2025-06-21,Kolkata,East
8332,2025-10-04,Jaipur,North
8333,2025-02-28,Nagpur,Central
8334,2025-10-06,Delhi,North
8335,2025-09-06,Ahmedabad,West
8336,2025-08-22,Hyderabad,South
8337,2025-10-14,Chandigarh,North
8338,2025-01-28,Chennai,South
8339,2025-11-13,Mumbai,West
8340,2025-09-28,Jaipur,North
8341,2025-07-13,Nagpur,Central
8342,2025-07-05,Lucknow,North
8343,2025-11-12,Mumbai,West
8344,2025-04-29,Hyderabad,South
8345,2025-07-28,Bhopal,Central
8346,2025-10-03,Ahmedabad,West
8347,2025-05-10,Indore,Central
8348,2025-03-24,Bangalore,South
8349,2025-09-20,Delhi,North
8350,2025-12-02,Kolkata,East
8351,2025-01-11,Nagpur,Central
8352,2025-10-19,Bangalore,South
8353,2025-05-28,Chandigarh,North
8354,2025-06-27,Pune,West
8355,2025-10-03,Chennai,South
8356,2025-09-26,Mumbai,West
8357,2025-06-06,Mumbai,West
8358,2025-07-15,Kolkata,East
8359,2025-05-16,Mumbai,West
8360,2025-10-12,Chennai,South
8361,2025-11-13,Nagpur,Central
8362,2025-11-15,Hyderabad,South
8363,2025-06-21,Mumbai,West
8364,2025-05-08,Hyderabad,South
8365,2025-02-05,Kolkata,East
8366,2025-05-09,Jaipur,North
8367,2025-11-25,Bangalore,South
8368,2025-09-12,Jaipur,North
8369,2025-03-15,Kolkata,East
8370,2025-10-15,Mumbai,West
8371,2025-10-22,Chennai,South
8372,2025-08-12,Mumbai,West
8373,2025-12-05,Mumbai,West
8374,2025-07-15,Lucknow,North
8375,2025-05-06,Ahmedabad,West
8376,2025-06-07,Delhi,North
8377,2025-01-27,Hyderabad,South
8378,2025-03-17,Mumbai,West
8379,2025-09-23,Pune,West
8380,2025-10-31,Hyderabad,South
8381,2025-10-26,Jaipur,North
8382,2025-07-03,Bangalore,South
8383,2025-05-07,Kolkata,East
8384,2025-06-10,Nagpur,Central
8385,2025-06-08,Hyderabad,South
8386,2025-08-31,Chennai,South
8387,2025-10-26,Bhopal,Central
8388,2025-04-01,Bangalore,South
8389,2025-10-08,Ahmedabad,West
8390,2025-10-13,Delhi,North
8391,2025-03-04,Ahmedabad,West
8392,2025-05-01,Mumbai,West
8393,2025-07-25,Chandigarh,North
8394,2025-11-21,Jaipur,North
8395,2025-07-29,Pune,West
8396,2025-03-22,Lucknow,North
8397,2025-10-22,Kolkata,East
8398,2025-02-06,Mumbai,West
8399,2025-04-13,Patna,East
8400,2025-10-18,Nagpur,Central
8401,2025-10-13,Mumbai,West
8402,2025-04-24,Patna,East
8403,2025-11-16,Ahmedabad,West
8404,2025-09-01,Lucknow,North
8405,2025-07-07,Hyderabad,South
8406,2025-01-27,Hyderabad,South
8407,2025-10-01,Chennai,South
8408,2025-11-28,Hyderabad,South
8409,2025-11-07,Jaipur,North
8410,2025-10-24,Chennai,South
8411,2025-06-05,Chennai,South
8412,2025-06-04,Bhopal,Central
8413,2025-06-04,Hyderabad,South
8414,2025-10-24,Bangalore,South
8415,2025-07-29,Mumbai,West
8416,2025-05-04,Delhi,North
8417,2025-03-31,Ahmedabad,West
8418,2025-09-01,Pune,West
8419,2025-11-07,Ahmedabad,West
8420,2025-10-09,Mumbai,West
8421,2025-02-01,Pune,West
8422,2025-06-04,Delhi,North
8423,2025-09-03,Mumbai,West
8424,2025-05-29,Delhi,North
8425,2025-03-24,Hyderabad,South
8426,2025-04-26,Delhi,North
8427,2025-03-02,Delhi,North
8428,2025-05-09,Nagpur,Central
8429,2025-07-29,Chennai,South
8430,2025-06-17,Delhi,North
8431,2025-06-18,Mumbai,West
8432,2025-02-21,Jaipur,North
8433,2025-06-14,Hyderabad,South
8434,2025-04-11,Indore,Central
8435,2025-04-20,Nagpur,Central
8436,2025-11-07,Hyderabad,South
8437,2025-11-09,Mumbai,West
8438,2025-10-04,Mumbai,West
8439,2025-04-29,Ahmedabad,West
8440,2025-03-18,Delhi,North
8441,2025-11-26,Hyderabad,South
8442,2025-06-25,Hyderabad,South
8443,2025-10-19,Lucknow,North
8444,2025-07-04,Mumbai,West
8445,2025-11-28,Hyderabad,South
8446,2025-07-23,Kolkata,East
8447,2025-11-02,Ahmedabad,West
8448,2025-01-10,Indore,Central
8449,2025-10-16,Bangalore,South
8450,2025-11-11,Kolkata,East
8451,2025-01-24,Lucknow,North
8452,2025-08-17,Mumbai,West
8453,2025-04-29,Jaipur,North
8454,2025-03-07,Mumbai,West
8455,2025-03-20,Patna,East
8456,2025-10-14,Hyderabad,South
8457,2025-05-29,Lucknow,North
8458,2025-05-24,Hyderabad,South
8459,2025-03-20,Chandigarh,North
8460,2025-05-08,Chennai,South
8461,2025-05-22,Chandigarh,North
8462,2025-04-23,Bhopal,Central
8463,2025-02-15,Mumbai,West
8464,2025-07-01,Nagpur,Central
8465,2025-11-27,Nagpur,Central
8466,2025-10-30,Hyderabad,South
8467,2025-05-20,Chennai,South
8468,2025-04-15,Kolkata,East
8469,2025-11-14,Chennai,South
8470,2025-09-20,Hyderabad,South
8471,2025-10-24,Delhi,North
8472,2025-07-24,Mumbai,West
8473,2025-06-18,Chennai,South
8474,2025-03-03,Mumbai,West
8475,2025-05-28,Nagpur,Central
8476,2025-04-13,Kolkata,East
8477,2025-02-24,Bangalore,South
8478,2025-07-29,Kolkata,East
8479,2025-10-28,Pune,West
8480,2025-04-22,Bhopal,Central
8481,2025-11-14,Hyderabad,South
8482,2025-04-04,Hyderabad,South
8483,2025-10-24,Patna,East
8484,2025-05-28,Nagpur,Central
8485,2025-11-19,Kolkata,East
8486,2025-09-27,Jaipur,North
8487,2025-05-16,Hyderabad,South
8488,2025-06-24,Lucknow,North
8489,2025-05-28,Mumbai,West
8490,2025-10-10,Delhi,North
8491,2025-09-04,Bhopal,Central
8492,2025-05-15,Delhi,North
8493,2025-07-31,Hyderabad,South
8494,2025-10-26,Bhopal,Central
8495,2025-11-15,Hyderabad,South
8496,2025-03-29,Indore,Central
8497,2025-09-11,Chandigarh,North
8498,2025-02-24,Ahmedabad,West
8499,2025-03-12,Chennai,South
8500,2025-12-10,Bangalore,South
8501,2025-11-16,Chennai,South
8502,2025-05-04,Hyderabad,South
8503,2025-06-04,Delhi,North
8504,2025-07-28,Bhopal,Central
8505,2025-06-17,Hyderabad,South
8506,2025-09-30,Lucknow,North
8507,2025-04-09,Bangalore,South
8508,2025-05-24,Lucknow,North
8509,2025-07-16,Indore,Central
8510,2025-06-01,Chennai,South
8511,2025-04-26,Delhi,North
8512,2025-06-03,Jaipur,North
8513,2025-11-18,Pune,West
8514,2025-10-05,Lucknow,North
8515,2025-04-20,Delhi,North
8516,2025-09-28,Delhi,North
8517,2025-10-07,Indore,Central
8518,2025-08-17,Indore,Central
8519,2025-03-19,Chennai,South
8520,2025-10-19,Nagpur,Central
8521,2025-06-28,Mumbai,West
8522,2025-07-27,Hyderabad,South
8523,2025-11-16,Hyderabad,South
8524,2025-08-07,Bangalore,South
8525,2025-03-26,Ahmedabad,West
8526,2025-10-14,Delhi,North
8527,2025-04-19,Chennai,South
8528,2025-06-10,Pune,West
8529,2025-07-10,Pune,West
8530,2025-04-04,Jaipur,North
8531,2025-09-17,Bhopal,Central
8532,2025-09-03,Bangalore,South
8533,2025-10-05,Ahmedabad,West
8534,2025-12-04,Ahmedabad,West
8535,2025-04-18,Kolkata,East
8536,2025-10-24,Mumbai,West
8537,2025-04-30,Mumbai,West
8538,2025-01-26,Bhopal,Central
8539,2025-05-01,Hyderabad,South
8540,2025-11-25,Patna,East
8541,2025-11-09,Kolkata,East
8542,2025-04-23,Ahmedabad,West
8543,2025-05-05,Patna,East
8544,2025-04-27,Kolkata,East
8545,2025-04-08,Delhi,North
8546,2025-06-27,Lucknow,North
8547,2025-08-01,Bhopal,Central
8548,2025-10-23,Bangalore,South
8549,2025-01-13,Bangalore,South
8550,2025-02-28,Mumbai,West
8551,2025-05-25,Chandigarh,North
8552,2025-02-20,Bangalore,South
8553,2025-03-16,Ahmedabad,West
8554,2025-05-27,Chennai,South
8555,2025-04-02,Chennai,South
8556,2025-01-17,Pune,West
8557,2025-06-27,Mumbai,West
8558,2025-02-24,Lucknow,North
8559,2025-02-17,Lucknow,North
8560,2025-05-03,Patna,East
8561,2025-05-25,Mumbai,West
8562,2025-11-14,Chandigarh,North
8563,2025-05-15,Kolkata,East
8564,2025-07-25,Patna,East
8565,2025-10-05,Chennai,South
8566,2025-04-22,Pune,West
8567,2025-08-07,Chandigarh,North
8568,2025-03-07,Patna,East
8569,2025-01-10,Delhi,North
8570,2025-02-20,Mumbai,West
8571,2025-06-15,Delhi,North
8572,2025-07-15,Bangalore,South
8573,2025-05-25,Delhi,North
8574,2025-01-21,Bangalore,South
8575,2025-11-10,Nagpur,Central
8576,2025-06-16,Chennai,South
8577,2025-05-30,Lucknow,North
8578,2025-03-19,Mumbai,West
8579,2025-08-08,Delhi,North
8580,2025-04-14,Bangalore,South
8581,2025-04-04,Bangalore,South
8582,2025-10-07,Ahmedabad,West
8583,2025-04-22,Patna,East
8584,2025-10-16,Delhi,North
8585,2025-06-22,Hyderabad,South
8586,2025-06-24,Hyderabad,South
8587,2025-06-17,Patna,East
8588,2025-01-18,Ahmedabad,West
8589,2025-07-26,Lucknow,North
8590,2025-10-09,Jaipur,North
8591,2025-02-21,Bhopal,Central
8592,2025-01-23,Chennai,South
8593,2025-08-10,Delhi,North
8594,2025-05-15,Patna,East
8595,2025-10-27,Jaipur,North
8596,2025-11-13,Jaipur,North
8597,2025-06-14,Lucknow,North
8598,2025-02-04,Bangalore,South
8599,2025-07-07,Ahmedabad,West
8600,2025-09-23,Ahmedabad,West
8601,2025-04-18,Chennai,South
8602,2025-06-05,Lucknow,North
8603,2025-06-23,Indore,Central
8604,2025-10-20,Delhi,North
8605,2025-10-06,Hyderabad,South
8606,2025-11-17,Hyderabad,South
8607,2025-03-15,Lucknow,North
8608,2025-08-21,Hyderabad,South
8609,2025-03-20,Kolkata,East
8610,2025-05-26,Bhopal,Central
8611,2025-08-16,Mumbai,West
8612,2025-07-03,Nagpur,Central
8613,2025-10-05,Indore,Central
8614,2025-02-26,Mumbai,West
8615,2025-08-23,Chennai,South
8616,2025-06-15,Patna,East
8617,2025-02-07,Patna,East
8618,2025-07-22,Bangalore,South
8619,2025-05-30,Bangalore,South
8620,2025-02-16,Hyderabad,South
8621,2025-03-14,Indore,Central
8622,2025-06-08,Hyderabad,South
8623,2025-07-03,Pune,West
8624,2025-11-14,Nagpur,Central
8625,2025-09-28,Mumbai,West
8626,2025-04-30,Ahmedabad,West
8627,2025-03-17,Chennai,South
8628,2025-11-27,Patna,East
8629,2025-11-30,Chennai,South
8630,2025-02-10,Jaipur,North
8631,2025-03-18,Lucknow,North
8632,2025-04-17,Hyderabad,South
8633,2025-09-05,Chennai,South
8634,2025-11-03,Bangalore,South
8635,2025-06-23,Bangalore,South
8636,2025-11-28,Bhopal,Central
8637,2025-10-12,Patna,East
8638,2025-11-21,Bangalore,South
8639,2025-03-03,Kolkata,East
8640,2025-06-24,Kolkata,East
8641,2025-09-16,Indore,Central
8642,2025-06-07,Hyderabad,South
8643,2025-11-08,Hyderabad,South
8644,2025-07-19,Delhi,North
8645,2025-02-22,Kolkata,East
8646,2025-04-20,Chennai,South
8647,2025-11-08,Chennai,South
8648,2025-10-14,Hyderabad,South
8649,2025-05-29,Jaipur,North
8650,2025-02-08,Hyderabad,South
8651,2025-06-07,Delhi,North
8652,2025-05-07,Bangalore,South
8653,2025-11-11,Mumbai,West
8654,2025-05-20,Pune,West
8655,2025-11-18,Chennai,South
8656,2025-02-10,Bangalore,South
8657,2025-07-30,Lucknow,North
8658,2025-01-19,Delhi,North
8659,2025-04-16,Chennai,South
8660,2025-07-24,Chandigarh,North
8661,2025-10-01,Bangalore,South
8662,2025-11-07,Delhi,North
8663,2025-11-06,Mumbai,West
8664,2025-08-25,Chennai,South
8665,2025-08-13,Kolkata,East
8666,2025-02-12,Jaipur,North
8667,2025-06-13,Kolkata,East
8668,2025-08-04,Bangalore,South
8669,2025-03-04,Delhi,North
8670,2025-04-28,Patna,East
8671,2025-06-29,Patna,East
8672,2025-06-09,Chennai,South
8673,2025-10-28,Chennai,South
8674,2025-08-30,Bangalore,South
8675,2025-06-08,Delhi,North
8676,2025-06-12,Bangalore,South
8677,2025-10-01,Hyderabad,South
8678,2025-11-27,Kolkata,East
8679,2025-10-18,Pune,West
8680,2025-04-16,Mumbai,West
8681,2025-05-13,Bangalore,South
8682,2025-10-21,Bhopal,Central
8683,2025-06-15,Chennai,South
8684,2025-05-26,Jaipur,North
8685,2025-08-11,Mumbai,West
8686,2025-09-10,Pune,West
8687,2025-11-26,Mumbai,West
8688,2025-08-14,Hyderabad,South
8689,2025-09-12,Bangalore,South
8690,2025-07-15,Chennai,South
8691,2025-11-07,Mumbai,West
8692,2025-11-05,Lucknow,North
8693,2025-08-03,Bangalore,South
8694,2025-01-06,Delhi,North
8695,2025-04-11,Kolkata,East
8696,2025-08-15,Kolkata,East
8697,2025-10-09,Chandigarh,North
8698,2025-10-01,Kolkata,East
8699,2025-05-18,Delhi,North
8700,2025-10-02,Jaipur,North
8701,2025-02-07,Bhopal,Central
8702,2025-05-27,Bhopal,Central
8703,2025-04-17,Chennai,South
8704,2025-11-16,Delhi,North
8705,2025-06-02,Hyderabad,South
8706,2025-05-31,Kolkata,East
8707,2025-11-28,Ahmedabad,West
8708,2025-02-19,Pune,West
8709,2025-07-17,Bangalore,South
8710,2025-03-03,Kolkata,East
8711,2025-11-04,Chandigarh,North
8712,2025-02-13,Delhi,North
8713,2025-03-21,Jaipur,North
8714,2025-03-20,Hyderabad,South
8715,2025-01-16,Patna,East
8716,2025-10-03,Indore,Central
8717,2025-05-28,Lucknow,North
8718,2025-07-14,Lucknow,North
8719,2025-04-28,Patna,East
8720,2025-10-29,Mumbai,West
8721,2025-03-19,Mumbai,West
8722,2025-08-16,Lucknow,North
8723,2025-08-16,Delhi,North
8724,2025-06-13,Hyderabad,South
8725,2025-02-24,Indore,Central
8726,2025-11-01,Lucknow,North
8727,2025-11-05,Mumbai,West
8728,2025-11-05,Bangalore,South
8729,2025-11-25,Chennai,South
8730,2025-02-04,Hyderabad,South
8731,2025-06-06,Chennai,South
8732,2025-11-20,Kolkata,East
8733,2025-07-22,Chennai,South
8734,2025-12-08,Hyderabad,South
8735,2025-10-19,Bangalore,South
8736,2025-11-08,Chandigarh,North
8737,2025-04-22,Hyderabad,South
8738,2025-06-25,Hyderabad,South
8739,2025-12-30,Hyderabad,South
8740,2025-02-21,Lucknow,North
8741,2025-03-04,Lucknow,North
8742,2025-12-22,Delhi,North
8743,2025-04-25,Delhi,North
8744,2025-01-31,Chennai,South
8745,2025-07-01,Ahmedabad,West
8746,2025-05-14,Lucknow,North
8747,2025-06-01,Hyderabad,South
8748,2025-11-02,Delhi,North
8749,2025-05-02,Chennai,South
8750,2025-10-13,Chennai,South
8751,2025-04-20,Pune,West
8752,2025-02-07,Delhi,North
8753,2025-09-08,Hyderabad,South
8754,2025-10-05,Hyderabad,South
8755,2025-04-19,Patna,East
8756,2025-07-28,Indore,Central
8757,2025-06-25,Chennai,South
8758,2025-03-03,Bangalore,South
8759,2025-03-14,Mumbai,West
8760,2025-06-04,Chennai,South
8761,2025-07-30,Hyderabad,South
8762,2025-10-02,Pune,West
8763,2025-06-09,Pune,West
8764,2025-09-05,Bhopal,Central
8765,2025-10-17,Chennai,South
8766,2025-07-15,Bhopal,Central
8767,2025-02-14,Pune,West
8768,2025-04-06,Chennai,South
8769,2025-04-29,Delhi,North
8770,2025-09-02,Mumbai,West
8771,2025-11-16,Bangalore,South
8772,2025-10-13,Bangalore,South
8773,2025-08-27,Jaipur,North
8774,2025-07-29,Bangalore,South
8775,2025-06-18,Bhopal,Central
8776,2025-05-02,Hyderabad,South
8777,2025-07-27,Patna,East
8778,2025-08-17,Delhi,North
8779,2025-07-21,Ahmedabad,West
8780,2025-04-05,Chennai,South
8781,2025-02-02,Hyderabad,South
8782,2025-06-06,Patna,East
8783,2025-10-03,Bangalore,South
8784,2025-08-03,Jaipur,North
8785,2025-07-16,Ahmedabad,West
8786,2025-07-14,Delhi,North
8787,2025-09-29,Hyderabad,South
8788,2025-08-25,Pune,West
8789,2025-06-25,Mumbai,West
8790,2025-08-07,Kolkata,East
8791,2025-11-18,Bhopal,Central
8792,2025-07-10,Mumbai,West
8793,2025-08-20,Mumbai,West
8794,2025-07-28,Lucknow,North
8795,2025-11-22,Hyderabad,South
8796,2025-10-02,Chennai,South
8797,2025-12-26,Bangalore,South
8798,2025-02-06,Kolkata,East
8799,2025-07-20,Hyderabad,South
8800,2025-06-26,Bangalore,South
8801,2025-11-22,Lucknow,North
8802,2025-11-22,Hyderabad,South
8803,2025-03-25,Chennai,South
8804,2025-07-10,Indore,Central
8805,2025-03-17,Ahmedabad,West
8806,2025-07-12,Chandigarh,North
8807,2025-05-29,Hyderabad,South
8808,2025-02-07,Lucknow,North
8809,2025-06-28,Hyderabad,South
8810,2025-10-13,Delhi,North
8811,2025-06-25,Bangalore,South
8812,2025-03-03,Mumbai,West
8813,2025-10-08,Chandigarh,North
8814,2025-11-12,Chennai,South
8815,2025-04-18,Lucknow,North
8816,2025-02-17,Lucknow,North
8817,2025-04-09,Ahmedabad,West
8818,2025-05-26,Hyderabad,South
8819,2025-06-24,Jaipur,North
8820,2025-08-16,Chennai,South
8821,2025-04-29,Mumbai,West
8822,2025-10-02,Nagpur,Central
8823,2025-06-27,Bangalore,South
8824,2025-08-31,Mumbai,West
8825,2025-07-12,Indore,Central
8826,2025-06-16,Mumbai,West
8827,2025-08-06,Kolkata,East
8828,2025-06-26,Bangalore,South
8829,2025-08-10,Chennai,South
8830,2025-03-16,Mumbai,West
8831,2025-04-03,Chennai,South
8832,2025-10-26,Mumbai,West
8833,2025-07-12,Ahmedabad,West
8834,2025-10-24,Kolkata,East
8835,2025-10-11,Chandigarh,North
8836,2025-03-09,Chennai,South
8837,2025-11-03,Pune,West
8838,2025-08-04,Kolkata,East
8839,2025-08-28,Chandigarh,North
8840,2025-03-26,Delhi,North
8841,2025-10-20,Lucknow,North
8842,2025-05-29,Chandigarh,North
8843,2025-11-23,Mumbai,West
8844,2025-02-25,Patna,East
8845,2025-04-30,Chennai,South
8846,2025-09-13,Ahmedabad,West
8847,2025-07-13,Patna,East
8848,2025-01-27,Jaipur,North
8849,2025-10-17,Delhi,North
8850,2025-07-12,Delhi,North
8851,2025-10-22,Chandigarh,North
8852,2025-04-25,Hyderabad,South
8853,2025-02-19,Mumbai,West
8854,2025-03-08,Kolkata,East
8855,2025-02-18,Chennai,South
8856,2025-09-30,Bangalore,South
8857,2025-04-18,Hyderabad,South
8858,2025-07-07,Chennai,South
8859,2025-06-10,Pune,West
8860,2025-04-20,Lucknow,North
8861,2025-04-12,Pune,West
8862,2025-11-23,Bhopal,Central
8863,2025-05-13,Nagpur,Central
8864,2025-07-12,Ahmedabad,West
8865,2025-04-30,Hyderabad,South
8866,2025-11-22,Pune,West
8867,2025-09-18,Chennai,South
8868,2025-04-24,Jaipur,North
8869,2025-04-09,Lucknow,North
8870,2025-05-12,Bangalore,South
8871,2025-05-19,Patna,East
8872,2025-06-05,Mumbai,West
8873,2025-01-14,Pune,West
8874,2025-01-23,Chennai,South
8875,2025-05-15,Indore,Central
8876,2025-04-12,Bangalore,South
8877,2025-10-24,Delhi,North
8878,2025-07-27,Delhi,North
8879,2025-05-11,Bangalore,South
8880,2025-06-03,Mumbai,West
8881,2025-08-27,Ahmedabad,West
8882,2025-05-10,Bangalore,South
8883,2025-12-01,Hyderabad,South
8884,2025-08-18,Delhi,North
8885,2025-09-27,Patna,East
8886,2025-11-14,Kolkata,East
8887,2025-02-28,Jaipur,North
8888,2025-03-23,Ahmedabad,West
8889,2025-07-10,Mumbai,West
8890,2025-02-12,Mumbai,West
8891,2025-03-26,Bangalore,South
8892,2025-10-14,Nagpur,Central
8893,2025-04-14,Patna,East
8894,2025-04-25,Bangalore,South
8895,2025-10-30,Delhi,North
8896,2025-04-01,Hyderabad,South
8897,2025-08-08,Bangalore,South
8898,2025-11-25,Jaipur,North
8899,2025-05-08,Hyderabad,South
8900,2025-11-06,Patna,East
8901,2025-04-01,Mumbai,West
8902,2025-11-14,Indore,Central
8903,2025-08-15,Ahmedabad,West
8904,2025-05-01,Kolkata,East
8905,2025-01-14,Kolkata,East
8906,2025-07-16,Ahmedabad,West
8907,2025-03-07,Lucknow,North
8908,2025-04-25,Kolkata,East
8909,2025-08-24,Kolkata,East
8910,2025-05-11,Nagpur,Central
8911,2025-08-05,Pune,West
8912,2025-06-03,Jaipur,North
8913,2025-10-15,Patna,East
8914,2025-01-25,Bangalore,South
8915,2025-09-09,Hyderabad,South
8916,2025-06-26,Chennai,South
8917,2025-10-22,Lucknow,North
8918,2025-11-11,Patna,East
8919,2025-03-13,Hyderabad,South
8920,2025-05-29,Pune,West
8921,2025-11-20,Lucknow,North
8922,2025-05-15,Delhi,North
8923,2025-03-15,Pune,West
8924,2025-10-18,Bhopal,Central
8925,2025-07-03,Chennai,South
8926,2025-06-11,Kolkata,East
8927,2025-10-03,Pune,West
8928,2025-08-08,Delhi,North
8929,2025-04-16,Chennai,South
8930,2025-04-23,Indore,Central
8931,2025-04-18,Bangalore,South
8932,2025-11-11,Chennai,South
8933,2025-06-12,Hyderabad,South
8934,2025-06-05,Lucknow,North
8935,2025-07-31,Pune,West
8936,2025-10-15,Kolkata,East
8937,2025-11-28,Delhi,North
8938,2025-05-04,Indore,Central
8939,2025-07-07,Bangalore,South
8940,2025-08-22,Chennai,South
8941,2025-04-30,Delhi,North
8942,2025-08-23,Delhi,North
8943,2025-06-28,Chandigarh,North
8944,2025-07-26,Nagpur,Central
8945,2025-10-02,Chennai,South
8946,2025-11-25,Nagpur,Central
8947,2025-10-09,Pune,West
8948,2025-07-26,Patna,East
8949,2025-08-02,Hyderabad,South
8950,2025-11-18,Kolkata,East
8951,2025-03-13,Bangalore,South
8952,2025-04-30,Indore,Central
8953,2025-03-10,Mumbai,West
8954,2025-03-23,Pune,West
8955,2025-05-06,Hyderabad,South
8956,2025-07-25,Bangalore,South
8957,2025-06-09,Kolkata,East
8958,2025-06-23,Bhopal,Central
8959,2025-10-24,Lucknow,North
8960,2025-03-20,Bhopal,Central
8961,2025-10-12,Delhi,North
8962,2025-11-27,Kolkata,East
8963,2025-01-31,Chennai,South
8964,2025-10-19,Bangalore,South
8965,2025-10-13,Pune,West
8966,2025-05-30,Ahmedabad,West
8967,2025-06-02,Kolkata,East
8968,2025-10-06,Kolkata,East
8969,2025-04-21,Pune,West
8970,2025-10-27,Bangalore,South
8971,2025-10-13,Mumbai,West
8972,2025-10-01,Lucknow,North
8973,2025-05-09,Mumbai,West
8974,2025-04-20,Delhi,North
8975,2025-10-26,Chennai,South
8976,2025-05-04,Jaipur,North
8977,2025-11-21,Hyderabad,South
8978,2025-02-17,Ahmedabad,West
8979,2025-11-12,Kolkata,East
8980,2025-06-12,Chennai,South
8981,2025-06-05,Jaipur,North
8982,2025-06-03,Jaipur,North
8983,2025-06-10,Jaipur,North
8984,2025-11-16,Lucknow,North
8985,2025-05-26,Bangalore,South
8986,2025-07-23,Ahmedabad,West
8987,2025-06-04,Bangalore,South
8988,2025-06-18,Bhopal,Central
8989,2025-07-11,Indore,Central
8990,2025-02-21,Lucknow,North
8991,2025-08-06,Chennai,South
8992,2025-08-04,Bangalore,South
8993,2025-01-25,Mumbai,West
8994,2025-09-30,Delhi,North
8995,2025-03-25,Mumbai,West
8996,2025-11-18,Kolkata,East
8997,2025-04-07,Hyderabad,South
8998,2025-07-29,Patna,East
8999,2025-11-02,Mumbai,West
9000,2025-08-25,Indore,Central
9001,2025-02-14,Nagpur,Central
9002,2025-06-05,Kolkata,East
9003,2025-08-02,Lucknow,North
9004,2025-11-21,Hyderabad,South
9005,2025-07-27,Kolkata,East
9006,2025-03-08,Mumbai,West
9007,2025-09-24,Mumbai,West
9008,2025-06-16,Kolkata,East
9009,2025-05-27,Mumbai,West
9010,2025-06-24,Lucknow,North
9011,2025-11-17,Mumbai,West
9012,2025-11-18,Bangalore,South
9013,2025-03-11,Hyderabad,South
9014,2025-08-05,Chennai,South
9015,2025-10-06,Bangalore,South
9016,2025-06-18,Hyderabad,South
9017,2025-07-11,Delhi,North
9018,2025-08-01,Patna,East
9019,2025-11-27,Mumbai,West
9020,2025-02-28,Lucknow,North
9021,2026-01-01,Bangalore,South
9022,2025-04-25,Indore,Central
9023,2025-05-25,Hyderabad,South
9024,2025-04-25,Mumbai,West
9025,2025-11-16,Ahmedabad,West
9026,2025-10-23,Mumbai,West
9027,2025-06-20,Jaipur,North
9028,2025-06-22,Bangalore,South
9029,2025-04-19,Indore,Central
9030,2025-05-19,Mumbai,West
9031,2025-11-25,Chennai,South
9032,2025-04-02,Jaipur,North
9033,2025-08-19,Delhi,North
9034,2025-03-07,Indore,Central
9035,2025-09-21,Hyderabad,South
9036,2025-06-19,Jaipur,North
9037,2025-07-10,Mumbai,West
9038,2025-10-10,Bhopal,Central
9039,2025-03-24,Lucknow,North
9040,2025-05-03,Chennai,South
9041,2025-04-14,Delhi,North
9042,2025-10-25,Mumbai,West
9043,2025-05-12,Indore,Central
9044,2025-05-30,Hyderabad,South
9045,2025-09-27,Mumbai,West
9046,2025-08-14,Bangalore,South
9047,2025-07-19,Chennai,South
9048,2025-02-14,Kolkata,East
9049,2025-08-02,Nagpur,Central
9050,2025-09-03,Ahmedabad,West
9051,2025-10-02,Chandigarh,North
9052,2025-05-24,Ahmedabad,West
9053,2025-09-07,Chennai,South
9054,2025-10-31,Chennai,South
9055,2025-07-15,Kolkata,East
9056,2025-06-09,Indore,Central
9057,2025-03-19,Patna,East
9058,2025-08-09,Chennai,South
9059,2025-05-09,Delhi,North
9060,2025-07-16,Mumbai,West
9061,2025-05-26,Indore,Central
9062,2025-11-09,Bhopal,Central
9063,2025-08-16,Kolkata,East
9064,2025-03-04,Delhi,North
9065,2025-04-15,Kolkata,East
9066,2025-03-06,Bangalore,South
9067,2025-10-03,Delhi,North
9068,2025-06-12,Pune,West
9069,2025-03-21,Chennai,South
9070,2025-08-03,Chennai,South
9071,2025-10-22,Bhopal,Central
9072,2025-10-10,Kolkata,East
9073,2025-08-05,Hyderabad,South
9074,2025-10-18,Pune,West
9075,2025-10-11,Hyderabad,South
9076,2025-09-03,Pune,West
9077,2025-11-20,Jaipur,North
9078,2025-06-17,Lucknow,North
9079,2025-06-09,Lucknow,North
9080,2025-09-02,Bangalore,South
9081,2025-06-04,Mumbai,West
9082,2025-07-05,Chennai,South
9083,2025-08-14,Hyderabad,South
9084,2025-09-14,Lucknow,North
9085,2025-02-06,Bangalore,South
9086,2025-10-04,Chennai,South
9087,2025-11-19,Mumbai,West
9088,2025-10-13,Indore,Central
9089,2025-04-24,Mumbai,West
9090,2025-08-04,Jaipur,North
9091,2025-03-30,Hyderabad,South
9092,2025-11-27,Chennai,South
9093,2025-05-15,Hyderabad,South
9094,2025-05-04,Jaipur,North
9095,2025-06-26,Pune,West
9096,2025-08-24,Nagpur,Central
9097,2025-06-25,Delhi,North
9098,2025-10-03,Bangalore,South
9099,2025-03-21,Patna,East
9100,2025-11-02,Chennai,South
9101,2025-02-23,Pune,West
9102,2025-04-17,Ahmedabad,West
9103,2025-02-01,Hyderabad,South
9104,2025-09-30,Pune,West
9105,2025-11-02,Delhi,North
9106,2025-10-26,Delhi,North
9107,2025-10-12,Delhi,North
9108,2025-08-06,Bhopal,Central
9109,2025-03-20,Bangalore,South
9110,2025-03-05,Pune,West
9111,2025-11-12,Patna,East
9112,2025-04-22,Pune,West
9113,2025-08-24,Lucknow,North
9114,2025-11-29,Hyderabad,South
9115,2025-02-06,Mumbai,West
9116,2025-02-19,Chennai,South
9117,2025-11-14,Jaipur,North
9118,2025-07-17,Bhopal,Central
9119,2025-10-08,Indore,Central
9120,2025-06-02,Patna,East
9121,2025-11-07,Nagpur,Central
9122,2025-05-11,Delhi,North
9123,2025-01-15,Jaipur,North
9124,2025-10-28,Patna,East
9125,2025-11-27,Bangalore,South
9126,2025-06-12,Chandigarh,North
9127,2025-07-18,Delhi,North
9128,2025-05-19,Pune,West
9129,2025-02-20,Kolkata,East
9130,2025-10-29,Chandigarh,North
9131,2025-09-24,Hyderabad,South
9132,2025-06-30,Pune,West
9133,2025-11-01,Lucknow,North
9134,2025-04-07,Chennai,South
9135,2025-06-23,Pune,West
9136,2025-12-13,Pune,West
9137,2025-05-25,Pune,West
9138,2025-03-10,Mumbai,West
9139,2025-10-14,Hyderabad,South
9140,2025-02-25,Jaipur,North
9141,2025-11-08,Mumbai,West
9142,2025-10-20,Delhi,North
9143,2025-03-19,Patna,East
9144,2025-05-19,Lucknow,North
9145,2025-04-17,Pune,West
9146,2025-07-09,Bangalore,South
9147,2025-11-02,Chennai,South
9148,2025-05-08,Hyderabad,South
9149,2025-10-02,Mumbai,West
9150,2025-04-25,Pune,West
9151,2025-06-24,Pune,West
9152,2025-06-21,Chennai,South
9153,2025-11-15,Mumbai,West
9154,2025-04-13,Bangalore,South
9155,2025-03-28,Hyderabad,South
9156,2025-09-06,Hyderabad,South
9157,2025-07-24,Patna,East
9158,2025-07-12,Kolkata,East
9159,2025-08-08,Lucknow,North
9160,2025-06-10,Delhi,North
9161,2025-08-05,Chandigarh,North
9162,2025-04-22,Kolkata,East
9163,2025-07-10,Pune,West
9164,2025-10-17,Hyderabad,South
9165,2025-03-25,Nagpur,Central
9166,2025-03-15,Nagpur,Central
9167,2025-03-19,Nagpur,Central
9168,2025-03-10,Chennai,South
9169,2025-11-20,Chennai,South
9170,2025-03-29,Mumbai,West
9171,2025-06-23,Bangalore,South
9172,2025-08-18,Patna,East
9173,2025-07-05,Hyderabad,South
9174,2025-10-26,Chennai,South
9175,2025-03-03,Bangalore,South
9176,2025-11-05,Chennai,South
9177,2025-07-31,Delhi,North
9178,2025-03-06,Pune,West
9179,2025-05-05,Pune,West
9180,2025-03-04,Mumbai,West
9181,2025-03-21,Chennai,South
9182,2025-11-10,Mumbai,West
9183,2025-04-07,Chennai,South
9184,2025-10-09,Ahmedabad,West
9185,2025-02-23,Kolkata,East
9186,2025-10-17,Ahmedabad,West
9187,2025-05-02,Kolkata,East
9188,2025-06-20,Bangalore,South
9189,2025-10-02,Bhopal,Central
9190,2025-02-16,Nagpur,Central
9191,2025-08-11,Nagpur,Central
9192,2025-02-25,Chennai,South
9193,2025-05-13,Nagpur,Central
9194,2025-07-12,Indore,Central
9195,2025-05-08,Indore,Central
9196,2025-01-11,Delhi,North
9197,2025-11-29,Pune,West
9198,2025-05-28,Patna,East
9199,2025-10-31,Ahmedabad,West
9200,2025-07-28,Jaipur,North
9201,2025-10-14,Chandigarh,North
9202,2025-10-22,Hyderabad,South
9203,2025-02-12,Kolkata,East
9204,2025-09-22,Bangalore,South
9205,2025-01-29,Bhopal,Central
9206,2025-06-21,Chennai,South
9207,2025-08-22,Kolkata,East
9208,2025-11-07,Ahmedabad,West
9209,2025-01-16,Ahmedabad,West
9210,2025-08-27,Lucknow,North
9211,2025-03-27,Bhopal,Central
9212,2025-10-24,Chandigarh,North
9213,2025-11-08,Bangalore,South
9214,2025-04-15,Bangalore,South
9215,2025-10-19,Bangalore,South
9216,2025-07-03,Mumbai,West
9217,2025-08-20,Kolkata,East
9218,2025-08-24,Chandigarh,North
9219,2025-03-03,Indore,Central
9220,2025-02-22,Mumbai,West
9221,2025-02-23,Delhi,North
9222,2025-04-29,Kolkata,East
9223,2025-08-08,Kolkata,East
9224,2025-03-22,Mumbai,West
9225,2025-06-21,Nagpur,Central
9226,2025-03-06,Bhopal,Central
9227,2025-09-11,Delhi,North
9228,2025-06-30,Indore,Central
9229,2025-05-30,Delhi,North
9230,2025-05-11,Pune,West
9231,2025-05-20,Bangalore,South
9232,2025-02-04,Delhi,North
9233,2025-05-17,Nagpur,Central
9234,2025-10-02,Hyderabad,South
9235,2025-01-03,Kolkata,East
9236,2025-03-03,Bangalore,South
9237,2025-10-01,Chennai,South
9238,2025-11-24,Chennai,South
9239,2025-06-11,Bangalore,South
9240,2025-11-16,Kolkata,East
9241,2025-02-10,Bangalore,South
9242,2025-05-26,Lucknow,North
9243,2025-06-07,Jaipur,North
9244,2025-06-22,Ahmedabad,West
9245,2025-03-31,Mumbai,West
9246,2025-07-18,Nagpur,Central
9247,2025-11-17,Mumbai,West
9248,2025-06-05,Hyderabad,South
9249,2025-09-02,Delhi,North
9250,2025-10-09,Mumbai,West
9251,2025-10-09,Delhi,North
9252,2025-06-15,Ahmedabad,West
9253,2025-05-12,Hyderabad,South
9254,2025-05-12,Chennai,South
9255,2025-05-05,Ahmedabad,West
9256,2025-10-08,Delhi,North
9257,2025-10-21,Hyderabad,South
9258,2025-06-17,Bangalore,South
9259,2025-10-08,Lucknow,North
9260,2025-03-09,Delhi,North
9261,2025-05-21,Hyderabad,South
9262,2025-08-15,Ahmedabad,West
9263,2025-11-04,Pune,West
9264,2025-02-26,Jaipur,North
9265,2025-06-06,Patna,East
9266,2025-11-06,Mumbai,West
9267,2025-10-08,Bangalore,South
9268,2025-03-03,Mumbai,West
9269,2025-08-12,Chennai,South
9270,2025-09-07,Mumbai,West
9271,2025-05-05,Delhi,North
9272,2025-10-22,Jaipur,North
9273,2025-11-11,Lucknow,North
9274,2025-05-30,Delhi,North
9275,2025-04-01,Kolkata,East
9276,2025-07-13,Bangalore,South
9277,2025-05-01,Mumbai,West
9278,2025-03-26,Pune,West
9279,2025-06-09,Delhi,North
9280,2025-03-31,Delhi,North
9281,2025-07-18,Bangalore,South
9282,2025-05-14,Indore,Central
9283,2025-07-06,Ahmedabad,West
9284,2025-11-08,Bangalore,South
9285,2025-07-27,Indore,Central
9286,2025-03-31,Jaipur,North
9287,2025-07-25,Kolkata,East
9288,2025-05-29,Indore,Central
9289,2025-08-06,Delhi,North
9290,2025-09-20,Delhi,North
9291,2025-11-08,Pune,West
9292,2025-10-01,Ahmedabad,West
9293,2025-05-15,Jaipur,North
9294,2025-10-25,Pune,West
9295,2025-11-01,Patna,East
9296,2025-04-22,Indore,Central
9297,2025-07-21,Nagpur,Central
9298,2025-07-30,Patna,East
9299,2025-09-10,Bhopal,Central
9300,2025-04-14,Delhi,North
9301,2025-04-13,Bangalore,South
9302,2025-08-04,Hyderabad,South
9303,2025-05-17,Indore,Central
9304,2025-05-26,Jaipur,North
9305,2025-11-01,Jaipur,North
9306,2025-03-27,Delhi,North
9307,2025-10-25,Chennai,South
9308,2025-05-10,Kolkata,East
9309,2025-11-26,Hyderabad,South
9310,2025-05-14,Mumbai,West
9311,2025-09-02,Mumbai,West
9312,2025-04-24,Delhi,North
9313,2025-04-06,Ahmedabad,West
9314,2025-10-28,Delhi,North
9315,2025-01-23,Ahmedabad,West
9316,2025-08-24,Chennai,South
9317,2025-06-15,Nagpur,Central
9318,2025-10-15,Bangalore,South
9319,2025-03-17,Jaipur,North
9320,2025-11-15,Kolkata,East
9321,2026-01-11,Hyderabad,South
9322,2025-06-23,Indore,Central
9323,2025-04-29,Pune,West
9324,2025-03-14,Chennai,South
9325,2025-04-15,Chennai,South
9326,2025-05-04,Indore,Central
9327,2025-05-01,Kolkata,East
9328,2025-10-01,Bangalore,South
9329,2025-05-31,Delhi,North
9330,2025-11-25,Bhopal,Central
9331,2025-08-03,Ahmedabad,West
9332,2025-01-25,Pune,West
9333,2025-11-14,Bangalore,South
9334,2025-10-12,Ahmedabad,West
9335,2025-11-16,Chennai,South
9336,2025-07-04,Chennai,South
9337,2025-11-24,Lucknow,North
9338,2025-06-25,Indore,Central
9339,2025-05-16,Mumbai,West
9340,2025-10-07,Hyderabad,South
9341,2025-04-30,Kolkata,East
9342,2025-06-21,Pune,West
9343,2025-04-14,Indore,Central
9344,2025-05-14,Kolkata,East
9345,2025-04-28,Hyderabad,South
9346,2025-11-26,Chandigarh,North
9347,2025-04-26,Jaipur,North
9348,2025-02-22,Nagpur,Central
9349,2025-09-11,Kolkata,East
9350,2025-04-09,Nagpur,Central
9351,2025-12-20,Delhi,North
9352,2025-10-19,Bangalore,South
9353,2025-08-19,Bhopal,Central
9354,2025-11-14,Chennai,South
9355,2025-07-27,Hyderabad,South
9356,2025-05-22,Lucknow,North
9357,2025-10-12,Nagpur,Central
9358,2025-10-04,Bangalore,South
9359,2025-07-11,Chandigarh,North
9360,2025-11-02,Lucknow,North
9361,2025-08-17,Kolkata,East
9362,2025-08-02,Patna,East
9363,2025-06-30,Delhi,North
9364,2025-04-22,Delhi,North
9365,2025-11-13,Delhi,North
9366,2025-05-15,Lucknow,North
9367,2025-02-21,Ahmedabad,West
9368,2025-08-25,Nagpur,Central
9369,2025-11-18,Ahmedabad,West
9370,2025-08-15,Jaipur,North
9371,2025-03-31,Lucknow,North
9372,2025-03-12,Hyderabad,South
9373,2025-11-03,Chennai,South
9374,2025-11-26,Indore,Central
9375,2025-07-26,Bangalore,South
9376,2025-10-16,Bangalore,South
9377,2025-01-25,Kolkata,East
9378,2025-04-06,Mumbai,West
9379,2025-07-21,Indore,Central
9380,2025-02-26,Mumbai,West
9381,2025-04-27,Bangalore,South
9382,2025-11-19,Hyderabad,South
9383,2025-06-15,Kolkata,East
9384,2025-07-25,Bangalore,South
9385,2025-10-22,Ahmedabad,West
9386,2025-06-12,Chandigarh,North
9387,2025-02-17,Patna,East
9388,2025-11-20,Hyderabad,South
9389,2025-07-08,Chennai,South
9390,2025-11-02,Kolkata,East
9391,2025-03-05,Bhopal,Central
9392,2025-04-05,Nagpur,Central
9393,2025-10-03,Hyderabad,South
9394,2025-03-06,Lucknow,North
9395,2025-10-09,Hyderabad,South
9396,2025-04-22,Hyderabad,South
9397,2025-05-01,Bangalore,South
9398,2025-10-15,Hyderabad,South
9399,2025-08-24,Bangalore,South
9400,2025-06-02,Bangalore,South
9401,2025-09-08,Lucknow,North
9402,2025-07-19,Mumbai,West
9403,2025-03-04,Ahmedabad,West
9404,2025-04-08,Hyderabad,South
9405,2025-06-08,Delhi,North
9406,2025-03-26,Bangalore,South
9407,2025-08-01,Mumbai,West
9408,2025-06-01,Jaipur,North
9409,2025-04-13,Mumbai,West
9410,2025-05-07,Jaipur,North
9411,2025-08-09,Chennai,South
9412,2025-09-18,Kolkata,East
9413,2025-06-11,Kolkata,East
9414,2025-11-01,Mumbai,West
9415,2025-04-13,Bangalore,South
9416,2025-11-01,Delhi,North
9417,2025-05-21,Pune,West
9418,2025-11-04,Mumbai,West
9419,2025-11-26,Pune,West
9420,2025-02-06,Jaipur,North
9421,2025-07-27,Patna,East
9422,2025-07-24,Kolkata,East
9423,2025-10-01,Ahmedabad,West
9424,2025-02-09,Bangalore,South
9425,2025-08-25,Indore,Central
9426,2025-03-22,Jaipur,North
9427,2025-06-19,Bangalore,South
9428,2025-03-06,Bhopal,Central
9429,2025-10-23,Bangalore,South
9430,2025-05-26,Indore,Central
9431,2025-10-27,Chandigarh,North
9432,2025-09-24,Delhi,North
9433,2025-04-18,Kolkata,East
9434,2025-11-12,Bangalore,South
9435,2025-05-08,Mumbai,West
9436,2025-03-27,Bangalore,South
9437,2025-11-04,Jaipur,North
9438,2025-09-30,Bangalore,South
9439,2025-01-15,Hyderabad,South
9440,2025-06-01,Lucknow,North
9441,2025-09-22,Chennai,South
9442,2025-06-03,Mumbai,West
9443,2025-10-17,Hyderabad,South
9444,2025-03-19,Chennai,South
9445,2025-04-14,Delhi,North
9446,2025-06-26,Hyderabad,South
9447,2025-02-27,Indore,Central
9448,2025-10-23,Ahmedabad,West
9449,2025-10-21,Delhi,North
9450,2025-07-12,Hyderabad,South
9451,2025-10-04,Delhi,North
9452,2025-07-13,Kolkata,East
9453,2025-08-18,Chennai,South
9454,2025-10-04,Chennai,South
9455,2025-08-16,Nagpur,Central
9456,2025-02-23,Hyderabad,South
9457,2025-05-28,Bangalore,South
9458,2025-04-03,Patna,East
9459,2025-10-03,Jaipur,North
9460,2025-04-14,Delhi,North
9461,2025-07-06,Lucknow,North
9462,2025-08-28,Hyderabad,South
9463,2025-04-23,Ahmedabad,West
9464,2025-04-16,Hyderabad,South
9465,2025-10-08,Nagpur,Central
9466,2025-02-15,Chandigarh,North
9467,2025-11-24,Patna,East
9468,2025-04-12,Bhopal,Central
9469,2025-08-12,Ahmedabad,West
9470,2025-09-09,Chennai,South
9471,2025-03-10,Delhi,North
9472,2025-04-23,Jaipur,North
9473,2025-05-04,Patna,East
9474,2025-07-07,Hyderabad,South
9475,2025-05-24,Bhopal,Central
9476,2025-09-03,Bhopal,Central
9477,2025-03-05,Indore,Central
9478,2025-07-15,Nagpur,Central
9479,2025-11-28,Hyderabad,South
9480,2025-09-23,Hyderabad,South
9481,2025-05-27,Chennai,South
9482,2025-05-12,Bangalore,South
9483,2025-11-25,Jaipur,North
9484,2025-10-24,Chandigarh,North
9485,2025-06-08,Patna,East
9486,2025-05-06,Kolkata,East
9487,2025-04-16,Mumbai,West
9488,2025-02-26,Delhi,North
9489,2025-04-17,Delhi,North
9490,2025-10-21,Bangalore,South
9491,2025-07-29,Kolkata,East
9492,2025-07-01,Chennai,South
9493,2025-05-14,Chennai,South
9494,2025-04-05,Chennai,South
9495,2025-08-07,Lucknow,North
9496,2025-05-13,Hyderabad,South
9497,2025-10-27,Delhi,North
9498,2025-02-27,Hyderabad,South
9499,2025-10-13,Patna,East
9500,2025-05-17,Chennai,South
9501,2025-11-08,Lucknow,North
9502,2025-07-19,Ahmedabad,West
9503,2025-09-11,Lucknow,North
9504,2025-08-03,Patna,East
9505,2025-12-04,Bangalore,South
9506,2025-05-27,Chennai,South
9507,2025-05-10,Hyderabad,South
9508,2025-03-30,Jaipur,North
9509,2025-11-07,Mumbai,West
9510,2025-03-06,Delhi,North
9511,2025-03-08,Pune,West
9512,2025-11-20,Kolkata,East
9513,2025-04-10,Delhi,North
9514,2025-03-09,Pune,West
9515,2025-03-05,Kolkata,East
9516,2025-04-21,Hyderabad,South
9517,2025-11-23,Mumbai,West
9518,2025-05-09,Ahmedabad,West
9519,2025-06-10,Ahmedabad,West
9520,2025-07-03,Mumbai,West
9521,2025-05-27,Hyderabad,South
9522,2025-11-24,Jaipur,North
9523,2025-10-23,Indore,Central
9524,2025-11-21,Ahmedabad,West
9525,2025-03-15,Bangalore,South
9526,2025-10-14,Chennai,South
9527,2025-09-16,Patna,East
9528,2025-10-07,Hyderabad,South
9529,2025-06-05,Patna,East
9530,2025-04-29,Bhopal,Central
9531,2025-07-06,Chennai,South
9532,2025-02-25,Patna,East
9533,2025-05-10,Delhi,North
9534,2025-11-22,Bhopal,Central
9535,2025-03-22,Hyderabad,South
9536,2025-03-13,Hyderabad,South
9537,2025-10-10,Ahmedabad,West
9538,2025-10-21,Pune,West
9539,2025-11-04,Delhi,North
9540,2025-07-03,Kolkata,East
9541,2025-07-06,Hyderabad,South
9542,2025-02-19,Hyderabad,South
9543,2025-07-04,Mumbai,West
9544,2025-08-25,Hyderabad,South
9545,2025-10-06,Delhi,North
9546,2025-03-23,Delhi,North
9547,2025-06-14,Delhi,North
9548,2025-02-27,Bangalore,South
9549,2025-10-21,Hyderabad,South
9550,2025-01-30,Nagpur,Central
9551,2025-09-17,Delhi,North
9552,2025-11-05,Chandigarh,North
9553,2025-08-21,Kolkata,East
9554,2025-03-16,Jaipur,North
9555,2025-11-08,Kolkata,East
9556,2025-08-29,Indore,Central
9557,2025-04-14,Chennai,South
9558,2025-11-15,Lucknow,North
9559,2025-03-27,Jaipur,North
9560,2025-03-26,Ahmedabad,West
9561,2025-12-03,Patna,East
9562,2025-11-22,Delhi,North
9563,2025-11-14,Lucknow,North
9564,2025-05-18,Pune,West
9565,2025-11-04,Hyderabad,South
9566,2025-03-11,Chennai,South
9567,2025-02-22,Ahmedabad,West
9568,2025-10-24,Chandigarh,North
9569,2025-10-28,Bangalore,South
9570,2025-10-15,Chandigarh,North
9571,2025-11-27,Hyderabad,South
9572,2025-09-12,Hyderabad,South
9573,2025-05-06,Hyderabad,South
9574,2025-02-04,Chennai,South
9575,2025-10-17,Mumbai,West
9576,2025-08-17,Mumbai,West
9577,2025-10-22,Jaipur,North
9578,2025-02-07,Lucknow,North
9579,2025-04-18,Bangalore,South
9580,2025-10-11,Bangalore,South
9581,2025-05-30,Hyderabad,South
9582,2025-02-13,Kolkata,East
9583,2025-10-02,Delhi,North
9584,2025-03-23,Hyderabad,South
9585,2025-11-13,Indore,Central
9586,2025-05-05,Indore,Central
9587,2025-03-11,Chennai,South
9588,2025-02-14,Hyderabad,South
9589,2025-08-19,Hyderabad,South
9590,2025-06-09,Lucknow,North
9591,2025-04-08,Ahmedabad,West
9592,2025-03-04,Chennai,South
9593,2025-04-10,Pune,West
9594,2025-05-04,Hyderabad,South
9595,2025-11-03,Mumbai,West
9596,2025-05-04,Delhi,North
9597,2025-09-15,Delhi,North
9598,2025-07-09,Bangalore,South
9599,2025-09-24,Chennai,South
9600,2025-06-12,Bangalore,South
9601,2025-10-26,Mumbai,West
9602,2025-02-25,Ahmedabad,West
9603,2025-10-10,Hyderabad,South
9604,2025-11-22,Hyderabad,South
9605,2025-10-09,Kolkata,East
9606,2025-10-07,Pune,West
9607,2025-03-16,Bhopal,Central
9608,2025-02-22,Mumbai,West
9609,2025-03-04,Mumbai,West
9610,2025-05-01,Kolkata,East
9611,2025-02-16,Jaipur,North
9612,2025-06-25,Hyderabad,South
9613,2025-05-18,Nagpur,Central
9614,2025-11-14,Delhi,North
9615,2025-06-23,Bhopal,Central
9616,2025-09-20,Indore,Central
9617,2025-11-25,Kolkata,East
9618,2025-06-16,Patna,East
9619,2025-08-02,Lucknow,North
9620,2025-10-24,Mumbai,West
9621,2025-03-13,Mumbai,West
9622,2025-04-01,Hyderabad,South
9623,2025-07-31,Hyderabad,South
9624,2025-11-11,Jaipur,North
9625,2025-11-07,Hyderabad,South
9626,2025-09-08,Delhi,North
9627,2025-10-12,Lucknow,North
9628,2025-08-13,Patna,East
9629,2025-10-19,Mumbai,West
9630,2025-06-23,Bangalore,South
9631,2025-05-14,Mumbai,West
9632,2025-01-12,Ahmedabad,West
9633,2025-04-19,Bangalore,South
9634,2025-08-21,Lucknow,North
9635,2025-07-07,Hyderabad,South
9636,2025-01-27,Hyderabad,South
9637,2025-05-08,Patna,East
9638,2025-05-26,Mumbai,West
9639,2025-07-02,Chennai,South
9640,2025-11-02,Delhi,North
9641,2025-05-22,Hyderabad,South
9642,2025-04-17,Ahmedabad,West
9643,2025-03-29,Hyderabad,South
9644,2025-06-23,Bangalore,South
9645,2025-02-19,Delhi,North
9646,2025-04-23,Ahmedabad,West
9647,2025-07-08,Pune,West
9648,2025-11-13,Kolkata,East
9649,2025-03-28,Pune,West
9650,2025-09-18,Delhi,North
9651,2025-10-01,Bangalore,South
9652,2025-11-09,Mumbai,West
9653,2025-11-07,Chennai,South
9654,2025-04-03,Hyderabad,South
9655,2025-08-22,Ahmedabad,West
9656,2025-04-22,Pune,West
9657,2025-03-05,Patna,East
9658,2025-06-09,Bangalore,South
9659,2025-04-16,Ahmedabad,West
9660,2025-05-19,Nagpur,Central
9661,2025-05-07,Jaipur,North
9662,2025-06-20,Delhi,North
9663,2025-05-09,Delhi,North
9664,2025-04-04,Mumbai,West
9665,2025-10-15,Chennai,South
9666,2025-06-30,Ahmedabad,West
9667,2025-08-26,Hyderabad,South
9668,2025-11-19,Mumbai,West
9669,2025-11-20,Kolkata,East
9670,2025-06-22,Pune,West
9671,2025-10-25,Hyderabad,South
9672,2025-05-24,Jaipur,North
9673,2025-07-20,Hyderabad,South
9674,2025-05-05,Mumbai,West
9675,2025-07-24,Chennai,South
9676,2025-12-02,Pune,West
9677,2025-06-04,Patna,East
9678,2025-07-26,Hyderabad,South
9679,2025-03-05,Ahmedabad,West
9680,2025-12-01,Delhi,North
9681,2025-02-24,Jaipur,North
9682,2025-02-26,Delhi,North
9683,2025-06-18,Delhi,North
9684,2025-11-01,Patna,East
9685,2025-05-21,Pune,West
9686,2025-02-07,Hyderabad,South
9687,2025-05-11,Mumbai,West
9688,2025-07-16,Mumbai,West
9689,2025-04-29,Bangalore,South
9690,2025-05-01,Indore,Central
9691,2025-07-30,Patna,East
9692,2025-02-08,Delhi,North
9693,2025-03-07,Mumbai,West
9694,2025-07-05,Indore,Central
9695,2025-01-31,Delhi,North
9696,2025-04-04,Pune,West
9697,2025-08-27,Hyderabad,South
9698,2025-05-30,Kolkata,East
9699,2025-03-16,Pune,West
9700,2025-08-05,Bhopal,Central
9701,2025-02-20,Jaipur,North
9702,2025-02-28,Chennai,South
9703,2025-11-26,Ahmedabad,West
9704,2025-05-06,Chandigarh,North
9705,2025-09-11,Delhi,North
9706,2025-04-13,Chennai,South
9707,2025-04-23,Hyderabad,South
9708,2025-04-05,Hyderabad,South
9709,2025-05-12,Mumbai,West
9710,2025-11-06,Ahmedabad,West
9711,2025-04-13,Delhi,North
9712,2025-09-07,Patna,East
9713,2025-06-20,Bangalore,South
9714,2025-02-19,Bangalore,South
9715,2025-09-11,Delhi,North
9716,2025-08-03,Mumbai,West
9717,2025-05-21,Hyderabad,South
9718,2025-10-28,Bangalore,South
9719,2025-10-28,Mumbai,West
9720,2025-07-27,Lucknow,North
9721,2025-09-06,Ahmedabad,West
9722,2025-05-09,Hyderabad,South
9723,2025-03-17,Ahmedabad,West
9724,2025-02-23,Pune,West
9725,2025-04-25,Bangalore,South
9726,2025-05-28,Chandigarh,North
9727,2025-04-10,Bhopal,Central
9728,2025-07-03,Mumbai,West
9729,2025-04-13,Mumbai,West
9730,2025-11-25,Delhi,North
9731,2025-06-19,Hyderabad,South
9732,2025-04-27,Jaipur,North
9733,2025-04-11,Chennai,South
9734,2025-06-07,Lucknow,North
9735,2025-05-13,Pune,West
9736,2025-06-30,Kolkata,East
9737,2025-04-26,Kolkata,East
9738,2025-06-24,Delhi,North
9739,2025-11-08,Bangalore,South
9740,2025-10-01,Pune,West
9741,2025-01-20,Chennai,South
9742,2025-05-17,Bangalore,South
9743,2025-11-20,Nagpur,Central
9744,2025-05-10,Ahmedabad,West
9745,2025-09-02,Bangalore,South
9746,2025-06-05,Ahmedabad,West
9747,2025-03-24,Jaipur,North
9748,2025-07-31,Hyderabad,South
9749,2025-03-17,Mumbai,West
9750,2025-08-31,Bhopal,Central
9751,2025-03-01,Mumbai,West
9752,2025-01-29,Chennai,South
9753,2025-06-24,Chennai,South
9754,2025-07-31,Lucknow,North
9755,2025-08-23,Hyderabad,South
9756,2025-02-21,Chennai,South
9757,2025-03-09,Delhi,North
9758,2025-03-03,Chandigarh,North
9759,2025-05-29,Chennai,South
9760,2025-05-01,Pune,West
9761,2025-10-24,Indore,Central
9762,2025-06-03,Mumbai,West
9763,2025-09-13,Chandigarh,North
9764,2025-09-02,Patna,East
9765,2025-04-08,Bhopal,Central
9766,2025-03-23,Delhi,North
9767,2025-03-24,Lucknow,North
9768,2025-04-11,Ahmedabad,West
9769,2025-04-10,Chandigarh,North
9770,2025-08-19,Mumbai,West
9771,2025-05-30,Pune,West
9772,2025-10-22,Delhi,North
9773,2025-02-10,Bangalore,South
9774,2025-11-15,Hyderabad,South
9775,2025-05-15,Jaipur,North
9776,2025-10-15,Delhi,North
9777,2025-02-27,Ahmedabad,West
9778,2025-04-30,Nagpur,Central
9779,2025-09-19,Delhi,North
9780,2025-08-06,Pune,West
9781,2025-06-27,Delhi,North
9782,2025-03-12,Chennai,South
9783,2025-04-11,Lucknow,North
9784,2025-11-05,Bhopal,Central
9785,2025-10-18,Ahmedabad,West
9786,2025-03-15,Jaipur,North
9787,2025-04-17,Bangalore,South
9788,2025-05-04,Mumbai,West
9789,2025-11-27,Kolkata,East
9790,2025-05-20,Hyderabad,South
9791,2025-04-20,Bangalore,South
9792,2025-10-16,Pune,West
9793,2025-09-28,Delhi,North
9794,2025-02-07,Bangalore,South
9795,2025-03-30,Jaipur,North
9796,2025-08-15,Ahmedabad,West
9797,2025-05-25,Indore,Central
9798,2025-05-31,Kolkata,East
9799,2025-05-19,Mumbai,West
9800,2025-11-28,Indore,Central
9801,2025-11-26,Ahmedabad,West
9802,2025-06-10,Chennai,South
9803,2025-02-04,Hyderabad,South
9804,2025-10-16,Kolkata,East
9805,2025-03-31,Jaipur,North
9806,2025-05-12,Ahmedabad,West
9807,2025-08-24,Lucknow,North
9808,2025-10-01,Pune,West
9809,2025-06-27,Patna,East
9810,2025-12-06,Lucknow,North
9811,2025-01-31,Mumbai,West
9812,2025-11-12,Indore,Central
9813,2025-10-03,Mumbai,West
9814,2025-05-14,Ahmedabad,West
9815,2025-09-14,Indore,Central
9816,2025-03-08,Ahmedabad,West
9817,2025-11-19,Pune,West
9818,2025-10-26,Delhi,North
9819,2025-10-19,Chennai,South
9820,2025-04-06,Chennai,South
9821,2025-08-21,Ahmedabad,West
9822,2025-12-31,Ahmedabad,West
9823,2025-02-05,Kolkata,East
9824,2025-09-14,Mumbai,West
9825,2025-06-21,Hyderabad,South
9826,2025-06-03,Lucknow,North
9827,2025-10-23,Bangalore,South
9828,2025-05-21,Ahmedabad,West
9829,2025-04-27,Ahmedabad,West
9830,2025-01-22,Ahmedabad,West
9831,2025-08-18,Hyderabad,South
9832,2025-03-22,Indore,Central
9833,2025-06-27,Chennai,South
9834,2025-07-31,Indore,Central
9835,2025-09-11,Bangalore,South
9836,2025-12-18,Bangalore,South
9837,2025-02-05,Chandigarh,North
9838,2025-11-14,Hyderabad,South
9839,2025-05-31,Ahmedabad,West
9840,2025-05-06,Bhopal,Central
9841,2025-03-21,Nagpur,Central
9842,2025-03-18,Patna,East
9843,2025-10-09,Bangalore,South
9844,2025-08-08,Lucknow,North
9845,2025-05-10,Hyderabad,South
9846,2025-03-03,Delhi,North
9847,2025-10-24,Nagpur,Central
9848,2025-06-08,Hyderabad,South
9849,2025-06-03,Lucknow,North
9850,2025-11-09,Kolkata,East
9851,2025-04-16,Kolkata,East
9852,2025-04-23,Nagpur,Central
9853,2025-11-27,Delhi,North
9854,2025-09-16,Lucknow,North
9855,2025-10-22,Patna,East
9856,2025-10-04,Hyderabad,South
9857,2025-03-04,Hyderabad,South
9858,2025-05-26,Pune,West
9859,2025-02-18,Bangalore,South
9860,2025-05-03,Chennai,South
9861,2025-03-30,Chandigarh,North
9862,2025-11-16,Ahmedabad,West
9863,2025-03-04,Chandigarh,North
9864,2025-03-16,Indore,Central
9865,2025-09-13,Jaipur,North
9866,2025-03-04,Hyderabad,South
9867,2025-03-03,Hyderabad,South
9868,2025-04-11,Bangalore,South
9869,2025-11-24,Nagpur,Central
9870,2025-05-28,Bangalore,South
9871,2025-02-24,Hyderabad,South
9872,2025-07-09,Kolkata,East
9873,2025-08-23,Chennai,South
9874,2025-08-30,Hyderabad,South
9875,2025-05-03,Pune,West
9876,2025-05-19,Bangalore,South
9877,2025-11-23,Delhi,North
9878,2025-11-11,Hyderabad,South
9879,2025-01-05,Ahmedabad,West
9880,2025-10-23,Ahmedabad,West
9881,2025-10-09,Delhi,North
9882,2025-03-04,Pune,West
9883,2025-09-08,Mumbai,West
9884,2025-07-28,Chandigarh,North
9885,2025-10-19,Bangalore,South
9886,2025-07-27,Lucknow,North
9887,2025-07-13,Nagpur,Central
9888,2025-06-27,Nagpur,Central
9889,2025-06-01,Hyderabad,South
9890,2025-07-24,Bangalore,South
9891,2025-07-26,Lucknow,North
9892,2025-03-24,Hyderabad,South
9893,2025-10-08,Bhopal,Central
9894,2025-03-07,Kolkata,East
9895,2025-05-29,Pune,West
9896,2025-10-12,Hyderabad,South
9897,2025-10-18,Pune,West
9898,2025-04-19,Pune,West
9899,2025-11-10,Nagpur,Central
9900,2025-02-06,Chennai,South
9901,2025-10-17,Delhi,North
9902,2025-07-13,Delhi,North
9903,2025-03-06,Hyderabad,South
9904,2025-07-01,Jaipur,North
9905,2025-05-12,Bhopal,Central
9906,2025-04-28,Chennai,South
9907,2025-11-10,Nagpur,Central
9908,2025-06-21,Bangalore,South
9909,2025-01-08,Mumbai,West
9910,2025-11-20,Hyderabad,South
9911,2025-05-30,Hyderabad,South
9912,2025-10-24,Indore,Central
9913,2025-08-06,Delhi,North
9914,2025-09-12,Lucknow,North
9915,2025-03-26,Mumbai,West
9916,2025-07-28,Bhopal,Central
9917,2025-02-01,Mumbai,West
9918,2025-10-16,Delhi,North
9919,2025-05-22,Bangalore,South
9920,2025-11-23,Chennai,South
9921,2025-04-21,Hyderabad,South
9922,2025-03-16,Indore,Central
9923,2025-04-07,Jaipur,North
9924,2025-05-24,Ahmedabad,West
9925,2025-03-08,Kolkata,East
9926,2025-10-07,Chennai,South
9927,2025-06-04,Delhi,North
9928,2025-10-01,Patna,East
9929,2025-11-07,Patna,East
9930,2025-01-25,Patna,East
9931,2025-07-28,Nagpur,Central
9932,2025-01-26,Hyderabad,South
9933,2025-04-16,Chennai,South
9934,2025-09-27,Mumbai,West
9935,2025-05-22,Chennai,South
9936,2025-04-12,Delhi,North
9937,2025-08-09,Hyderabad,South
9938,2025-04-10,Ahmedabad,West
9939,2025-06-17,Nagpur,Central
9940,2025-10-16,Jaipur,North
9941,2025-04-08,Bhopal,Central
9942,2025-05-14,Chennai,South
9943,2025-07-31,Chennai,South
9944,2025-07-06,Lucknow,North
9945,2025-11-23,Chennai,South
9946,2025-07-19,Bangalore,South
9947,2025-05-26,Hyderabad,South
9948,2025-10-18,Mumbai,West
9949,2025-05-15,Pune,West
9950,2025-05-02,Chennai,South
9951,2025-07-01,Jaipur,North
9952,2025-06-16,Ahmedabad,West
9953,2025-05-30,Bangalore,South
9954,2025-11-12,Delhi,North
9955,2025-08-05,Hyderabad,South
9956,2025-10-28,Bangalore,South
9957,2025-10-10,Pune,West
9958,2025-03-15,Ahmedabad,West
9959,2025-07-06,Lucknow,North
9960,2025-10-24,Mumbai,West
9961,2025-10-18,Pune,West
9962,2025-11-28,Pune,West
9963,2025-07-05,Hyderabad,South
9964,2025-01-13,Kolkata,East
9965,2025-06-02,Hyderabad,South
9966,2025-04-09,Jaipur,North
9967,2025-10-04,Lucknow,North
9968,2025-04-23,Delhi,North
9969,2025-06-08,Ahmedabad,West
9970,2025-03-25,Bangalore,South
9971,2025-06-12,Delhi,North
9972,2025-04-22,Indore,Central
9973,2025-04-29,Indore,Central
9974,2025-10-06,Hyderabad,South
9975,2025-11-05,Delhi,North
9976,2025-08-26,Chennai,South
9977,2025-10-03,Mumbai,West
9978,2025-05-27,Nagpur,Central
9979,2025-01-17,Chandigarh,North
9980,2025-10-11,Ahmedabad,West
9981,2025-06-23,Delhi,North
9982,2025-04-14,Ahmedabad,West
9983,2025-10-03,Mumbai,West
9984,2025-04-27,Indore,Central
9985,2025-10-26,Indore,Central
9986,2025-05-08,Jaipur,North
9987,2025-11-18,Hyderabad,South
9988,2025-10-02,Hyderabad,South
9989,2025-04-07,Chennai,South
9990,2025-08-01,Patna,East
9991,2025-01-08,Delhi,North
9992,2025-06-21,Mumbai,West
9993,2025-03-17,Bangalore,South
9994,2025-03-12,Patna,East
9995,2025-04-17,Hyderabad,South
9996,2025-07-23,Patna,East
9997,2025-07-09,Bhopal,Central
9998,2025-03-31,Patna,East
9999,2025-05-21,Bangalore,South
10000,2025-02-20,Mumbai,West
10001,2025-07-02,Chennai,South
10002,2025-07-06,Delhi,North
10003,2025-04-30,Hyderabad,South
10004,2025-08-02,Lucknow,North
10005,2025-10-05,Mumbai,West
10006,2025-09-07,Patna,East
10007,2025-07-08,Mumbai,West
10008,2025-04-18,Jaipur,North
10009,2025-08-26,Pune,West
10010,2025-11-10,Kolkata,East
10011,2025-04-08,Patna,East
10012,2025-02-20,Pune,West
10013,2025-04-17,Indore,Central
10014,2025-06-20,Chennai,South
10015,2025-10-23,Pune,West
10016,2025-06-16,Hyderabad,South
10017,2025-06-11,Chennai,South
10018,2025-05-02,Chennai,South
10019,2025-05-27,Bangalore,South
10020,2025-10-06,Hyderabad,South
10021,2025-03-25,Hyderabad,South
10022,2025-10-13,Bangalore,South
10023,2025-05-13,Chandigarh,North
10024,2025-04-17,Hyderabad,South
10025,2025-06-11,Jaipur,North
10026,2025-10-21,Bangalore,South
10027,2025-03-23,Bhopal,Central
10028,2025-04-11,Bhopal,Central
10029,2025-06-19,Ahmedabad,West
10030,2025-11-27,Jaipur,North
10031,2025-05-09,Hyderabad,South
10032,2025-08-12,Nagpur,Central
10033,2025-06-15,Chandigarh,North
10034,2025-10-21,Patna,East
10035,2025-01-22,Jaipur,North
10036,2025-06-22,Bangalore,South
10037,2025-03-24,Patna,East
10038,2025-10-01,Mumbai,West
10039,2025-04-18,Lucknow,North
10040,2025-05-29,Hyderabad,South
10041,2025-03-15,Indore,Central
10042,2025-03-23,Mumbai,West
10043,2025-02-02,Chennai,South
10044,2025-01-10,Pune,West
10045,2025-08-19,Kolkata,East
10046,2025-10-18,Jaipur,North
10047,2025-10-21,Delhi,North
10048,2025-10-06,Bangalore,South
10049,2025-10-21,Lucknow,North
10050,2025-06-30,Chandigarh,North
10051,2025-06-04,Nagpur,Central
10052,2025-08-04,Chennai,South
10053,2025-08-14,Nagpur,Central
10054,2025-08-25,Delhi,North
10055,2025-10-18,Pune,West
10056,2025-07-07,Bangalore,South
10057,2025-11-03,Mumbai,West
10058,2025-07-24,Jaipur,North
10059,2025-10-11,Pune,West
10060,2025-01-28,Bangalore,South
10061,2025-02-11,Hyderabad,South
10062,2025-03-26,Delhi,North
10063,2025-02-23,Kolkata,East
10064,2025-01-18,Hyderabad,South
10065,2025-11-01,Hyderabad,South
10066,2025-08-07,Kolkata,East
10067,2025-10-06,Pune,West
10068,2025-04-25,Jaipur,North
10069,2025-06-24,Lucknow,North
10070,2025-04-28,Nagpur,Central
10071,2025-11-03,Patna,East
10072,2025-06-12,Nagpur,Central
10073,2025-05-07,Jaipur,North
10074,2025-03-25,Chennai,South
10075,2025-06-19,Indore,Central
10076,2025-05-26,Delhi,North
10077,2025-04-04,Chennai,South
10078,2025-05-09,Chennai,South
10079,2025-02-14,Chennai,South
10080,2025-03-05,Patna,East
10081,2025-10-21,Ahmedabad,West
10082,2025-03-26,Lucknow,North
10083,2025-08-29,Pune,West
10084,2025-07-14,Bangalore,South
10085,2025-01-30,Chennai,South
10086,2025-07-19,Lucknow,North
10087,2025-07-14,Ahmedabad,West
10088,2025-11-11,Hyderabad,South
10089,2025-05-10,Pune,West
10090,2025-03-24,Hyderabad,South
10091,2025-06-09,Chennai,South
10092,2025-02-02,Delhi,North
10093,2025-04-29,Delhi,North
10094,2025-03-29,Indore,Central
10095,2025-08-24,Indore,Central
10096,2025-04-27,Mumbai,West
10097,2025-09-04,Pune,West
10098,2025-05-14,Lucknow,North
10099,2025-08-20,Mumbai,West
10100,2025-02-15,Delhi,North
10101,2025-04-06,Bhopal,Central
10102,2025-02-21,Lucknow,North
10103,2025-11-22,Bhopal,Central
10104,2025-01-30,Delhi,North
10105,2025-02-24,Jaipur,North
10106,2025-10-27,Hyderabad,South
10107,2025-08-15,Mumbai,West
10108,2025-05-20,Ahmedabad,West
10109,2025-08-31,Chennai,South
10110,2025-06-05,Hyderabad,South
10111,2025-03-25,Mumbai,West
10112,2025-07-03,Bangalore,South
10113,2025-11-16,Ahmedabad,West
10114,2025-03-29,Chennai,South
10115,2025-06-30,Chennai,South
10116,2025-08-25,Mumbai,West
10117,2025-04-30,Bangalore,South
10118,2025-10-07,Lucknow,North
10119,2025-09-20,Hyderabad,South
10120,2025-03-23,Kolkata,East
10121,2025-11-28,Hyderabad,South
10122,2025-07-13,Delhi,North
10123,2025-09-06,Indore,Central
10124,2025-06-13,Jaipur,North
10125,2025-04-26,Mumbai,West
10126,2025-05-30,Bhopal,Central
10127,2025-11-10,Mumbai,West
10128,2025-10-09,Patna,East
10129,2025-04-18,Pune,West
10130,2025-09-02,Jaipur,North
10131,2025-11-08,Chandigarh,North
10132,2025-01-15,Delhi,North
10133,2025-10-19,Pune,West
10134,2025-09-23,Chennai,South
10135,2025-11-16,Bangalore,South
10136,2025-12-09,Delhi,North
10137,2025-11-24,Bangalore,South
10138,2025-09-01,Lucknow,North
10139,2025-03-09,Kolkata,East
10140,2025-05-08,Pune,West
10141,2025-11-28,Bangalore,South
10142,2025-04-21,Mumbai,West
10143,2025-03-17,Chandigarh,North
10144,2025-07-23,Chennai,South
10145,2025-06-29,Ahmedabad,West
10146,2025-05-10,Lucknow,North
10147,2025-11-11,Lucknow,North
10148,2025-07-08,Jaipur,North
10149,2025-06-28,Bhopal,Central
10150,2025-10-12,Delhi,North
10151,2025-04-08,Chandigarh,North
10152,2025-04-11,Chennai,South
10153,2025-06-15,Chennai,South
10154,2025-10-17,Delhi,North
10155,2025-05-26,Pune,West
10156,2025-01-23,Hyderabad,South
10157,2025-05-27,Mumbai,West
10158,2025-02-10,Chennai,South
10159,2025-10-05,Nagpur,Central
10160,2025-05-14,Bhopal,Central
10161,2025-07-25,Ahmedabad,West
10162,2025-03-10,Jaipur,North
10163,2025-07-02,Delhi,North
10164,2025-01-30,Hyderabad,South
10165,2025-05-12,Nagpur,Central
10166,2025-08-25,Delhi,North
10167,2025-07-19,Chennai,South
10168,2025-07-10,Bangalore,South
10169,2025-06-27,Delhi,North
10170,2025-04-12,Mumbai,West
10171,2025-09-09,Kolkata,East
10172,2025-10-04,Bangalore,South
10173,2025-02-13,Jaipur,North
10174,2025-08-06,Chennai,South
10175,2025-07-11,Mumbai,West
10176,2025-11-01,Bangalore,South
10177,2025-04-17,Kolkata,East
10178,2025-02-18,Hyderabad,South
10179,2025-07-02,Ahmedabad,West
10180,2025-06-12,Lucknow,North
10181,2025-05-04,Jaipur,North
10182,2025-11-21,Hyderabad,South
10183,2025-07-12,Mumbai,West
10184,2025-06-26,Bangalore,South
10185,2025-04-26,Ahmedabad,West
10186,2025-11-02,Delhi,North
10187,2025-05-02,Indore,Central
10188,2025-10-20,Patna,East
10189,2025-08-23,Delhi,North
10190,2025-03-26,Hyderabad,South
10191,2025-02-15,Lucknow,North
10192,2025-05-02,Bangalore,South
10193,2025-07-26,Delhi,North
10194,2025-07-13,Patna,East
10195,2025-02-27,Chennai,South
10196,2025-09-07,Nagpur,Central
10197,2025-11-17,Jaipur,North
10198,2025-09-01,Lucknow,North
10199,2025-05-03,Hyderabad,South
10200,2025-08-13,Bangalore,South
10201,2025-04-14,Lucknow,North
10202,2025-06-09,Hyderabad,South
10203,2025-10-26,Mumbai,West
10204,2025-06-14,Chennai,South
10205,2025-06-19,Bangalore,South
10206,2025-01-25,Bangalore,South
10207,2025-08-04,Ahmedabad,West
10208,2025-02-20,Chennai,South
10209,2025-09-28,Hyderabad,South
10210,2025-08-28,Pune,West
10211,2025-07-25,Indore,Central
10212,2025-05-30,Bangalore,South
10213,2025-04-26,Chennai,South
10214,2025-06-30,Pune,West
10215,2025-07-26,Bhopal,Central
10216,2025-06-22,Lucknow,North
10217,2025-07-10,Ahmedabad,West
10218,2025-05-03,Chennai,South
10219,2025-01-30,Ahmedabad,West
10220,2025-03-31,Hyderabad,South
10221,2025-10-12,Lucknow,North
10222,2025-07-30,Jaipur,North
10223,2025-07-15,Indore,Central
10224,2025-10-13,Delhi,North
10225,2025-02-09,Delhi,North
10226,2025-12-14,Ahmedabad,West
10227,2025-11-19,Pune,West
10228,2025-05-20,Jaipur,North
10229,2025-03-07,Chennai,South
10230,2025-11-05,Mumbai,West
10231,2025-11-25,Ahmedabad,West
10232,2025-07-01,Hyderabad,South
10233,2025-04-24,Nagpur,Central
10234,2025-04-08,Delhi,North
10235,2025-07-28,Pune,West
10236,2025-11-14,Pune,West
10237,2025-04-09,Jaipur,North
10238,2025-07-21,Hyderabad,South
10239,2025-09-20,Indore,Central
10240,2025-11-07,Mumbai,West
10241,2025-06-22,Pune,West
10242,2025-10-26,Chennai,South
10243,2025-03-29,Bangalore,South
10244,2025-06-13,Chennai,South
10245,2025-10-26,Hyderabad,South
10246,2025-08-01,Indore,Central
10247,2025-03-24,Hyderabad,South
10248,2025-07-23,Ahmedabad,West
10249,2025-11-28,Patna,East
10250,2025-07-01,Mumbai,West
10251,2025-02-02,Ahmedabad,West
10252,2025-08-20,Hyderabad,South
10253,2025-03-03,Hyderabad,South
10254,2025-08-06,Bangalore,South
10255,2025-05-02,Chandigarh,North
10256,2025-04-03,Delhi,North
10257,2025-05-06,Lucknow,North
10258,2025-01-08,Pune,West
10259,2025-03-13,Nagpur,Central
10260,2025-05-07,Hyderabad,South
10261,2025-05-16,Jaipur,North
10262,2025-04-04,Lucknow,North
10263,2025-05-09,Jaipur,North
10264,2025-11-16,Patna,East
10265,2025-07-27,Patna,East
10266,2025-07-26,Mumbai,West
10267,2025-07-11,Mumbai,West
10268,2025-05-22,Mumbai,West
10269,2025-10-11,Hyderabad,South
10270,2025-06-24,Chennai,South
10271,2025-11-24,Delhi,North
10272,2025-06-08,Mumbai,West
10273,2025-06-03,Chandigarh,North
10274,2025-07-22,Chennai,South
10275,2025-08-15,Chandigarh,North
10276,2025-09-04,Hyderabad,South
10277,2025-10-23,Jaipur,North
10278,2025-02-09,Patna,East
10279,2025-06-21,Chennai,South
10280,2025-04-25,Delhi,North
10281,2025-05-26,Hyderabad,South
10282,2025-05-13,Hyderabad,South
10283,2025-11-24,Nagpur,Central
10284,2025-10-12,Bhopal,Central
10285,2025-04-29,Chennai,South
10286,2025-03-30,Delhi,North
10287,2025-06-14,Mumbai,West
10288,2025-03-21,Bangalore,South
10289,2025-04-02,Pune,West
10290,2025-09-03,Chennai,South
10291,2025-02-04,Ahmedabad,West
10292,2025-06-07,Hyderabad,South
10293,2025-09-08,Mumbai,West
10294,2025-06-30,Lucknow,North
10295,2025-08-16,Chennai,South
10296,2025-10-13,Chandigarh,North
10297,2025-11-07,Chandigarh,North
10298,2025-06-18,Hyderabad,South
10299,2025-05-18,Mumbai,West
10300,2025-05-29,Chandigarh,North
10301,2025-04-28,Chandigarh,North
10302,2025-03-27,Chandigarh,North
10303,2025-06-05,Mumbai,West
10304,2025-02-25,Indore,Central
10305,2026-01-06,Mumbai,West
10306,2025-03-10,Ahmedabad,West
10307,2025-04-24,Chandigarh,North
10308,2025-07-12,Delhi,North
10309,2025-10-20,Patna,East
10310,2025-09-05,Chennai,South
10311,2025-07-25,Nagpur,Central
10312,2025-12-04,Bangalore,South
10313,2025-11-10,Patna,East
10314,2025-11-20,Mumbai,West
10315,2025-02-23,Ahmedabad,West
10316,2025-06-17,Kolkata,East
10317,2025-06-17,Delhi,North
10318,2025-02-15,Delhi,North
10319,2025-04-13,Pune,West
10320,2025-05-05,Chennai,South
10321,2025-10-03,Jaipur,North
10322,2025-08-25,Mumbai,West
10323,2025-03-25,Patna,East
10324,2025-04-30,Mumbai,West
10325,2025-06-13,Chennai,South
10326,2025-04-15,Bangalore,South
10327,2025-05-21,Bangalore,South
10328,2025-05-23,Chennai,South
10329,2025-08-22,Delhi,North
10330,2025-08-08,Nagpur,Central
10331,2025-04-02,Pune,West
10332,2025-10-12,Ahmedabad,West
10333,2025-10-02,Bangalore,South
10334,2025-05-27,Pune,West
10335,2025-06-24,Chennai,South
10336,2025-05-01,Jaipur,North
10337,2025-04-10,Chennai,South
10338,2025-06-28,Hyderabad,South
10339,2025-06-02,Delhi,North
10340,2025-06-09,Chandigarh,North
10341,2025-06-25,Hyderabad,South
10342,2025-03-06,Jaipur,North
10343,2025-11-26,Chennai,South
10344,2025-06-04,Jaipur,North
10345,2025-07-21,Chandigarh,North
10346,2025-05-04,Chennai,South
10347,2025-06-10,Chennai,South
10348,2025-03-25,Indore,Central
10349,2025-05-07,Pune,West
10350,2025-04-09,Mumbai,West
10351,2025-06-20,Ahmedabad,West
10352,2025-08-02,Pune,West
10353,2025-10-18,Delhi,North
10354,2025-07-03,Indore,Central
10355,2025-10-12,Bangalore,South
10356,2025-05-11,Delhi,North
10357,2025-02-07,Ahmedabad,West
10358,2025-04-16,Chennai,South
10359,2025-07-22,Chennai,South
10360,2025-11-21,Ahmedabad,West
10361,2025-07-16,Chandigarh,North
10362,2025-05-20,Bhopal,Central
10363,2025-04-06,Bhopal,Central
10364,2025-05-16,Indore,Central
10365,2025-05-08,Chennai,South
10366,2025-03-05,Hyderabad,South
10367,2025-11-23,Patna,East
10368,2025-05-09,Chennai,South
10369,2025-11-12,Jaipur,North
10370,2025-11-16,Jaipur,North
10371,2025-07-19,Hyderabad,South
10372,2025-06-16,Indore,Central
10373,2025-11-09,Lucknow,North
10374,2025-10-19,Hyderabad,South
10375,2025-03-01,Patna,East
10376,2025-06-03,Bangalore,South
10377,2025-11-21,Hyderabad,South
10378,2025-11-22,Ahmedabad,West
10379,2025-05-10,Chandigarh,North
10380,2025-04-13,Ahmedabad,West
10381,2025-10-18,Pune,West
10382,2025-04-27,Jaipur,North
10383,2025-03-18,Delhi,North
10384,2025-04-26,Bhopal,Central
10385,2025-07-06,Chandigarh,North
10386,2025-02-12,Chennai,South
10387,2025-06-26,Chennai,South
10388,2025-10-19,Indore,Central
10389,2025-07-25,Nagpur,Central
10390,2025-03-05,Indore,Central
10391,2025-02-08,Bhopal,Central
10392,2025-11-25,Lucknow,North
10393,2025-03-13,Lucknow,North
10394,2025-11-13,Pune,West
10395,2025-11-21,Chennai,South
10396,2025-07-21,Ahmedabad,West
10397,2025-04-11,Pune,West
10398,2025-01-26,Jaipur,North
10399,2025-05-31,Pune,West
10400,2025-04-18,Chennai,South
10401,2025-06-16,Mumbai,West
10402,2025-09-11,Chennai,South
10403,2025-09-25,Hyderabad,South
10404,2025-10-15,Mumbai,West
10405,2025-11-26,Bhopal,Central
10406,2025-07-10,Mumbai,West
10407,2025-03-13,Bangalore,South
10408,2025-04-15,Jaipur,North
10409,2025-11-22,Jaipur,North
10410,2025-08-18,Delhi,North
10411,2025-07-23,Ahmedabad,West
10412,2025-10-30,Jaipur,North
10413,2025-04-03,Mumbai,West
10414,2025-09-27,Mumbai,West
10415,2025-11-23,Nagpur,Central
10416,2025-08-02,Indore,Central
10417,2025-12-05,Lucknow,North
10418,2025-10-16,Mumbai,West
10419,2025-08-26,Mumbai,West
10420,2025-02-06,Ahmedabad,West
10421,2025-05-11,Chennai,South
10422,2025-11-01,Bangalore,South
10423,2025-11-04,Kolkata,East
10424,2025-11-12,Hyderabad,South
10425,2025-05-07,Pune,West
10426,2025-10-25,Chandigarh,North
10427,2025-10-13,Bangalore,South
10428,2025-03-07,Chandigarh,North
10429,2025-02-09,Bangalore,South
10430,2025-04-02,Chandigarh,North
10431,2025-11-23,Bangalore,South
10432,2025-10-31,Chennai,South
10433,2025-05-02,Pune,West
10434,2025-07-07,Mumbai,West
10435,2025-08-08,Indore,Central
10436,2025-04-24,Bangalore,South
10437,2025-03-17,Hyderabad,South
10438,2025-11-19,Ahmedabad,West
10439,2025-04-23,Bangalore,South
10440,2025-10-04,Chennai,South
10441,2025-08-04,Kolkata,East
10442,2025-03-13,Kolkata,East
10443,2025-06-02,Nagpur,Central
10444,2025-07-02,Nagpur,Central
10445,2025-02-21,Chennai,South
10446,2025-08-09,Ahmedabad,West
10447,2025-11-16,Bangalore,South
10448,2025-02-16,Pune,West
10449,2025-05-05,Chennai,South
10450,2025-08-24,Indore,Central
10451,2025-05-01,Ahmedabad,West
10452,2025-07-22,Indore,Central
10453,2025-02-13,Nagpur,Central
10454,2025-03-05,Chandigarh,North
10455,2025-03-21,Bhopal,Central
10456,2025-10-09,Mumbai,West
10457,2025-01-16,Bangalore,South
10458,2025-09-02,Delhi,North
10459,2025-07-15,Chennai,South
10460,2025-08-18,Lucknow,North
10461,2025-10-20,Lucknow,North
10462,2025-11-07,Ahmedabad,West
10463,2025-11-28,Nagpur,Central
10464,2025-08-09,Bhopal,Central
10465,2025-10-09,Hyderabad,South
10466,2025-04-21,Chennai,South
10467,2025-04-18,Bangalore,South
10468,2025-03-03,Bangalore,South
10469,2025-08-25,Lucknow,North
10470,2025-09-20,Kolkata,East
10471,2025-03-09,Ahmedabad,West
10472,2025-08-15,Bhopal,Central
10473,2025-04-07,Patna,East
10474,2025-11-22,Bangalore,South
10475,2025-06-29,Lucknow,North
10476,2025-02-02,Bangalore,South
10477,2025-04-10,Mumbai,West
10478,2025-03-25,Mumbai,West
10479,2025-06-09,Mumbai,West
10480,2025-10-22,Delhi,North
10481,2025-11-22,Mumbai,West
10482,2025-08-04,Ahmedabad,West
10483,2025-08-04,Kolkata,East
10484,2025-04-03,Mumbai,West
10485,2025-05-21,Mumbai,West
10486,2025-05-21,Bhopal,Central
10487,2025-02-20,Chennai,South
10488,2025-12-15,Nagpur,Central
10489,2025-10-28,Pune,West
10490,2025-12-14,Hyderabad,South
10491,2025-07-22,Chennai,South
10492,2025-04-10,Delhi,North
10493,2025-08-18,Hyderabad,South
10494,2025-04-04,Hyderabad,South
10495,2025-09-29,Kolkata,East
10496,2025-06-19,Chennai,South
10497,2025-07-20,Pune,West
10498,2025-03-25,Lucknow,North
10499,2025-11-14,Mumbai,West
10500,2025-08-18,Chennai,South
10501,2025-10-22,Delhi,North
10502,2025-10-26,Mumbai,West
10503,2025-04-08,Lucknow,North
10504,2025-10-11,Chennai,South
10505,2025-06-30,Jaipur,North
10506,2025-05-12,Delhi,North
10507,2025-10-19,Chennai,South
10508,2025-01-16,Kolkata,East
10509,2025-08-07,Pune,West
10510,2025-05-21,Chennai,South
10511,2025-09-17,Hyderabad,South
10512,2025-01-24,Ahmedabad,West
10513,2025-03-16,Chennai,South
10514,2025-11-27,Delhi,North
10515,2025-05-21,Ahmedabad,West
10516,2025-07-22,Mumbai,West
10517,2025-04-03,Jaipur,North
10518,2025-05-31,Ahmedabad,West
10519,2025-08-10,Kolkata,East
10520,2025-02-28,Jaipur,North
10521,2025-04-17,Pune,West
10522,2025-03-15,Lucknow,North
10523,2025-11-09,Nagpur,Central
10524,2025-04-16,Hyderabad,South
10525,2025-10-26,Delhi,North
10526,2025-06-02,Jaipur,North
10527,2025-03-04,Pune,West
10528,2025-01-16,Bangalore,South
10529,2025-03-03,Indore,Central
10530,2025-01-25,Chennai,South
10531,2025-06-13,Pune,West
10532,2025-05-02,Jaipur,North
10533,2025-10-22,Bhopal,Central
10534,2025-07-23,Hyderabad,South
10535,2025-10-23,Jaipur,North
10536,2025-02-17,Bangalore,South
10537,2025-06-09,Delhi,North
10538,2025-08-22,Mumbai,West
10539,2025-05-25,Kolkata,East
10540,2025-04-20,Hyderabad,South
10541,2025-11-28,Delhi,North
10542,2025-04-14,Jaipur,North
10543,2025-11-22,Kolkata,East
10544,2025-10-03,Pune,West
10545,2025-03-17,Nagpur,Central
10546,2025-09-03,Chennai,South
10547,2025-11-09,Nagpur,Central
10548,2025-05-16,Patna,East
10549,2025-06-19,Bangalore,South
10550,2025-11-06,Mumbai,West
10551,2025-03-02,Chennai,South
10552,2025-03-01,Hyderabad,South
10553,2025-10-17,Jaipur,North
10554,2025-06-13,Jaipur,North
10555,2025-07-30,Jaipur,North
10556,2025-03-27,Pune,West
10557,2025-09-09,Mumbai,West
10558,2025-09-04,Bhopal,Central
10559,2025-06-11,Delhi,North
10560,2025-11-22,Nagpur,Central
10561,2025-05-28,Bangalore,South
10562,2025-06-04,Patna,East
10563,2025-07-25,Mumbai,West
10564,2025-07-30,Hyderabad,South
10565,2025-06-06,Hyderabad,South
10566,2025-11-01,Ahmedabad,West
10567,2025-05-16,Patna,East
10568,2025-05-14,Chennai,South
10569,2025-01-07,Chandigarh,North
10570,2025-11-06,Ahmedabad,West
10571,2025-07-27,Lucknow,North
10572,2025-03-10,Patna,East
10573,2025-11-18,Hyderabad,South
10574,2025-11-04,Mumbai,West
10575,2025-06-22,Indore,Central
10576,2025-07-25,Bhopal,Central
10577,2025-04-11,Indore,Central
10578,2025-04-02,Nagpur,Central
10579,2025-07-30,Hyderabad,South
10580,2025-11-21,Bhopal,Central
10581,2025-04-21,Bangalore,South
10582,2025-09-25,Bhopal,Central
10583,2025-04-17,Hyderabad,South
10584,2025-10-08,Ahmedabad,West
10585,2025-10-13,Kolkata,East
10586,2025-10-20,Bangalore,South
10587,2025-09-03,Mumbai,West
10588,2025-09-05,Nagpur,Central
10589,2025-05-17,Nagpur,Central
10590,2025-10-24,Delhi,North
10591,2025-10-03,Ahmedabad,West
10592,2025-06-09,Jaipur,North
10593,2025-06-13,Hyderabad,South
10594,2025-01-30,Mumbai,West
10595,2025-07-15,Bhopal,Central
10596,2025-07-27,Ahmedabad,West
10597,2025-10-23,Pune,West
10598,2025-07-09,Ahmedabad,West
10599,2025-06-24,Bangalore,South
10600,2025-10-24,Mumbai,West
10601,2025-05-10,Delhi,North
10602,2025-10-02,Hyderabad,South
10603,2025-11-18,Lucknow,North
10604,2025-11-15,Bhopal,Central
10605,2025-05-24,Mumbai,West
10606,2025-09-01,Delhi,North
10607,2025-11-08,Ahmedabad,West
10608,2025-10-21,Nagpur,Central
10609,2025-06-20,Jaipur,North
10610,2025-11-03,Patna,East
10611,2025-07-04,Lucknow,North
10612,2025-03-12,Lucknow,North
10613,2025-10-05,Chennai,South
10614,2025-11-19,Hyderabad,South
10615,2025-02-27,Delhi,North
10616,2025-06-21,Jaipur,North
10617,2025-07-16,Nagpur,Central
10618,2025-07-21,Chandigarh,North
10619,2025-03-26,Hyderabad,South
10620,2025-03-06,Delhi,North
10621,2025-10-07,Mumbai,West
10622,2025-04-27,Mumbai,West
10623,2025-03-19,Pune,West
10624,2025-08-02,Indore,Central
10625,2025-06-19,Indore,Central
10626,2025-05-04,Jaipur,North
10627,2025-10-25,Chandigarh,North
10628,2025-02-23,Pune,West
10629,2025-11-12,Delhi,North
10630,2025-08-01,Pune,West
10631,2025-05-20,Jaipur,North
10632,2025-07-26,Lucknow,North
10633,2025-11-11,Chennai,South
10634,2025-10-07,Mumbai,West
10635,2025-03-12,Hyderabad,South
10636,2025-02-24,Nagpur,Central
10637,2025-03-26,Bangalore,South
10638,2025-05-25,Jaipur,North
10639,2025-10-24,Lucknow,North
10640,2025-10-26,Mumbai,West
10641,2025-05-01,Lucknow,North
10642,2025-10-07,Indore,Central
10643,2025-11-12,Chennai,South
10644,2025-04-18,Indore,Central
10645,2025-02-25,Chennai,South
10646,2025-04-26,Delhi,North
10647,2025-04-30,Indore,Central
10648,2025-10-11,Bhopal,Central
10649,2025-05-07,Patna,East
10650,2025-04-30,Jaipur,North
10651,2025-09-26,Indore,Central
10652,2025-08-24,Nagpur,Central
10653,2025-03-10,Indore,Central
10654,2025-03-30,Lucknow,North
10655,2025-03-18,Mumbai,West
10656,2025-11-14,Chandigarh,North
10657,2025-04-02,Chennai,South
10658,2025-10-12,Ahmedabad,West
10659,2025-07-31,Delhi,North
10660,2025-04-13,Kolkata,East
10661,2025-11-01,Delhi,North
10662,2025-02-22,Delhi,North
10663,2025-02-15,Patna,East
10664,2025-06-23,Delhi,North
10665,2025-09-07,Lucknow,North
10666,2025-10-24,Mumbai,West
10667,2025-08-21,Bangalore,South
10668,2025-02-19,Delhi,North
10669,2026-01-12,Ahmedabad,West
10670,2025-08-01,Hyderabad,South
10671,2025-04-18,Patna,East
10672,2025-11-25,Chennai,South
10673,2025-03-08,Delhi,North
10674,2025-08-22,Mumbai,West
10675,2025-10-08,Mumbai,West
10676,2025-10-29,Lucknow,North
10677,2025-11-09,Nagpur,Central
10678,2025-09-14,Kolkata,East
10679,2025-08-17,Bangalore,South
10680,2025-05-11,Delhi,North
10681,2025-05-29,Delhi,North
10682,2025-10-10,Bhopal,Central
10683,2025-09-11,Hyderabad,South
10684,2025-05-27,Lucknow,North
10685,2025-08-01,Mumbai,West
10686,2025-09-11,Chennai,South
10687,2025-03-12,Hyderabad,South
10688,2025-05-02,Mumbai,West
10689,2025-04-08,Jaipur,North
10690,2025-07-27,Mumbai,West
10691,2025-08-14,Jaipur,North
10692,2025-11-24,Bangalore,South
10693,2025-05-25,Bhopal,Central
10694,2025-02-19,Bangalore,South
10695,2025-09-11,Nagpur,Central
10696,2025-03-18,Indore,Central
10697,2025-04-03,Bhopal,Central
10698,2025-02-17,Mumbai,West
10699,2025-06-23,Ahmedabad,West
10700,2025-10-29,Mumbai,West
10701,2025-05-14,Mumbai,West
10702,2025-06-16,Mumbai,West
10703,2025-10-05,Bangalore,South
10704,2025-01-31,Indore,Central
10705,2025-11-23,Bangalore,South
10706,2025-05-17,Lucknow,North
10707,2025-09-24,Jaipur,North
10708,2025-10-04,Kolkata,East
10709,2025-04-17,Pune,West
10710,2025-08-14,Hyderabad,South
10711,2025-03-05,Ahmedabad,West
10712,2025-06-25,Bangalore,South
10713,2025-08-14,Nagpur,Central
10714,2025-05-09,Jaipur,North
10715,2025-10-15,Bhopal,Central
10716,2025-04-18,Bangalore,South
10717,2025-07-02,Mumbai,West
10718,2025-08-09,Mumbai,West
10719,2025-06-03,Mumbai,West
10720,2025-04-30,Chennai,South
10721,2025-06-02,Ahmedabad,West
10722,2025-06-23,Bangalore,South
10723,2025-06-08,Jaipur,North
10724,2025-10-02,Bhopal,Central
10725,2025-04-21,Kolkata,East
10726,2025-04-09,Chennai,South
10727,2025-04-16,Chennai,South
10728,2025-12-20,Bangalore,South
10729,2025-02-17,Delhi,North
10730,2025-03-12,Jaipur,North
10731,2025-09-17,Delhi,North
10732,2025-04-04,Chandigarh,North
10733,2025-03-05,Lucknow,North
10734,2025-01-14,Pune,West
10735,2025-07-12,Mumbai,West
10736,2025-11-22,Delhi,North
10737,2025-04-07,Kolkata,East
10738,2025-05-21,Mumbai,West
10739,2025-09-21,Mumbai,West
10740,2025-05-02,Chennai,South
10741,2025-03-24,Delhi,North
10742,2025-08-07,Ahmedabad,West
10743,2025-10-29,Hyderabad,South
10744,2025-01-21,Pune,West
10745,2025-04-16,Mumbai,West
10746,2025-05-10,Kolkata,East
10747,2025-02-05,Chandigarh,North
10748,2025-06-07,Bhopal,Central
10749,2025-06-06,Bangalore,South
10750,2025-05-05,Hyderabad,South
10751,2025-07-13,Delhi,North
10752,2025-03-10,Kolkata,East
10753,2025-06-01,Ahmedabad,West
10754,2025-04-05,Pune,West
10755,2025-04-29,Delhi,North
10756,2025-09-06,Ahmedabad,West
10757,2025-09-19,Hyderabad,South
10758,2025-05-08,Kolkata,East
10759,2025-11-26,Bangalore,South
10760,2025-05-02,Kolkata,East
10761,2025-11-15,Bangalore,South
10762,2025-08-01,Bangalore,South
10763,2025-08-19,Lucknow,North
10764,2025-08-22,Mumbai,West
10765,2025-10-19,Lucknow,North
10766,2025-06-07,Pune,West
10767,2025-07-11,Lucknow,North
10768,2025-10-16,Hyderabad,South
10769,2025-01-15,Chennai,South
10770,2025-11-03,Kolkata,East
10771,2025-06-20,Mumbai,West
10772,2025-11-25,Ahmedabad,West
10773,2025-05-25,Chennai,South
10774,2025-08-14,Bangalore,South
10775,2025-11-06,Delhi,North
10776,2025-10-14,Bangalore,South
10777,2025-06-18,Mumbai,West
10778,2025-06-18,Kolkata,East
10779,2025-03-20,Pune,West
10780,2025-03-09,Delhi,North
10781,2025-10-22,Nagpur,Central
10782,2025-12-19,Lucknow,North
10783,2025-08-26,Chandigarh,North
10784,2025-07-13,Kolkata,East
10785,2025-05-08,Pune,West
10786,2025-02-26,Delhi,North
10787,2025-05-13,Hyderabad,South
10788,2025-08-07,Chennai,South
10789,2025-11-27,Lucknow,North
10790,2025-04-16,Chennai,South
10791,2025-11-19,Lucknow,North
10792,2025-02-07,Hyderabad,South
10793,2025-11-22,Chandigarh,North
10794,2025-07-10,Bangalore,South
10795,2025-06-16,Delhi,North
10796,2025-07-01,Delhi,North
10797,2025-05-02,Mumbai,West
10798,2025-11-15,Delhi,North
10799,2025-10-04,Kolkata,East
10800,2025-06-03,Delhi,North
10801,2025-06-28,Chennai,South
10802,2025-03-19,Patna,East
10803,2025-11-08,Chennai,South
10804,2025-07-10,Nagpur,Central
10805,2025-10-17,Chandigarh,North
10806,2025-11-28,Chennai,South
10807,2025-04-05,Bangalore,South
10808,2025-02-14,Bangalore,South
10809,2025-06-09,Ahmedabad,West
10810,2025-02-12,Jaipur,North
10811,2025-03-29,Jaipur,North
10812,2025-03-24,Kolkata,East
10813,2025-02-16,Mumbai,West
10814,2025-07-14,Indore,Central
10815,2025-10-09,Ahmedabad,West
10816,2025-11-10,Pune,West
10817,2025-09-17,Chandigarh,North
10818,2025-07-07,Ahmedabad,West
10819,2025-10-15,Bangalore,South
10820,2025-05-17,Mumbai,West
10821,2025-05-08,Delhi,North
10822,2025-03-23,Bangalore,South
10823,2025-10-31,Indore,Central
10824,2025-11-18,Bangalore,South
10825,2025-07-27,Pune,West
10826,2025-06-10,Ahmedabad,West
10827,2025-05-18,Delhi,North
10828,2025-08-15,Chandigarh,North
10829,2025-07-21,Patna,East
10830,2025-04-02,Pune,West
10831,2025-04-11,Bangalore,South
10832,2025-06-14,Chennai,South
10833,2025-10-06,Bangalore,South
10834,2025-10-16,Bangalore,South
10835,2025-10-20,Pune,West
10836,2025-05-13,Chandigarh,North
10837,2025-06-27,Jaipur,North
10838,2025-04-02,Indore,Central
10839,2025-11-09,Lucknow,North
10840,2025-02-25,Chennai,South
10841,2025-09-01,Bhopal,Central
10842,2025-04-01,Bangalore,South
10843,2025-08-07,Patna,East
10844,2025-04-02,Mumbai,West
10845,2025-03-26,Bangalore,South
10846,2025-03-25,Indore,Central
10847,2025-07-02,Jaipur,North
10848,2025-01-23,Indore,Central
10849,2025-06-02,Bhopal,Central
10850,2025-04-16,Mumbai,West
10851,2025-07-09,Kolkata,East
10852,2025-10-26,Chennai,South
10853,2025-02-25,Pune,West
10854,2025-03-30,Lucknow,North
10855,2025-05-01,Bangalore,South
10856,2025-04-13,Kolkata,East
10857,2025-11-10,Kolkata,East
10858,2025-08-04,Delhi,North
10859,2025-09-07,Nagpur,Central
10860,2025-04-02,Ahmedabad,West
10861,2025-02-23,Bhopal,Central
10862,2025-04-28,Bangalore,South
10863,2025-04-04,Delhi,North
10864,2025-02-09,Kolkata,East
10865,2025-10-23,Hyderabad,South
10866,2025-11-10,Indore,Central
10867,2025-03-02,Hyderabad,South
10868,2025-10-05,Ahmedabad,West
10869,2025-07-27,Lucknow,North
10870,2025-04-25,Bangalore,South
10871,2025-02-17,Delhi,North
10872,2025-11-12,Lucknow,North
10873,2025-03-03,Pune,West
10874,2025-08-23,Hyderabad,South
10875,2025-11-17,Indore,Central
10876,2025-06-25,Hyderabad,South
10877,2025-10-02,Delhi,North
10878,2025-03-05,Ahmedabad,West
10879,2025-05-05,Delhi,North
10880,2025-07-29,Chandigarh,North
10881,2025-04-24,Hyderabad,South
10882,2025-09-14,Delhi,North
10883,2025-05-17,Bangalore,South
10884,2025-04-20,Pune,West
10885,2025-04-14,Jaipur,North
10886,2025-10-22,Ahmedabad,West
10887,2025-04-27,Delhi,North
10888,2025-03-19,Hyderabad,South
10889,2025-03-18,Chandigarh,North
10890,2025-04-27,Delhi,North
10891,2025-10-28,Patna,East
10892,2025-05-28,Delhi,North
10893,2025-11-10,Patna,East
10894,2025-03-03,Hyderabad,South
10895,2025-07-15,Ahmedabad,West
10896,2025-05-23,Hyderabad,South
10897,2025-05-29,Hyderabad,South
10898,2025-05-13,Mumbai,West
10899,2025-05-04,Chennai,South
10900,2025-06-02,Delhi,North
10901,2025-10-23,Pune,West
10902,2025-07-14,Kolkata,East
10903,2025-06-27,Pune,West
10904,2025-04-22,Lucknow,North
10905,2025-10-26,Lucknow,North
10906,2025-11-11,Mumbai,West
10907,2025-08-01,Mumbai,West
10908,2025-08-15,Mumbai,West
10909,2025-04-08,Patna,East
10910,2025-05-15,Delhi,North
10911,2025-11-17,Delhi,North
10912,2025-01-27,Pune,West
10913,2025-05-03,Bangalore,South
10914,2025-09-23,Indore,Central
10915,2025-10-24,Chandigarh,North
10916,2025-11-16,Mumbai,West
10917,2025-09-28,Mumbai,West
10918,2025-11-07,Mumbai,West
10919,2025-07-07,Kolkata,East
10920,2025-10-12,Bangalore,South
10921,2025-10-02,Pune,West
10922,2025-10-18,Ahmedabad,West
10923,2025-03-31,Delhi,North
10924,2025-12-02,Hyderabad,South
10925,2025-07-20,Kolkata,East
10926,2025-02-09,Hyderabad,South
10927,2025-03-07,Indore,Central
10928,2025-07-19,Bangalore,South
10929,2025-11-19,Jaipur,North
10930,2025-05-26,Nagpur,Central
10931,2025-11-19,Indore,Central
10932,2025-02-26,Delhi,North
10933,2025-10-11,Mumbai,West
10934,2025-04-03,Kolkata,East
10935,2025-06-06,Bangalore,South
10936,2025-05-11,Chennai,South
10937,2025-07-21,Patna,East
10938,2025-08-22,Mumbai,West
10939,2025-10-26,Mumbai,West
10940,2025-03-09,Mumbai,West
10941,2025-09-25,Kolkata,East
10942,2025-03-22,Jaipur,North
10943,2025-10-26,Mumbai,West
10944,2025-04-21,Chennai,South
10945,2025-07-23,Hyderabad,South
10946,2025-02-28,Ahmedabad,West
10947,2025-05-15,Mumbai,West
10948,2025-11-06,Indore,Central
10949,2025-03-05,Mumbai,West
10950,2025-04-17,Indore,Central
10951,2025-03-23,Hyderabad,South
10952,2025-06-27,Lucknow,North
10953,2025-10-12,Delhi,North
10954,2025-04-14,Bangalore,South
10955,2025-09-14,Bhopal,Central
10956,2025-02-10,Indore,Central
10957,2025-06-26,Hyderabad,South
10958,2025-11-24,Pune,West
10959,2025-04-07,Lucknow,North
10960,2025-05-05,Indore,Central
10961,2025-07-23,Mumbai,West
10962,2025-06-08,Ahmedabad,West
10963,2025-04-14,Mumbai,West
10964,2025-11-10,Bangalore,South
10965,2025-11-07,Bhopal,Central
10966,2025-11-22,Mumbai,West
10967,2025-04-08,Chennai,South
10968,2025-07-10,Jaipur,North
10969,2025-07-17,Pune,West
10970,2025-04-11,Bangalore,South
10971,2025-11-12,Mumbai,West
10972,2025-07-26,Patna,East
10973,2025-07-12,Chennai,South
10974,2025-04-25,Ahmedabad,West
10975,2025-07-02,Ahmedabad,West
10976,2025-03-10,Hyderabad,South
10977,2025-01-26,Chandigarh,North
10978,2025-05-19,Jaipur,North
10979,2025-03-06,Chennai,South
10980,2025-04-04,Ahmedabad,West
10981,2025-05-03,Lucknow,North
10982,2025-07-30,Ahmedabad,West
10983,2025-03-06,Bhopal,Central
10984,2025-06-17,Chennai,South
10985,2025-03-22,Bangalore,South
10986,2025-12-29,Bangalore,South
10987,2025-07-27,Mumbai,West
10988,2025-11-19,Bangalore,South
10989,2025-06-09,Nagpur,Central
10990,2025-05-13,Jaipur,North
10991,2025-04-14,Jaipur,North
10992,2025-05-22,Pune,West
10993,2025-07-31,Patna,East
10994,2025-10-14,Delhi,North
10995,2025-08-28,Indore,Central
10996,2025-04-21,Bangalore,South
10997,2025-02-17,Indore,Central
10998,2025-10-13,Lucknow,North
10999,2025-07-06,Hyderabad,South
11000,2025-07-28,Lucknow,North
11001,2025-06-30,Pune,West
11002,2025-11-09,Mumbai,West
11003,2025-05-17,Kolkata,East
11004,2025-10-27,Hyderabad,South
11005,2025-08-12,Bangalore,South
11006,2025-05-22,Indore,Central
11007,2025-09-13,Pune,West
11008,2025-04-17,Bhopal,Central
11009,2025-11-27,Ahmedabad,West
11010,2025-07-12,Delhi,North
11011,2025-10-22,Lucknow,North
11012,2025-03-06,Jaipur,North
11013,2025-05-07,Bhopal,Central
11014,2025-10-25,Hyderabad,South
11015,2025-04-28,Nagpur,Central
11016,2025-09-24,Nagpur,Central
11017,2025-05-12,Lucknow,North
11018,2025-03-24,Chandigarh,North
11019,2025-03-17,Bangalore,South
11020,2025-06-04,Indore,Central
11021,2025-03-18,Ahmedabad,West
11022,2025-08-06,Hyderabad,South
11023,2025-05-13,Nagpur,Central
11024,2025-09-21,Chennai,South
11025,2025-05-08,Hyderabad,South
11026,2025-10-03,Kolkata,East
11027,2025-10-07,Chennai,South
11028,2025-03-11,Hyderabad,South
11029,2025-02-15,Chandigarh,North
11030,2025-02-15,Chennai,South
11031,2025-03-15,Delhi,North
11032,2025-09-08,Hyderabad,South
11033,2025-10-27,Mumbai,West
11034,2025-03-12,Kolkata,East
11035,2025-07-23,Lucknow,North
11036,2025-07-06,Chandigarh,North
11037,2025-03-05,Kolkata,East
11038,2025-07-16,Delhi,North
11039,2025-08-19,Patna,East
11040,2025-05-19,Ahmedabad,West
11041,2025-07-15,Jaipur,North
11042,2025-10-06,Pune,West
11043,2025-10-19,Indore,Central
11044,2025-05-13,Pune,West
11045,2025-03-05,Bangalore,South
11046,2025-07-31,Kolkata,East
11047,2025-10-24,Hyderabad,South
11048,2025-07-05,Delhi,North
11049,2025-03-19,Mumbai,West
11050,2025-06-03,Mumbai,West
11051,2025-06-14,Bangalore,South
11052,2025-10-05,Bangalore,South
11053,2025-06-14,Ahmedabad,West
11054,2025-10-23,Bhopal,Central
11055,2025-09-14,Nagpur,Central
11056,2025-11-27,Delhi,North
11057,2025-04-05,Kolkata,East
11058,2025-11-10,Nagpur,Central
11059,2025-11-08,Delhi,North
11060,2025-11-07,Ahmedabad,West
11061,2025-07-19,Ahmedabad,West
11062,2025-08-04,Mumbai,West
11063,2025-09-20,Indore,Central
11064,2025-11-06,Patna,East
11065,2025-08-20,Delhi,North
11066,2025-11-20,Hyderabad,South
11067,2025-10-24,Mumbai,West
11068,2025-05-29,Hyderabad,South
11069,2025-11-06,Jaipur,North
11070,2025-04-12,Pune,West
11071,2025-01-31,Mumbai,West
11072,2025-06-29,Chandigarh,North
11073,2025-08-28,Mumbai,West
11074,2025-02-21,Hyderabad,South
11075,2025-06-15,Chennai,South
11076,2025-07-29,Ahmedabad,West
11077,2025-04-17,Mumbai,West
11078,2025-09-11,Delhi,North
11079,2025-09-15,Bangalore,South
11080,2025-05-11,Indore,Central
11081,2025-07-20,Patna,East
11082,2025-03-24,Delhi,North
11083,2025-02-10,Mumbai,West
11084,2025-05-12,Pune,West
11085,2025-11-18,Kolkata,East
11086,2025-08-10,Hyderabad,South
11087,2025-03-04,Indore,Central
11088,2025-10-08,Ahmedabad,West
11089,2025-01-29,Hyderabad,South
11090,2025-03-13,Ahmedabad,West
11091,2025-05-07,Chandigarh,North
11092,2025-11-23,Jaipur,North
11093,2025-03-25,Hyderabad,South
11094,2025-02-21,Hyderabad,South
11095,2025-08-13,Bangalore,South
11096,2025-10-14,Hyderabad,South
11097,2025-09-01,Pune,West
11098,2025-02-21,Bhopal,Central
11099,2025-11-09,Pune,West
11100,2025-11-07,Indore,Central
11101,2025-09-28,Mumbai,West
11102,2025-03-21,Patna,East
11103,2025-10-12,Kolkata,East
11104,2025-10-13,Delhi,North
11105,2025-10-27,Kolkata,East
11106,2025-10-27,Delhi,North
11107,2025-10-12,Pune,West
11108,2025-03-30,Lucknow,North
11109,2025-03-25,Hyderabad,South
11110,2025-02-27,Lucknow,North
11111,2025-11-21,Kolkata,East
11112,2025-10-07,Bangalore,South
11113,2025-10-05,Chennai,South
11114,2025-09-03,Chennai,South
11115,2025-06-20,Jaipur,North
11116,2025-11-28,Indore,Central
11117,2025-05-17,Nagpur,Central
11118,2025-02-19,Ahmedabad,West
11119,2025-10-12,Jaipur,North
11120,2025-08-09,Mumbai,West
11121,2025-05-20,Kolkata,East
11122,2025-10-17,Hyderabad,South
11123,2025-04-27,Delhi,North
11124,2025-11-25,Ahmedabad,West
11125,2025-06-04,Hyderabad,South
11126,2025-10-09,Kolkata,East
11127,2025-06-17,Patna,East
11128,2025-07-05,Delhi,North
11129,2025-06-24,Hyderabad,South
11130,2025-06-02,Indore,Central
11131,2025-05-08,Kolkata,East
11132,2025-11-15,Chennai,South
11133,2025-08-31,Mumbai,West
11134,2025-08-08,Lucknow,North
11135,2025-07-12,Lucknow,North
11136,2025-05-07,Bangalore,South
11137,2025-05-28,Hyderabad,South
11138,2025-11-07,Nagpur,Central
11139,2025-06-05,Ahmedabad,West
11140,2025-06-06,Patna,East
11141,2025-11-28,Jaipur,North
11142,2025-04-10,Nagpur,Central
11143,2025-08-13,Delhi,North
11144,2025-04-23,Jaipur,North
11145,2025-03-24,Mumbai,West
11146,2025-07-05,Pune,West
11147,2025-03-24,Mumbai,West
11148,2025-10-09,Bangalore,South
11149,2025-10-07,Chandigarh,North
11150,2025-11-04,Bhopal,Central
11151,2025-10-21,Mumbai,West
11152,2025-10-22,Ahmedabad,West
11153,2025-05-16,Bangalore,South
11154,2026-01-01,Delhi,North
11155,2025-05-13,Chandigarh,North
11156,2025-04-26,Mumbai,West
11157,2025-03-28,Patna,East
11158,2025-09-27,Delhi,North
11159,2025-10-15,Kolkata,East
11160,2025-04-07,Pune,West
11161,2025-10-10,Bangalore,South
11162,2025-11-20,Delhi,North
11163,2025-06-14,Chandigarh,North
11164,2025-06-16,Ahmedabad,West
11165,2025-07-03,Mumbai,West
11166,2025-08-10,Ahmedabad,West
11167,2025-03-19,Bangalore,South
11168,2025-08-01,Mumbai,West
11169,2025-07-06,Chennai,South
11170,2025-12-18,Chennai,South
11171,2025-10-12,Patna,East
11172,2025-06-28,Kolkata,East
11173,2025-04-12,Nagpur,Central
11174,2025-06-15,Pune,West
11175,2025-07-01,Patna,East
11176,2025-05-27,Jaipur,North
11177,2025-04-08,Pune,West
11178,2025-10-10,Bhopal,Central
11179,2025-09-29,Pune,West
11180,2025-03-11,Bangalore,South
11181,2025-10-24,Jaipur,North
11182,2025-05-16,Nagpur,Central
11183,2025-10-18,Kolkata,East
11184,2025-02-11,Ahmedabad,West
11185,2025-11-22,Jaipur,North
11186,2025-10-18,Nagpur,Central
11187,2025-05-16,Bangalore,South
11188,2025-12-16,Ahmedabad,West
11189,2025-09-09,Mumbai,West
11190,2025-07-26,Jaipur,North
11191,2025-02-28,Lucknow,North
11192,2025-11-14,Chennai,South
11193,2025-07-09,Mumbai,West
11194,2025-11-21,Kolkata,East
11195,2025-11-11,Delhi,North
11196,2025-07-03,Mumbai,West
11197,2025-09-08,Chandigarh,North
11198,2025-02-13,Hyderabad,South
11199,2025-11-06,Hyderabad,South
11200,2025-03-17,Chandigarh,North
11201,2025-10-23,Mumbai,West
11202,2025-03-16,Bangalore,South
11203,2025-05-21,Ahmedabad,West
11204,2025-08-08,Ahmedabad,West
11205,2025-03-26,Nagpur,Central
11206,2025-11-15,Patna,East
11207,2025-10-15,Pune,West
11208,2025-05-06,Delhi,North
11209,2025-03-26,Delhi,North
11210,2025-10-24,Delhi,North
11211,2025-02-01,Delhi,North
11212,2025-07-17,Kolkata,East
11213,2025-07-07,Kolkata,East
11214,2025-03-13,Chennai,South
11215,2025-06-28,Chandigarh,North
11216,2025-06-28,Bangalore,South
11217,2025-05-08,Hyderabad,South
11218,2025-07-08,Ahmedabad,West
11219,2025-02-22,Bangalore,South
11220,2025-07-12,Bangalore,South
11221,2025-06-02,Bangalore,South
11222,2025-11-12,Chennai,South
11223,2025-03-30,Lucknow,North
11224,2025-05-01,Patna,East
11225,2025-06-03,Hyderabad,South
11226,2025-09-17,Delhi,North
11227,2025-11-16,Ahmedabad,West
11228,2025-05-31,Chandigarh,North
11229,2025-11-13,Chennai,South
11230,2025-08-29,Mumbai,West
11231,2025-04-11,Ahmedabad,West
11232,2025-03-13,Kolkata,East
11233,2025-11-25,Hyderabad,South
11234,2025-05-05,Pune,West
11235,2025-11-10,Mumbai,West
11236,2025-03-10,Ahmedabad,West
11237,2025-11-27,Jaipur,North
11238,2025-08-06,Chandigarh,North
11239,2025-08-15,Mumbai,West
11240,2025-06-14,Hyderabad,South
11241,2025-09-28,Mumbai,West
11242,2025-06-13,Nagpur,Central
11243,2025-03-07,Bangalore,South
11244,2025-11-09,Delhi,North
11245,2025-06-04,Bangalore,South
11246,2025-09-08,Ahmedabad,West
11247,2025-10-05,Mumbai,West
11248,2025-06-29,Bangalore,South
11249,2025-04-26,Chennai,South
11250,2025-10-27,Bhopal,Central
11251,2025-08-29,Jaipur,North
11252,2025-02-03,Pune,West
11253,2025-05-24,Patna,East
11254,2025-09-01,Indore,Central
11255,2025-04-07,Hyderabad,South
11256,2025-06-02,Bhopal,Central
11257,2025-10-04,Hyderabad,South
11258,2025-03-09,Bangalore,South
11259,2025-05-07,Nagpur,Central
11260,2025-08-18,Delhi,North
11261,2025-10-29,Mumbai,West
11262,2025-11-04,Chennai,South
11263,2025-06-29,Lucknow,North
11264,2025-02-14,Mumbai,West
11265,2025-03-26,Jaipur,North
11266,2025-10-05,Bhopal,Central
11267,2025-08-14,Lucknow,North
11268,2025-11-27,Hyderabad,South
11269,2026-01-02,Chandigarh,North
11270,2025-06-14,Delhi,North
11271,2025-03-20,Hyderabad,South
11272,2025-04-17,Bangalore,South
11273,2025-09-20,Kolkata,East
11274,2025-06-15,Chennai,South
11275,2025-03-09,Bangalore,South
11276,2025-10-08,Bangalore,South
11277,2025-10-19,Mumbai,West
11278,2025-03-24,Lucknow,North
11279,2025-06-22,Chandigarh,North
11280,2025-05-22,Lucknow,North
11281,2025-05-28,Bangalore,South
11282,2025-07-19,Mumbai,West
11283,2025-03-03,Chandigarh,North
11284,2025-10-01,Mumbai,West
11285,2025-09-27,Indore,Central
11286,2025-05-26,Chennai,South
11287,2025-08-08,Patna,East
11288,2025-08-29,Delhi,North
11289,2025-01-22,Mumbai,West
11290,2025-10-19,Jaipur,North
11291,2025-10-11,Lucknow,North
11292,2025-11-20,Delhi,North
11293,2025-03-29,Kolkata,East
11294,2025-02-28,Lucknow,North
11295,2025-12-03,Mumbai,West
11296,2025-05-06,Delhi,North
11297,2025-02-17,Hyderabad,South
11298,2025-07-15,Hyderabad,South
11299,2025-04-28,Pune,West
11300,2025-05-23,Bangalore,South
11301,2025-06-02,Hyderabad,South
11302,2025-04-27,Hyderabad,South
11303,2025-06-04,Kolkata,East
11304,2025-03-08,Hyderabad,South
11305,2025-07-05,Mumbai,West
11306,2025-03-17,Mumbai,West
11307,2025-10-17,Indore,Central
11308,2025-03-31,Mumbai,West
11309,2025-03-16,Lucknow,North
11310,2025-10-15,Hyderabad,South
11311,2025-08-08,Delhi,North
11312,2025-04-10,Lucknow,North
11313,2025-10-05,Bangalore,South
11314,2025-05-28,Patna,East
11315,2025-11-02,Bhopal,Central
11316,2025-05-10,Jaipur,North
11317,2025-06-05,Kolkata,East
11318,2025-05-17,Hyderabad,South
11319,2025-06-08,Delhi,North
11320,2025-03-10,Nagpur,Central
11321,2025-10-22,Pune,West
11322,2025-02-16,Jaipur,North
11323,2025-05-09,Hyderabad,South
11324,2025-11-04,Mumbai,West
11325,2025-07-26,Chandigarh,North
11326,2025-04-01,Delhi,North
11327,2025-10-11,Hyderabad,South
11328,2025-11-14,Delhi,North
11329,2025-10-28,Indore,Central
11330,2025-10-16,Bangalore,South
11331,2025-04-25,Chandigarh,North
11332,2025-03-18,Mumbai,West
11333,2025-08-10,Chandigarh,North
11334,2025-06-07,Lucknow,North
11335,2025-11-26,Mumbai,West
11336,2025-10-11,Jaipur,North
11337,2025-11-20,Hyderabad,South
11338,2025-05-10,Hyderabad,South
11339,2025-03-06,Indore,Central
11340,2025-05-14,Mumbai,West
11341,2025-10-17,Delhi,North
11342,2025-03-11,Mumbai,West
11343,2025-10-06,Hyderabad,South
11344,2025-03-31,Bhopal,Central
11345,2025-02-17,Bangalore,South
11346,2025-02-28,Indore,Central
11347,2025-06-26,Patna,East
11348,2025-05-15,Delhi,North
11349,2025-07-15,Mumbai,West
11350,2025-07-22,Bhopal,Central
11351,2025-03-19,Hyderabad,South
11352,2025-07-28,Mumbai,West
11353,2025-07-17,Bangalore,South
11354,2025-09-25,Lucknow,North
11355,2025-10-27,Lucknow,North
11356,2025-01-20,Chennai,South
11357,2025-10-23,Delhi,North
11358,2025-11-21,Bhopal,Central
11359,2025-04-26,Ahmedabad,West
11360,2025-11-26,Pune,West
11361,2025-10-22,Pune,West
11362,2025-01-14,Hyderabad,South
11363,2025-10-01,Jaipur,North
11364,2025-05-10,Bangalore,South
11365,2025-03-31,Delhi,North
11366,2025-04-27,Ahmedabad,West
11367,2025-05-12,Bangalore,South
11368,2025-07-09,Nagpur,Central
11369,2025-09-12,Hyderabad,South
11370,2025-10-16,Nagpur,Central
11371,2025-04-06,Chandigarh,North
11372,2025-04-03,Delhi,North
11373,2025-06-08,Lucknow,North
11374,2025-06-25,Bangalore,South
11375,2025-06-16,Chandigarh,North
11376,2025-07-04,Hyderabad,South
11377,2025-07-08,Pune,West
11378,2025-01-27,Chennai,South
11379,2025-05-27,Chennai,South
11380,2025-02-21,Delhi,North
11381,2025-04-06,Mumbai,West
11382,2025-04-18,Kolkata,East
11383,2025-01-28,Kolkata,East
11384,2025-05-12,Ahmedabad,West
11385,2025-07-08,Bangalore,South
11386,2025-06-05,Bangalore,South
11387,2025-10-07,Mumbai,West
11388,2025-07-15,Indore,Central
11389,2025-09-21,Nagpur,Central
11390,2025-10-10,Delhi,North
11391,2025-11-03,Hyderabad,South
11392,2025-06-17,Bangalore,South
11393,2025-07-24,Pune,West
11394,2025-04-29,Lucknow,North
11395,2025-10-10,Jaipur,North
11396,2025-09-12,Chennai,South
11397,2025-11-14,Pune,West
11398,2025-11-26,Lucknow,North
11399,2025-11-15,Delhi,North
11400,2025-11-17,Lucknow,North
11401,2025-06-30,Chennai,South
11402,2025-10-09,Mumbai,West
11403,2025-07-12,Patna,East
11404,2025-03-12,Delhi,North
11405,2025-08-29,Indore,Central
11406,2025-02-20,Lucknow,North
11407,2025-05-17,Chennai,South
11408,2025-08-27,Ahmedabad,West
11409,2025-11-22,Kolkata,East
11410,2025-06-07,Hyderabad,South
11411,2025-06-05,Delhi,North
11412,2025-03-09,Bangalore,South
11413,2025-07-02,Delhi,North
11414,2025-08-20,Delhi,North
11415,2026-01-06,Chennai,South
11416,2025-04-10,Mumbai,West
11417,2025-10-20,Bhopal,Central
11418,2025-03-26,Bangalore,South
11419,2025-06-16,Pune,West
11420,2025-03-11,Jaipur,North
11421,2025-07-12,Jaipur,North
11422,2025-09-08,Chennai,South
11423,2025-10-08,Patna,East
11424,2025-09-03,Lucknow,North
11425,2025-08-09,Nagpur,Central
11426,2025-05-02,Hyderabad,South
11427,2025-03-16,Hyderabad,South
11428,2025-08-03,Jaipur,North
11429,2025-11-10,Bangalore,South
11430,2025-11-01,Chennai,South
11431,2025-05-03,Hyderabad,South
11432,2025-06-17,Kolkata,East
11433,2025-05-08,Bhopal,Central
11434,2025-10-19,Mumbai,West
11435,2025-05-27,Indore,Central
11436,2025-10-07,Lucknow,North
11437,2025-03-13,Hyderabad,South
11438,2025-06-20,Bhopal,Central
11439,2025-05-26,Indore,Central
11440,2025-01-22,Kolkata,East
11441,2025-10-03,Chennai,South
11442,2025-11-21,Ahmedabad,West
11443,2025-08-30,Chennai,South
11444,2025-07-28,Hyderabad,South
11445,2025-11-08,Hyderabad,South
11446,2025-11-18,Bhopal,Central
11447,2025-08-30,Nagpur,Central
11448,2025-04-20,Bangalore,South
11449,2025-11-10,Chennai,South
11450,2025-07-26,Patna,East
11451,2025-09-10,Mumbai,West
11452,2025-06-17,Pune,West
11453,2025-04-11,Mumbai,West
11454,2025-02-04,Mumbai,West
11455,2025-05-19,Chandigarh,North
11456,2025-04-01,Hyderabad,South
11457,2025-01-24,Mumbai,West
11458,2025-10-10,Hyderabad,South
11459,2025-07-27,Chandigarh,North
11460,2025-10-21,Chandigarh,North
11461,2025-04-14,Mumbai,West
11462,2025-09-25,Hyderabad,South
11463,2025-10-15,Kolkata,East
11464,2025-03-09,Chennai,South
11465,2025-10-15,Pune,West
11466,2025-03-03,Bangalore,South
11467,2025-03-31,Hyderabad,South
11468,2025-01-25,Ahmedabad,West
11469,2025-09-04,Delhi,North
11470,2025-04-25,Nagpur,Central
11471,2025-09-16,Chennai,South
11472,2025-06-21,Hyderabad,South
11473,2025-08-28,Patna,East
11474,2025-05-24,Delhi,North
11475,2025-04-04,Lucknow,North
11476,2025-04-12,Mumbai,West
11477,2025-10-15,Jaipur,North
11478,2025-11-27,Lucknow,North
11479,2025-10-09,Hyderabad,South
11480,2025-08-12,Nagpur,Central
11481,2025-10-09,Pune,West
11482,2025-01-29,Bangalore,South
11483,2025-11-11,Ahmedabad,West
11484,2025-07-21,Kolkata,East
11485,2025-03-10,Bangalore,South
11486,2025-07-16,Bangalore,South
11487,2025-08-21,Bangalore,South
11488,2025-05-04,Bangalore,South
11489,2025-09-19,Lucknow,North
11490,2025-07-17,Delhi,North
11491,2025-02-15,Patna,East
11492,2025-04-16,Hyderabad,South
11493,2025-04-19,Mumbai,West
11494,2025-07-20,Pune,West
11495,2025-10-16,Pune,West
11496,2025-06-23,Ahmedabad,West
11497,2025-10-24,Bangalore,South
11498,2025-07-16,Chennai,South
11499,2025-08-06,Chennai,South
11500,2025-10-10,Bhopal,Central
11501,2025-06-09,Bangalore,South
11502,2025-06-28,Indore,Central
11503,2025-05-22,Kolkata,East
11504,2025-09-15,Hyderabad,South
11505,2025-08-28,Ahmedabad,West
11506,2025-06-05,Chandigarh,North
11507,2025-08-27,Nagpur,Central
11508,2025-03-30,Delhi,North
11509,2025-05-22,Chennai,South
11510,2025-03-17,Hyderabad,South
11511,2025-04-23,Mumbai,West
11512,2025-08-02,Kolkata,East
11513,2025-11-07,Nagpur,Central
11514,2025-04-23,Delhi,North
11515,2025-05-24,Lucknow,North
11516,2025-06-27,Ahmedabad,West
11517,2025-05-02,Hyderabad,South
11518,2025-11-23,Bangalore,South
11519,2025-06-27,Kolkata,East
11520,2025-12-09,Indore,Central
11521,2025-11-28,Lucknow,North
11522,2025-03-25,Delhi,North
11523,2025-04-04,Mumbai,West
11524,2025-07-31,Delhi,North
11525,2025-07-04,Kolkata,East
11526,2025-06-10,Pune,West
11527,2025-08-01,Chennai,South
11528,2025-09-12,Nagpur,Central
11529,2025-03-17,Jaipur,North
11530,2025-07-03,Kolkata,East
11531,2025-10-08,Indore,Central
11532,2025-05-11,Bangalore,South
11533,2025-07-24,Indore,Central
11534,2025-11-20,Mumbai,West
11535,2025-08-13,Mumbai,West
11536,2025-05-20,Patna,East
11537,2025-01-03,Nagpur,Central
11538,2025-09-09,Pune,West
11539,2025-04-27,Kolkata,East
11540,2025-10-27,Ahmedabad,West
11541,2025-07-14,Patna,East
11542,2025-03-29,Chennai,South
11543,2025-10-13,Chandigarh,North
11544,2025-10-13,Mumbai,West
11545,2025-06-06,Chennai,South
11546,2025-08-19,Hyderabad,South
11547,2025-03-06,Pune,West
11548,2025-02-02,Indore,Central
11549,2025-04-24,Lucknow,North
11550,2025-09-20,Bhopal,Central
11551,2025-09-07,Delhi,North
11552,2025-08-18,Ahmedabad,West
11553,2025-08-21,Indore,Central
11554,2025-04-26,Jaipur,North
11555,2025-03-18,Ahmedabad,West
11556,2025-11-22,Kolkata,East
11557,2025-08-23,Indore,Central
11558,2025-03-03,Nagpur,Central
11559,2025-03-21,Bangalore,South
11560,2025-10-20,Patna,East
11561,2025-04-08,Bangalore,South
11562,2025-05-07,Mumbai,West
11563,2025-10-24,Indore,Central
11564,2025-05-29,Mumbai,West
11565,2025-06-07,Chandigarh,North
11566,2025-12-04,Mumbai,West
11567,2025-08-15,Mumbai,West
11568,2025-11-05,Hyderabad,South
11569,2025-05-09,Chennai,South
11570,2025-06-19,Pune,West
11571,2025-10-20,Mumbai,West
11572,2025-07-08,Delhi,North
11573,2025-04-12,Bangalore,South
11574,2025-10-22,Bangalore,South
11575,2025-10-22,Ahmedabad,West
11576,2025-05-29,Mumbai,West
11577,2025-11-14,Pune,West
11578,2025-10-28,Nagpur,Central
11579,2025-09-06,Jaipur,North
11580,2025-11-26,Indore,Central
11581,2025-10-03,Hyderabad,South
11582,2025-09-29,Mumbai,West
11583,2025-03-26,Nagpur,Central
11584,2025-05-29,Pune,West
11585,2025-10-28,Lucknow,North
11586,2025-06-04,Pune,West
11587,2025-10-21,Hyderabad,South
11588,2025-04-09,Mumbai,West
11589,2025-02-05,Ahmedabad,West
11590,2025-05-21,Lucknow,North
11591,2025-03-12,Hyderabad,South
11592,2025-03-05,Bhopal,Central
11593,2025-09-07,Hyderabad,South
11594,2025-10-13,Delhi,North
11595,2025-04-21,Indore,Central
11596,2025-07-11,Jaipur,North
11597,2025-02-23,Pune,West
11598,2025-04-25,Delhi,North
11599,2025-04-06,Chennai,South
11600,2025-10-03,Kolkata,East
11601,2025-11-17,Mumbai,West
11602,2025-11-21,Patna,East
11603,2025-03-25,Bhopal,Central
11604,2025-04-07,Bhopal,Central
11605,2025-06-20,Hyderabad,South
11606,2025-02-10,Kolkata,East
11607,2025-06-20,Chennai,South
11608,2025-02-16,Chennai,South
11609,2025-10-05,Mumbai,West
11610,2025-04-28,Delhi,North
11611,2025-04-23,Chandigarh,North
11612,2025-08-09,Bangalore,South
11613,2025-10-01,Mumbai,West
11614,2025-02-16,Indore,Central
11615,2025-03-19,Chennai,South
11616,2025-04-14,Pune,West
11617,2025-02-10,Chennai,South
11618,2025-05-06,Mumbai,West
11619,2025-11-03,Chandigarh,North
11620,2025-09-20,Chennai,South
11621,2025-05-19,Ahmedabad,West
11622,2025-04-20,Delhi,North
11623,2025-03-01,Bangalore,South
11624,2025-11-09,Mumbai,West
11625,2025-07-07,Delhi,North
11626,2025-03-01,Mumbai,West
11627,2025-05-24,Jaipur,North
11628,2025-08-25,Delhi,North
11629,2025-06-03,Delhi,North
11630,2025-10-28,Mumbai,West
11631,2025-06-04,Indore,Central
11632,2025-03-09,Bhopal,Central
11633,2025-02-13,Jaipur,North
11634,2025-07-01,Nagpur,Central
11635,2025-09-23,Delhi,North
11636,2025-02-24,Mumbai,West
11637,2025-10-23,Jaipur,North
11638,2025-04-14,Kolkata,East
11639,2025-04-02,Bangalore,South
11640,2025-11-05,Hyderabad,South
11641,2025-07-10,Nagpur,Central
11642,2025-01-30,Nagpur,Central
11643,2025-12-01,Chennai,South
11644,2025-02-14,Lucknow,North
11645,2025-02-13,Delhi,North
11646,2025-09-26,Bangalore,South
11647,2025-11-20,Delhi,North
11648,2025-08-20,Delhi,North
11649,2025-04-05,Bangalore,South
11650,2025-12-04,Nagpur,Central
11651,2025-07-29,Mumbai,West
11652,2025-08-19,Kolkata,East
11653,2025-06-27,Chennai,South
11654,2025-04-23,Bangalore,South
11655,2025-05-15,Indore,Central
11656,2025-03-08,Ahmedabad,West
11657,2025-06-09,Nagpur,Central
11658,2025-01-31,Nagpur,Central
11659,2025-11-03,Hyderabad,South
11660,2025-03-12,Hyderabad,South
11661,2025-02-08,Chandigarh,North
11662,2025-03-11,Bhopal,Central
11663,2025-05-22,Jaipur,North
11664,2025-02-16,Kolkata,East
11665,2025-05-30,Pune,West
11666,2025-03-16,Chennai,South
11667,2025-04-20,Lucknow,North
11668,2025-10-03,Nagpur,Central
11669,2025-05-10,Ahmedabad,West
11670,2025-04-18,Chennai,South
11671,2025-04-27,Bangalore,South
11672,2025-04-26,Bangalore,South
11673,2025-10-11,Mumbai,West
11674,2025-08-28,Nagpur,Central
11675,2025-02-09,Delhi,North
11676,2025-04-27,Mumbai,West
11677,2025-05-16,Chennai,South
11678,2025-04-28,Jaipur,North
11679,2025-04-27,Kolkata,East
11680,2025-04-25,Hyderabad,South
11681,2025-11-23,Bangalore,South
11682,2025-05-22,Chennai,South
11683,2025-07-23,Kolkata,East
11684,2025-03-25,Bangalore,South
11685,2025-04-13,Nagpur,Central
11686,2025-11-19,Mumbai,West
11687,2025-10-01,Mumbai,West
11688,2025-04-30,Ahmedabad,West
11689,2025-09-19,Bangalore,South
11690,2025-07-18,Lucknow,North
11691,2025-05-22,Delhi,North
11692,2025-11-06,Jaipur,North
11693,2025-07-10,Ahmedabad,West
11694,2025-10-27,Patna,East
11695,2025-02-01,Delhi,North
11696,2025-10-07,Bangalore,South
11697,2025-01-21,Bangalore,South
11698,2025-07-07,Indore,Central
11699,2025-09-01,Bhopal,Central
11700,2025-11-12,Mumbai,West
11701,2025-01-30,Mumbai,West
11702,2025-02-12,Bangalore,South
11703,2025-07-01,Mumbai,West
11704,2025-10-05,Bangalore,South
11705,2025-02-17,Delhi,North
11706,2025-08-18,Lucknow,North
11707,2025-03-02,Chandigarh,North
11708,2025-08-23,Bhopal,Central
11709,2025-06-04,Delhi,North
11710,2025-08-22,Kolkata,East
11711,2025-04-20,Patna,East
11712,2025-04-26,Hyderabad,South
11713,2025-07-31,Jaipur,North
11714,2025-10-09,Chennai,South
11715,2025-10-02,Delhi,North
11716,2025-08-18,Chennai,South
11717,2025-10-16,Delhi,North
11718,2025-08-03,Pune,West
11719,2025-06-09,Chennai,South
11720,2025-04-25,Bangalore,South
11721,2025-03-18,Chennai,South
11722,2025-07-23,Patna,East
11723,2025-11-08,Chennai,South
11724,2025-11-13,Lucknow,North
11725,2025-08-31,Lucknow,North
11726,2025-09-09,Bangalore,South
11727,2025-03-24,Bangalore,South
11728,2025-11-18,Ahmedabad,West
11729,2025-05-15,Delhi,North
11730,2025-04-13,Mumbai,West
11731,2025-12-12,Lucknow,North
11732,2025-10-18,Hyderabad,South
11733,2025-11-08,Mumbai,West
11734,2025-10-19,Bangalore,South
11735,2025-03-01,Hyderabad,South
11736,2025-05-03,Pune,West
11737,2025-04-03,Pune,West
11738,2025-08-19,Lucknow,North
11739,2025-08-17,Ahmedabad,West
11740,2025-04-09,Chennai,South
11741,2025-07-17,Bangalore,South
11742,2025-03-18,Chennai,South
11743,2025-01-24,Hyderabad,South
11744,2025-11-22,Indore,Central
11745,2025-02-16,Chandigarh,North
11746,2025-02-26,Mumbai,West
11747,2025-11-08,Bangalore,South
11748,2025-05-27,Mumbai,West
11749,2025-08-05,Chennai,South
11750,2025-08-05,Mumbai,West
11751,2025-12-27,Lucknow,North
11752,2025-10-23,Bhopal,Central
11753,2025-11-05,Ahmedabad,West
11754,2025-11-28,Hyderabad,South
11755,2025-11-05,Mumbai,West
11756,2025-05-13,Kolkata,East
11757,2025-10-27,Chandigarh,North
11758,2025-04-28,Patna,East
11759,2025-10-20,Bhopal,Central
11760,2025-08-03,Pune,West
11761,2025-06-20,Pune,West
11762,2025-04-26,Hyderabad,South
11763,2025-08-09,Pune,West
11764,2025-01-20,Hyderabad,South
11765,2025-04-19,Bangalore,South
11766,2025-11-12,Jaipur,North
11767,2025-09-14,Bangalore,South
11768,2025-03-24,Bangalore,South
11769,2025-11-03,Hyderabad,South
11770,2025-10-20,Mumbai,West
11771,2025-07-24,Chennai,South
11772,2025-11-24,Bangalore,South
11773,2025-06-28,Hyderabad,South
11774,2025-11-06,Chennai,South
11775,2025-09-30,Patna,East
11776,2025-10-14,Hyderabad,South
11777,2025-11-05,Bangalore,South
11778,2025-11-02,Lucknow,North
11779,2025-10-01,Nagpur,Central
11780,2025-06-03,Pune,West
11781,2025-11-22,Bangalore,South
11782,2025-11-07,Kolkata,East
11783,2025-02-16,Pune,West
11784,2025-01-23,Pune,West
11785,2025-05-19,Ahmedabad,West
11786,2025-11-25,Patna,East
11787,2025-03-28,Patna,East
11788,2025-09-12,Ahmedabad,West
11789,2025-01-24,Mumbai,West
11790,2025-01-27,Jaipur,North
11791,2025-11-23,Nagpur,Central
11792,2025-05-08,Delhi,North
11793,2025-11-20,Indore,Central
11794,2025-07-18,Mumbai,West
11795,2025-04-03,Delhi,North
11796,2025-08-26,Bhopal,Central
11797,2025-03-04,Chennai,South
11798,2025-03-07,Mumbai,West
11799,2025-04-09,Mumbai,West
11800,2025-09-09,Bangalore,South
11801,2025-04-26,Mumbai,West
11802,2025-07-27,Mumbai,West
11803,2025-03-13,Mumbai,West
11804,2025-08-11,Bhopal,Central
11805,2025-07-16,Patna,East
11806,2025-08-29,Bangalore,South
11807,2025-02-18,Jaipur,North
11808,2025-11-10,Chennai,South
11809,2025-07-09,Hyderabad,South
11810,2025-02-24,Bangalore,South
11811,2025-11-24,Indore,Central
11812,2025-02-23,Indore,Central
11813,2025-07-22,Chennai,South
11814,2025-05-05,Hyderabad,South
11815,2025-04-05,Mumbai,West
11816,2025-05-01,Ahmedabad,West
11817,2025-02-18,Jaipur,North
11818,2025-02-16,Delhi,North
11819,2025-09-29,Kolkata,East
11820,2025-05-27,Hyderabad,South
11821,2025-10-11,Nagpur,Central
11822,2025-10-16,Pune,West
11823,2025-07-06,Chennai,South
11824,2025-07-03,Kolkata,East
11825,2025-07-29,Indore,Central
11826,2025-06-29,Chennai,South
11827,2025-08-12,Hyderabad,South
11828,2025-10-04,Nagpur,Central
11829,2025-06-07,Bangalore,South
11830,2025-11-12,Bangalore,South
11831,2025-10-23,Hyderabad,South
11832,2025-10-11,Indore,Central
11833,2025-03-14,Pune,West
11834,2025-06-16,Bhopal,Central
11835,2025-08-17,Jaipur,North
11836,2025-11-15,Mumbai,West
11837,2025-07-07,Jaipur,North
11838,2025-05-17,Kolkata,East
11839,2025-04-24,Delhi,North
11840,2025-08-28,Delhi,North
11841,2025-06-10,Mumbai,West
11842,2025-02-18,Pune,West
11843,2025-05-06,Nagpur,Central
11844,2025-04-26,Pune,West
11845,2025-11-24,Indore,Central
11846,2025-08-23,Mumbai,West
11847,2025-11-02,Indore,Central
11848,2025-11-15,Nagpur,Central
11849,2025-11-25,Hyderabad,South
11850,2025-11-11,Indore,Central
11851,2025-09-08,Hyderabad,South
11852,2025-04-12,Patna,East
11853,2025-11-23,Bhopal,Central
11854,2025-03-18,Ahmedabad,West
11855,2025-05-13,Kolkata,East
11856,2025-06-01,Chennai,South
11857,2025-06-10,Kolkata,East
11858,2025-04-15,Bangalore,South
11859,2025-05-01,Jaipur,North
11860,2025-03-21,Lucknow,North
11861,2025-05-11,Indore,Central
11862,2025-11-26,Chennai,South
11863,2025-02-16,Patna,East
11864,2025-09-15,Indore,Central
11865,2025-03-23,Ahmedabad,West
11866,2025-03-03,Bangalore,South
11867,2025-04-21,Hyderabad,South
11868,2025-11-03,Hyderabad,South
11869,2025-07-21,Kolkata,East
11870,2025-08-12,Kolkata,East
11871,2025-03-18,Indore,Central
11872,2025-02-16,Hyderabad,South
11873,2025-10-12,Delhi,North
11874,2025-06-30,Pune,West
11875,2025-05-01,Bhopal,Central
11876,2025-03-29,Nagpur,Central
11877,2025-06-17,Indore,Central
11878,2025-03-23,Bangalore,South
11879,2025-06-28,Kolkata,East
11880,2025-11-24,Patna,East
11881,2025-04-20,Delhi,North
11882,2025-06-26,Hyderabad,South
11883,2025-02-15,Mumbai,West
11884,2025-03-17,Mumbai,West
11885,2025-04-07,Ahmedabad,West
11886,2025-09-12,Mumbai,West
11887,2025-10-26,Hyderabad,South
11888,2025-02-27,Delhi,North
11889,2025-02-28,Jaipur,North
11890,2025-05-20,Mumbai,West
11891,2025-11-25,Lucknow,North
11892,2025-01-03,Chennai,South
11893,2025-08-02,Hyderabad,South
11894,2025-11-11,Bangalore,South
11895,2025-04-09,Bangalore,South
11896,2025-10-17,Mumbai,West
11897,2025-11-01,Chennai,South
11898,2025-05-31,Patna,East
11899,2025-07-21,Jaipur,North
11900,2025-09-11,Hyderabad,South
11901,2025-07-16,Delhi,North
11902,2025-08-20,Indore,Central
11903,2025-08-19,Lucknow,North
11904,2025-10-12,Chennai,South
11905,2025-06-01,Lucknow,North
11906,2025-04-28,Kolkata,East
11907,2025-10-07,Jaipur,North
11908,2025-04-01,Mumbai,West
11909,2025-09-16,Hyderabad,South
11910,2025-03-18,Bangalore,South
11911,2025-10-09,Bhopal,Central
11912,2025-07-01,Pune,West
11913,2025-04-24,Mumbai,West
11914,2025-10-01,Nagpur,Central
11915,2025-08-12,Nagpur,Central
11916,2025-09-21,Indore,Central
11917,2025-06-28,Bhopal,Central
11918,2025-09-23,Indore,Central
11919,2025-04-16,Hyderabad,South
11920,2025-10-12,Indore,Central
11921,2025-05-09,Chandigarh,North
11922,2025-06-24,Bangalore,South
11923,2025-05-11,Chennai,South
11924,2025-08-11,Chandigarh,North
11925,2025-12-21,Hyderabad,South
11926,2025-04-28,Chandigarh,North
11927,2025-10-21,Hyderabad,South
11928,2025-07-03,Mumbai,West
11929,2025-02-27,Mumbai,West
11930,2025-04-01,Delhi,North
11931,2025-10-07,Pune,West
11932,2025-07-27,Ahmedabad,West
11933,2025-06-12,Mumbai,West
11934,2025-06-08,Mumbai,West
11935,2025-06-01,Mumbai,West
11936,2025-08-03,Chennai,South
11937,2025-04-14,Jaipur,North
11938,2025-03-30,Delhi,North
11939,2025-03-02,Mumbai,West
11940,2025-03-11,Chennai,South
11941,2025-02-12,Mumbai,West
11942,2025-03-26,Bangalore,South
11943,2025-06-18,Delhi,North
11944,2025-07-09,Chandigarh,North
11945,2025-04-21,Nagpur,Central
11946,2025-05-02,Nagpur,Central
11947,2025-07-09,Hyderabad,South
11948,2025-08-30,Mumbai,West
11949,2025-08-27,Ahmedabad,West
11950,2025-03-17,Jaipur,North
11951,2025-10-21,Nagpur,Central
11952,2025-10-16,Delhi,North
11953,2025-04-26,Delhi,North
11954,2025-05-13,Ahmedabad,West
11955,2025-10-11,Bhopal,Central
11956,2025-05-27,Bhopal,Central
11957,2025-10-29,Kolkata,East
11958,2025-07-14,Bhopal,Central
11959,2025-10-27,Pune,West
11960,2025-09-29,Patna,East
11961,2025-06-28,Indore,Central
11962,2025-08-18,Chandigarh,North
11963,2025-04-07,Chennai,South
11964,2025-10-16,Hyderabad,South
11965,2025-01-10,Jaipur,North
11966,2025-10-15,Delhi,North
11967,2025-03-27,Indore,Central
11968,2025-08-10,Bangalore,South
11969,2025-11-05,Mumbai,West
11970,2025-06-18,Ahmedabad,West
11971,2025-08-28,Delhi,North
11972,2025-05-27,Bangalore,South
11973,2025-03-21,Hyderabad,South
11974,2025-08-15,Ahmedabad,West
11975,2025-02-10,Mumbai,West
11976,2025-03-13,Nagpur,Central
11977,2025-05-13,Hyderabad,South
11978,2025-08-14,Bhopal,Central
11979,2025-11-08,Mumbai,West
11980,2025-10-19,Delhi,North
11981,2025-04-21,Bangalore,South
11982,2025-04-15,Mumbai,West
11983,2025-08-07,Ahmedabad,West
11984,2025-06-14,Mumbai,West
11985,2025-03-28,Chennai,South
11986,2025-02-18,Jaipur,North
11987,2025-03-10,Hyderabad,South
11988,2025-02-08,Chennai,South
11989,2025-03-18,Pune,West
11990,2025-02-20,Nagpur,Central
11991,2025-05-30,Delhi,North
11992,2025-05-27,Hyderabad,South
11993,2025-10-12,Patna,East
11994,2025-04-26,Mumbai,West
11995,2025-09-21,Patna,East
11996,2025-05-11,Chennai,South
11997,2025-06-19,Bhopal,Central
11998,2025-01-18,Delhi,North
11999,2025-08-07,Chandigarh,North
12000,2025-03-10,Chennai,South
12001,2025-07-21,Ahmedabad,West
12002,2025-08-20,Delhi,North
12003,2025-01-24,Mumbai,West
12004,2025-10-09,Pune,West
12005,2025-05-01,Jaipur,North
12006,2025-06-08,Bhopal,Central
12007,2025-10-02,Hyderabad,South
12008,2025-06-26,Nagpur,Central
12009,2025-04-13,Bangalore,South
12010,2025-11-15,Chandigarh,North
12011,2025-06-14,Bhopal,Central
12012,2025-10-11,Hyderabad,South
12013,2025-04-25,Bhopal,Central
12014,2025-03-16,Bhopal,Central
12015,2025-10-13,Hyderabad,South
12016,2025-09-09,Pune,West
12017,2025-10-23,Bangalore,South
12018,2025-01-12,Bhopal,Central
12019,2025-04-16,Bangalore,South
12020,2025-10-14,Chennai,South
12021,2025-05-12,Chennai,South
12022,2025-07-23,Lucknow,North
12023,2025-11-22,Patna,East
12024,2025-08-29,Bhopal,Central
12025,2025-08-24,Chennai,South
12026,2025-07-17,Mumbai,West
12027,2025-10-29,Ahmedabad,West
12028,2025-02-25,Lucknow,North
12029,2025-06-07,Delhi,North
12030,2025-09-19,Delhi,North
12031,2025-07-02,Jaipur,North
12032,2025-11-08,Hyderabad,South
12033,2025-05-24,Pune,West
12034,2025-11-08,Ahmedabad,West
12035,2025-04-30,Chandigarh,North
12036,2025-11-05,Lucknow,North
12037,2025-05-05,Bangalore,South
12038,2025-03-24,Indore,Central
12039,2025-10-08,Pune,West
12040,2025-08-31,Delhi,North
12041,2025-04-16,Lucknow,North
12042,2025-05-29,Mumbai,West
12043,2025-10-07,Bhopal,Central
12044,2025-06-21,Chennai,South
12045,2025-10-23,Lucknow,North
12046,2025-04-14,Chennai,South
12047,2025-03-31,Delhi,North
12048,2025-06-20,Bhopal,Central
12049,2025-07-05,Bhopal,Central
12050,2025-10-02,Bangalore,South
12051,2025-10-16,Hyderabad,South
12052,2025-09-30,Chennai,South
12053,2025-11-09,Lucknow,North
12054,2025-03-05,Jaipur,North
12055,2025-11-21,Jaipur,North
12056,2025-08-11,Ahmedabad,West
12057,2025-08-23,Patna,East
12058,2025-05-03,Chennai,South
12059,2025-10-04,Chennai,South
12060,2025-09-27,Jaipur,North
12061,2025-04-26,Chandigarh,North
12062,2025-08-21,Pune,West
12063,2025-10-16,Lucknow,North
12064,2025-07-27,Lucknow,North
12065,2025-07-31,Chandigarh,North
12066,2025-11-11,Bangalore,South
12067,2025-11-04,Bangalore,South
12068,2025-04-09,Patna,East
12069,2025-10-18,Patna,East
12070,2025-09-22,Hyderabad,South
12071,2025-05-17,Delhi,North
12072,2025-10-12,Hyderabad,South
12073,2025-11-05,Delhi,North
12074,2025-10-03,Chandigarh,North
12075,2025-07-19,Bangalore,South
12076,2025-06-02,Chandigarh,North
12077,2025-02-28,Chennai,South
12078,2025-11-12,Ahmedabad,West
12079,2025-11-18,Bangalore,South
12080,2025-06-04,Lucknow,North
12081,2025-04-14,Jaipur,North
12082,2025-03-20,Pune,West
12083,2025-11-07,Bangalore,South
12084,2025-04-10,Mumbai,West
12085,2025-05-26,Hyderabad,South
12086,2025-05-12,Mumbai,West
12087,2025-02-23,Ahmedabad,West
12088,2025-04-26,Jaipur,North
12089,2025-09-25,Kolkata,East
12090,2025-07-28,Pune,West
12091,2025-06-08,Mumbai,West
12092,2025-09-21,Hyderabad,South
12093,2025-11-28,Bangalore,South
12094,2025-06-22,Patna,East
12095,2025-11-09,Lucknow,North
12096,2025-03-27,Bangalore,South
12097,2025-09-30,Mumbai,West
12098,2025-04-06,Patna,East
12099,2025-10-23,Jaipur,North
12100,2025-03-11,Ahmedabad,West
12101,2025-09-14,Bangalore,South
12102,2025-04-12,Bangalore,South
12103,2025-07-24,Chandigarh,North
12104,2025-01-30,Kolkata,East
12105,2025-05-15,Delhi,North
12106,2025-06-27,Patna,East
12107,2025-03-29,Jaipur,North
12108,2025-05-23,Delhi,North
12109,2025-10-05,Delhi,North
12110,2025-11-12,Hyderabad,South
12111,2025-05-18,Chennai,South
12112,2025-07-24,Pune,West
12113,2025-06-08,Bangalore,South
12114,2025-01-18,Indore,Central
12115,2025-04-11,Patna,East
12116,2025-10-30,Hyderabad,South
12117,2025-08-12,Bangalore,South
12118,2025-06-10,Indore,Central
12119,2025-02-15,Lucknow,North
12120,2025-11-22,Lucknow,North
12121,2025-10-02,Hyderabad,South
12122,2025-10-01,Mumbai,West
12123,2025-08-27,Jaipur,North
12124,2025-03-07,Bhopal,Central
12125,2025-11-30,Chennai,South
12126,2025-06-06,Bhopal,Central
12127,2025-04-04,Delhi,North
12128,2025-09-09,Chandigarh,North
12129,2025-08-15,Lucknow,North
12130,2025-01-17,Bangalore,South
12131,2025-08-10,Kolkata,East
12132,2025-10-17,Delhi,North
12133,2025-10-25,Delhi,North
12134,2025-07-17,Bangalore,South
12135,2025-10-12,Delhi,North
12136,2025-05-06,Hyderabad,South
12137,2025-02-20,Kolkata,East
12138,2025-10-19,Ahmedabad,West
12139,2025-04-08,Bangalore,South
12140,2025-02-08,Bhopal,Central
12141,2025-05-13,Pune,West
12142,2025-11-08,Bhopal,Central
12143,2025-10-06,Kolkata,East
12144,2025-11-02,Hyderabad,South
12145,2025-06-04,Chennai,South
12146,2025-04-28,Ahmedabad,West
12147,2025-10-17,Hyderabad,South
12148,2025-05-15,Hyderabad,South
12149,2025-08-07,Mumbai,West
12150,2025-04-08,Delhi,North
12151,2025-10-11,Chennai,South
12152,2025-06-25,Hyderabad,South
12153,2025-03-12,Bangalore,South
12154,2025-08-11,Kolkata,East
12155,2025-09-02,Jaipur,North
12156,2025-09-22,Hyderabad,South
12157,2025-03-15,Bangalore,South
12158,2025-03-25,Hyderabad,South
12159,2025-06-16,Hyderabad,South
12160,2025-10-05,Hyderabad,South
12161,2025-10-03,Hyderabad,South
12162,2025-01-12,Lucknow,North
12163,2025-10-10,Pune,West
12164,2025-07-11,Chennai,South
12165,2025-07-28,Mumbai,West
12166,2025-03-20,Lucknow,North
12167,2025-06-18,Patna,East
12168,2025-11-16,Ahmedabad,West
12169,2025-02-09,Kolkata,East
12170,2025-04-18,Bangalore,South
12171,2025-08-15,Delhi,North
12172,2025-03-26,Chandigarh,North
12173,2025-11-27,Chennai,South
12174,2025-04-04,Bhopal,Central
12175,2025-08-08,Ahmedabad,West
12176,2025-08-19,Kolkata,East
12177,2025-05-02,Chennai,South
12178,2025-05-23,Kolkata,East
12179,2025-06-26,Bangalore,South
12180,2025-08-21,Mumbai,West
12181,2025-09-10,Hyderabad,South
12182,2025-06-01,Indore,Central
12183,2025-02-25,Lucknow,North
12184,2025-07-16,Mumbai,West
12185,2025-06-03,Hyderabad,South
12186,2025-02-10,Kolkata,East
12187,2025-10-26,Lucknow,North
12188,2025-04-25,Pune,West
12189,2025-07-13,Pune,West
12190,2025-05-28,Mumbai,West
12191,2025-08-11,Jaipur,North
12192,2025-05-25,Mumbai,West
12193,2025-04-17,Bhopal,Central
12194,2025-06-14,Kolkata,East
12195,2025-11-05,Mumbai,West
12196,2025-04-24,Bangalore,South
12197,2025-10-26,Chandigarh,North
12198,2025-02-27,Hyderabad,South
12199,2025-02-16,Bangalore,South
12200,2026-01-09,Pune,West
12201,2025-04-24,Mumbai,West
12202,2025-09-28,Kolkata,East
12203,2025-11-09,Chennai,South
12204,2025-10-01,Pune,West
12205,2025-08-12,Delhi,North
12206,2025-02-23,Chennai,South
12207,2025-11-02,Indore,Central
12208,2025-08-11,Kolkata,East
12209,2025-08-24,Hyderabad,South
12210,2025-07-02,Delhi,North
12211,2025-02-03,Ahmedabad,West
12212,2025-06-07,Ahmedabad,West
12213,2025-11-13,Bhopal,Central
12214,2025-04-25,Bhopal,Central
12215,2025-04-29,Pune,West
12216,2025-02-02,Hyderabad,South
12217,2025-03-10,Chennai,South
12218,2025-08-08,Ahmedabad,West
12219,2025-10-04,Mumbai,West
12220,2025-06-02,Mumbai,West
12221,2025-10-29,Mumbai,West
12222,2025-04-17,Delhi,North
12223,2025-11-08,Chennai,South
12224,2025-07-27,Mumbai,West
12225,2025-03-09,Kolkata,East
12226,2025-05-31,Mumbai,West
12227,2025-09-05,Delhi,North
12228,2025-03-20,Delhi,North
12229,2025-10-20,Pune,West
12230,2025-04-17,Hyderabad,South
12231,2025-07-12,Pune,West
12232,2025-11-01,Chandigarh,North
12233,2025-02-10,Hyderabad,South
12234,2025-10-23,Hyderabad,South
12235,2025-05-31,Mumbai,West
12236,2025-05-13,Patna,East
12237,2025-08-02,Jaipur,North
12238,2025-06-20,Nagpur,Central
12239,2025-10-02,Hyderabad,South
12240,2025-08-08,Indore,Central
12241,2025-05-31,Delhi,North
12242,2025-04-08,Chennai,South
12243,2025-11-02,Bhopal,Central
12244,2025-02-18,Chandigarh,North
12245,2025-06-01,Hyderabad,South
12246,2025-07-09,Chennai,South
12247,2025-06-29,Mumbai,West
12248,2025-08-19,Hyderabad,South
12249,2025-05-21,Delhi,North
12250,2025-11-03,Patna,East
12251,2025-11-14,Ahmedabad,West
12252,2025-10-11,Ahmedabad,West
12253,2025-06-30,Ahmedabad,West
12254,2025-10-02,Ahmedabad,West
12255,2025-06-15,Kolkata,East
12256,2025-10-16,Kolkata,East
12257,2025-07-30,Delhi,North
12258,2025-05-27,Lucknow,North
12259,2025-08-18,Lucknow,North
12260,2025-10-05,Bhopal,Central
12261,2025-06-19,Bhopal,Central
12262,2025-02-24,Mumbai,West
12263,2025-10-05,Kolkata,East
12264,2025-07-08,Hyderabad,South
12265,2025-04-28,Jaipur,North
12266,2025-07-19,Bangalore,South
12267,2025-05-19,Hyderabad,South
12268,2025-10-01,Hyderabad,South
12269,2025-11-07,Pune,West
12270,2025-11-12,Hyderabad,South
12271,2025-06-07,Nagpur,Central
12272,2025-03-23,Hyderabad,South
12273,2025-06-25,Indore,Central
12274,2025-07-26,Pune,West
12275,2025-09-03,Bangalore,South
12276,2025-06-27,Hyderabad,South
12277,2025-09-16,Pune,West
12278,2025-05-15,Kolkata,East
12279,2025-05-05,Lucknow,North
12280,2025-05-11,Mumbai,West
12281,2025-02-23,Chennai,South
12282,2025-08-13,Bhopal,Central
12283,2025-06-05,Mumbai,West
12284,2025-05-22,Chennai,South
12285,2025-04-21,Hyderabad,South
12286,2025-05-12,Pune,West
12287,2025-09-06,Jaipur,North
12288,2025-07-17,Delhi,North
12289,2025-01-23,Hyderabad,South
12290,2025-02-07,Hyderabad,South
12291,2025-05-11,Bangalore,South
12292,2025-03-14,Mumbai,West
12293,2025-11-03,Indore,Central
12294,2025-04-26,Bangalore,South
12295,2025-10-15,Chennai,South
12296,2025-07-16,Chandigarh,North
12297,2025-09-28,Delhi,North
12298,2025-07-08,Jaipur,North
12299,2025-05-14,Chennai,South
12300,2025-10-08,Hyderabad,South
12301,2025-08-19,Chandigarh,North
12302,2025-04-15,Pune,West
12303,2025-05-28,Delhi,North
12304,2025-03-08,Ahmedabad,West
12305,2025-04-20,Bhopal,Central
12306,2025-05-31,Chennai,South
12307,2025-05-18,Jaipur,North
12308,2025-04-26,Nagpur,Central
12309,2025-08-08,Delhi,North
12310,2025-05-08,Jaipur,North
12311,2025-07-19,Jaipur,North
12312,2025-06-28,Lucknow,North
12313,2025-04-21,Mumbai,West
12314,2025-06-24,Hyderabad,South
12315,2025-01-22,Lucknow,North
12316,2025-11-11,Hyderabad,South
12317,2025-05-12,Chennai,South
12318,2025-11-10,Delhi,North
12319,2025-09-15,Chennai,South
12320,2025-11-17,Chandigarh,North
12321,2025-05-17,Chennai,South
12322,2025-05-19,Bhopal,Central
12323,2025-05-17,Delhi,North
12324,2025-11-19,Jaipur,North
12325,2025-10-02,Chennai,South
12326,2025-08-28,Kolkata,East
12327,2025-04-25,Jaipur,North
12328,2025-04-25,Chennai,South
12329,2025-10-11,Chandigarh,North
12330,2025-08-27,Hyderabad,South
12331,2025-05-02,Pune,West
12332,2025-11-15,Patna,East
12333,2025-06-13,Patna,East
12334,2025-11-22,Indore,Central
12335,2026-01-06,Delhi,North
12336,2025-02-21,Mumbai,West
12337,2025-02-11,Mumbai,West
12338,2025-11-25,Lucknow,North
12339,2025-06-12,Lucknow,North
12340,2025-11-24,Bangalore,South
12341,2025-09-13,Ahmedabad,West
12342,2025-10-03,Delhi,North
12343,2025-07-11,Mumbai,West
12344,2025-11-26,Ahmedabad,West
12345,2025-05-21,Hyderabad,South
12346,2025-11-14,Nagpur,Central
12347,2025-05-20,Mumbai,West
12348,2025-06-05,Pune,West
12349,2025-07-25,Chennai,South
12350,2025-04-28,Bangalore,South
12351,2025-02-15,Pune,West
12352,2025-08-05,Patna,East
12353,2025-07-26,Mumbai,West
12354,2025-11-27,Hyderabad,South
12355,2025-08-10,Jaipur,North
12356,2025-10-02,Chennai,South
12357,2025-04-19,Patna,East
12358,2025-03-30,Ahmedabad,West
12359,2025-04-14,Bangalore,South
12360,2025-05-29,Mumbai,West
12361,2025-02-11,Lucknow,North
12362,2025-04-08,Hyderabad,South
12363,2025-10-05,Ahmedabad,West
12364,2025-11-09,Chennai,South
12365,2025-11-22,Kolkata,East
12366,2025-10-12,Delhi,North
12367,2025-11-10,Indore,Central
12368,2025-04-05,Bangalore,South
12369,2025-11-26,Hyderabad,South
12370,2025-04-10,Nagpur,Central
12371,2025-10-03,Bangalore,South
12372,2025-09-20,Delhi,North
12373,2025-07-13,Delhi,North
12374,2025-09-22,Delhi,North
12375,2025-06-17,Nagpur,Central
12376,2025-04-16,Kolkata,East
12377,2025-04-16,Delhi,North
12378,2025-08-07,Pune,West
12379,2025-12-17,Kolkata,East
12380,2025-04-03,Patna,East
12381,2025-06-06,Mumbai,West
12382,2025-04-23,Ahmedabad,West
12383,2025-04-04,Pune,West
12384,2025-01-27,Delhi,North
12385,2025-09-05,Mumbai,West
12386,2025-03-30,Bangalore,South
12387,2025-04-20,Lucknow,North
12388,2025-03-24,Chennai,South
12389,2025-11-14,Chandigarh,North
12390,2025-10-16,Mumbai,West
12391,2025-07-06,Jaipur,North
12392,2025-11-12,Indore,Central
12393,2025-09-12,Kolkata,East
12394,2025-03-18,Nagpur,Central
12395,2025-02-02,Indore,Central
12396,2025-03-20,Delhi,North
12397,2025-10-14,Kolkata,East
12398,2025-08-14,Hyderabad,South
12399,2025-04-04,Kolkata,East
12400,2025-04-27,Bangalore,South
12401,2025-02-27,Jaipur,North
12402,2025-02-19,Kolkata,East
12403,2025-05-01,Chennai,South
12404,2025-10-17,Delhi,North
12405,2025-03-22,Patna,East
12406,2025-04-14,Hyderabad,South
12407,2025-04-10,Hyderabad,South
12408,2025-03-02,Hyderabad,South
12409,2025-06-16,Patna,East
12410,2025-09-06,Chandigarh,North
12411,2025-03-11,Pune,West
12412,2025-07-21,Indore,Central
12413,2025-10-24,Chennai,South
12414,2025-10-12,Bhopal,Central
12415,2025-07-06,Mumbai,West
12416,2025-08-06,Mumbai,West
12417,2025-10-26,Hyderabad,South
12418,2025-06-01,Ahmedabad,West
12419,2025-11-20,Pune,West
12420,2025-10-05,Chennai,South
12421,2025-03-06,Chandigarh,North
12422,2025-03-13,Bangalore,South
12423,2025-10-04,Mumbai,West
12424,2025-04-23,Delhi,North
12425,2025-01-29,Jaipur,North
12426,2025-06-09,Bhopal,Central
12427,2025-05-05,Hyderabad,South
12428,2025-09-12,Jaipur,North
12429,2025-10-27,Mumbai,West
12430,2025-04-07,Ahmedabad,West
12431,2025-01-27,Bhopal,Central
12432,2025-05-12,Mumbai,West
12433,2025-02-24,Chandigarh,North
12434,2025-06-28,Kolkata,East
12435,2025-07-28,Delhi,North
12436,2025-03-07,Chandigarh,North
12437,2025-08-21,Chennai,South
12438,2025-10-12,Chennai,South
12439,2025-02-06,Bangalore,South
12440,2025-04-12,Hyderabad,South
12441,2025-10-23,Chandigarh,North
12442,2025-04-05,Pune,West
12443,2025-06-17,Chandigarh,North
12444,2025-11-01,Mumbai,West
12445,2025-05-18,Chennai,South
12446,2025-03-13,Hyderabad,South
12447,2025-04-20,Jaipur,North
12448,2025-11-08,Patna,East
12449,2025-10-05,Pune,West
12450,2025-04-18,Bangalore,South
12451,2025-11-12,Nagpur,Central
12452,2026-01-08,Jaipur,North
12453,2025-02-21,Delhi,North
12454,2025-11-22,Bhopal,Central
12455,2025-11-03,Mumbai,West
12456,2025-03-24,Delhi,North
12457,2025-09-08,Delhi,North
12458,2025-11-15,Chennai,South
12459,2025-07-03,Bangalore,South
12460,2025-07-24,Mumbai,West
12461,2025-10-26,Delhi,North
12462,2025-06-13,Lucknow,North
12463,2025-10-07,Patna,East
12464,2025-11-22,Kolkata,East
12465,2025-10-18,Chennai,South
12466,2025-09-10,Mumbai,West
12467,2025-05-19,Bangalore,South
12468,2025-06-29,Mumbai,West
12469,2025-02-13,Lucknow,North
12470,2025-02-05,Kolkata,East
12471,2025-03-23,Kolkata,East
12472,2025-07-03,Pune,West
12473,2025-04-07,Chennai,South
12474,2025-05-19,Hyderabad,South
12475,2025-04-01,Ahmedabad,West
12476,2025-08-07,Bangalore,South
12477,2025-05-16,Mumbai,West
12478,2025-04-14,Mumbai,West
12479,2025-06-16,Mumbai,West
12480,2025-04-28,Hyderabad,South
12481,2025-09-13,Chandigarh,North
12482,2025-10-11,Indore,Central
12483,2025-10-22,Bangalore,South
12484,2025-08-31,Hyderabad,South
12485,2025-04-01,Lucknow,North
12486,2025-06-03,Bangalore,South
12487,2025-11-27,Delhi,North
12488,2025-05-30,Mumbai,West
12489,2025-06-30,Mumbai,West
12490,2025-04-30,Pune,West
12491,2025-01-23,Indore,Central
12492,2025-09-14,Chennai,South
12493,2025-10-02,Chennai,South
12494,2025-06-07,Hyderabad,South
12495,2025-03-02,Mumbai,West
12496,2025-06-16,Chandigarh,North
12497,2025-09-16,Lucknow,North
12498,2025-09-06,Pune,West
12499,2025-02-13,Lucknow,North
12500,2025-10-02,Nagpur,Central
12501,2025-06-14,Indore,Central
12502,2025-09-22,Hyderabad,South
12503,2025-07-01,Hyderabad,South
12504,2025-11-03,Kolkata,East
12505,2025-01-10,Delhi,North
12506,2025-10-20,Patna,East
12507,2025-10-01,Lucknow,North
12508,2025-03-07,Patna,East
12509,2025-06-29,Chennai,South
12510,2025-06-06,Bhopal,Central
12511,2025-06-14,Bangalore,South
12512,2025-05-28,Indore,Central
12513,2025-05-06,Bangalore,South
12514,2025-10-25,Lucknow,North
12515,2025-05-23,Pune,West
12516,2025-03-10,Delhi,North
12517,2025-11-06,Delhi,North
12518,2025-09-11,Patna,East
12519,2025-10-30,Chennai,South
12520,2025-04-01,Pune,West
12521,2025-01-19,Delhi,North
12522,2025-04-23,Nagpur,Central
12523,2025-11-15,Kolkata,East
12524,2025-08-07,Chennai,South
12525,2025-08-23,Mumbai,West
12526,2025-08-02,Pune,West
12527,2025-10-14,Delhi,North
12528,2025-10-27,Mumbai,West
12529,2025-06-13,Pune,West
12530,2025-01-09,Mumbai,West
12531,2025-08-27,Delhi,North
12532,2025-07-11,Lucknow,North
12533,2025-05-05,Delhi,North
12534,2025-09-01,Bangalore,South
12535,2025-06-04,Mumbai,West
12536,2025-05-06,Jaipur,North
12537,2025-03-10,Jaipur,North
12538,2025-03-24,Kolkata,East
12539,2025-10-28,Delhi,North
12540,2025-07-02,Bangalore,South
12541,2025-05-22,Delhi,North
12542,2025-08-22,Chennai,South
12543,2025-06-13,Nagpur,Central
12544,2025-11-11,Hyderabad,South
12545,2025-04-23,Mumbai,West
12546,2025-05-16,Mumbai,West
12547,2025-03-05,Pune,West
12548,2025-10-11,Jaipur,North
12549,2025-10-25,Kolkata,East
12550,2025-07-04,Indore,Central
12551,2025-07-24,Hyderabad,South
12552,2025-07-14,Bangalore,South
12553,2025-11-27,Delhi,North
12554,2025-07-03,Lucknow,North
12555,2025-03-06,Jaipur,North
12556,2025-05-29,Jaipur,North
12557,2025-03-29,Kolkata,East
12558,2025-11-02,Jaipur,North
12559,2025-06-28,Indore,Central
12560,2025-05-26,Kolkata,East
12561,2025-02-03,Jaipur,North
12562,2025-07-01,Bangalore,South
12563,2025-06-16,Kolkata,East
12564,2025-05-25,Chandigarh,North
12565,2025-09-25,Mumbai,West
12566,2025-07-18,Pune,West
12567,2025-07-17,Jaipur,North
12568,2025-06-25,Hyderabad,South
12569,2025-08-02,Kolkata,East
12570,2025-05-21,Hyderabad,South
12571,2025-09-05,Bhopal,Central
12572,2025-10-04,Patna,East
12573,2025-03-07,Delhi,North
12574,2025-05-05,Delhi,North
12575,2025-04-09,Kolkata,East
12576,2025-07-02,Delhi,North
12577,2025-08-06,Bangalore,South
12578,2025-05-19,Kolkata,East
12579,2025-07-18,Delhi,North
12580,2025-05-21,Mumbai,West
12581,2025-03-18,Bhopal,Central
12582,2025-07-02,Indore,Central
12583,2025-07-23,Pune,West
12584,2025-07-17,Indore,Central
12585,2025-09-09,Hyderabad,South
12586,2025-04-08,Hyderabad,South
12587,2025-11-03,Mumbai,West
12588,2025-11-17,Pune,West
12589,2025-03-16,Nagpur,Central
12590,2025-07-23,Pune,West
12591,2025-06-02,Bhopal,Central
12592,2025-07-01,Jaipur,North
12593,2025-05-28,Chennai,South
12594,2025-07-01,Hyderabad,South
12595,2025-08-02,Bangalore,South
12596,2025-04-14,Mumbai,West
12597,2025-10-10,Pune,West
12598,2025-07-05,Bangalore,South
12599,2025-06-09,Kolkata,East
12600,2025-09-17,Lucknow,North
12601,2025-05-23,Hyderabad,South
12602,2025-07-16,Mumbai,West
12603,2025-11-06,Hyderabad,South
12604,2025-07-19,Hyderabad,South
12605,2025-07-05,Nagpur,Central
12606,2025-05-26,Mumbai,West
12607,2025-11-01,Ahmedabad,West
12608,2025-03-26,Indore,Central
12609,2025-07-02,Nagpur,Central
12610,2025-03-21,Indore,Central
12611,2025-01-13,Hyderabad,South
12612,2025-11-01,Chennai,South
12613,2025-04-08,Mumbai,West
12614,2025-06-19,Bangalore,South
12615,2025-09-03,Patna,East
12616,2025-10-08,Kolkata,East
12617,2025-04-22,Bangalore,South
12618,2025-03-18,Mumbai,West
12619,2025-08-26,Chennai,South
12620,2025-07-14,Jaipur,North
12621,2025-03-23,Jaipur,North
12622,2025-05-05,Chandigarh,North
12623,2025-02-22,Indore,Central
12624,2025-07-10,Mumbai,West
12625,2025-04-15,Bangalore,South
12626,2025-09-12,Chennai,South
12627,2025-05-23,Hyderabad,South
12628,2025-05-25,Nagpur,Central
12629,2025-04-19,Pune,West
12630,2025-09-18,Pune,West
12631,2025-06-17,Chennai,South
12632,2025-04-14,Hyderabad,South
12633,2025-10-04,Bangalore,South
12634,2025-10-06,Kolkata,East
12635,2025-10-08,Lucknow,North
12636,2025-06-10,Hyderabad,South
12637,2025-05-20,Kolkata,East
12638,2025-11-15,Chandigarh,North
12639,2025-11-16,Chennai,South
12640,2025-11-03,Jaipur,North
12641,2025-08-06,Delhi,North
12642,2025-07-15,Lucknow,North
12643,2025-09-26,Lucknow,North
12644,2025-07-17,Indore,Central
12645,2025-08-10,Delhi,North
12646,2025-01-16,Mumbai,West
12647,2025-06-25,Bangalore,South
12648,2025-02-05,Bangalore,South
12649,2025-04-23,Pune,West
12650,2025-05-06,Indore,Central
12651,2025-08-05,Chennai,South
12652,2025-06-16,Bangalore,South
12653,2025-03-01,Bangalore,South
12654,2025-07-05,Chennai,South
12655,2025-11-11,Hyderabad,South
12656,2025-03-14,Mumbai,West
12657,2025-02-19,Kolkata,East
12658,2025-04-29,Bangalore,South
12659,2025-10-15,Jaipur,North
12660,2025-11-27,Jaipur,North
12661,2025-02-13,Bangalore,South
12662,2025-10-20,Kolkata,East
12663,2025-04-13,Pune,West
12664,2025-11-05,Pune,West
12665,2025-05-22,Bangalore,South
12666,2025-02-15,Chennai,South
12667,2025-03-29,Bhopal,Central
12668,2025-03-18,Jaipur,North
12669,2025-11-22,Delhi,North
12670,2025-05-17,Hyderabad,South
12671,2025-08-29,Hyderabad,South
12672,2025-03-12,Mumbai,West
12673,2025-06-24,Lucknow,North
12674,2025-11-04,Mumbai,West
12675,2025-08-29,Hyderabad,South
12676,2025-11-11,Pune,West
12677,2025-07-17,Bangalore,South
12678,2025-11-16,Lucknow,North
12679,2025-06-30,Kolkata,East
12680,2025-02-23,Delhi,North
12681,2025-10-02,Lucknow,North
12682,2025-04-18,Pune,West
12683,2025-05-13,Chennai,South
12684,2025-06-07,Mumbai,West
12685,2025-08-08,Jaipur,North
12686,2025-06-06,Chandigarh,North
12687,2025-07-28,Kolkata,East
12688,2025-09-10,Bangalore,South
12689,2025-08-19,Pune,West
12690,2025-01-18,Hyderabad,South
12691,2025-10-07,Ahmedabad,West
12692,2025-09-16,Jaipur,North
12693,2025-07-27,Jaipur,North
12694,2025-03-19,Bhopal,Central
12695,2025-10-26,Lucknow,North
12696,2025-11-10,Ahmedabad,West
12697,2025-10-19,Delhi,North
12698,2025-09-20,Indore,Central
12699,2025-04-26,Indore,Central
12700,2025-05-30,Chennai,South
12701,2025-09-23,Mumbai,West
12702,2025-07-12,Delhi,North
12703,2025-11-03,Pune,West
12704,2025-10-27,Pune,West
12705,2025-06-10,Delhi,North
12706,2025-10-12,Chandigarh,North
12707,2025-07-09,Hyderabad,South
12708,2025-02-03,Kolkata,East
12709,2025-08-05,Bangalore,South
12710,2025-04-11,Mumbai,West
12711,2025-09-13,Chennai,South
12712,2025-07-28,Delhi,North
12713,2025-11-29,Pune,West
12714,2025-03-21,Jaipur,North
12715,2025-10-05,Bangalore,South
12716,2025-05-13,Mumbai,West
12717,2025-10-23,Bangalore,South
12718,2025-10-26,Kolkata,East
12719,2025-11-24,Pune,West
12720,2025-09-04,Chennai,South
12721,2025-04-06,Ahmedabad,West
12722,2025-01-11,Bangalore,South
12723,2025-03-26,Patna,East
12724,2025-08-18,Patna,East
12725,2025-10-20,Kolkata,East
12726,2025-08-09,Nagpur,Central
12727,2025-06-06,Patna,East
12728,2025-05-19,Chandigarh,North
12729,2025-03-21,Pune,West
12730,2025-08-08,Delhi,North
12731,2025-02-05,Delhi,North
12732,2025-10-10,Bangalore,South
12733,2025-03-09,Kolkata,East
12734,2025-10-05,Bangalore,South
12735,2025-10-20,Hyderabad,South
12736,2025-10-17,Mumbai,West
12737,2025-10-02,Hyderabad,South
12738,2025-11-18,Jaipur,North
12739,2025-10-18,Indore,Central
12740,2025-08-06,Pune,West
12741,2025-11-20,Jaipur,North
12742,2025-11-22,Kolkata,East
12743,2025-03-20,Bangalore,South
12744,2025-05-04,Bangalore,South
12745,2025-10-27,Nagpur,Central
12746,2025-03-01,Bangalore,South
12747,2025-02-03,Hyderabad,South
12748,2025-03-08,Jaipur,North
12749,2025-10-03,Chennai,South
12750,2025-02-01,Mumbai,West
12751,2025-11-18,Delhi,North
12752,2025-01-10,Bangalore,South
12753,2025-10-27,Mumbai,West
12754,2025-10-08,Bangalore,South
12755,2025-10-04,Ahmedabad,West
12756,2025-10-14,Chandigarh,North
12757,2025-08-01,Mumbai,West
12758,2025-05-18,Patna,East
12759,2025-05-19,Chennai,South
12760,2025-10-29,Delhi,North
12761,2025-12-05,Bangalore,South
12762,2025-03-16,Kolkata,East
12763,2025-11-03,Chennai,South
12764,2025-10-23,Kolkata,East
12765,2025-08-16,Jaipur,North
12766,2025-04-10,Ahmedabad,West
12767,2025-05-02,Lucknow,North
12768,2025-07-01,Chandigarh,North
12769,2025-11-03,Mumbai,West
12770,2025-10-08,Delhi,North
12771,2025-10-04,Lucknow,North
12772,2025-05-29,Pune,West
12773,2025-09-27,Mumbai,West
12774,2025-10-09,Delhi,North
12775,2025-05-20,Chennai,South
12776,2025-08-16,Chennai,South
12777,2025-06-12,Chennai,South
12778,2025-11-03,Chandigarh,North
12779,2025-09-22,Lucknow,North
12780,2025-05-27,Chennai,South
12781,2025-07-03,Pune,West
12782,2025-10-15,Chandigarh,North
12783,2025-09-21,Mumbai,West
12784,2025-06-07,Chennai,South
12785,2025-05-17,Lucknow,North
12786,2025-05-26,Kolkata,East
12787,2025-04-12,Chennai,South
12788,2025-03-25,Nagpur,Central
12789,2025-02-21,Bangalore,South
12790,2025-04-13,Bangalore,South
12791,2025-08-20,Delhi,North
12792,2025-04-08,Chennai,South
12793,2025-05-11,Jaipur,North
12794,2025-04-23,Indore,Central
12795,2025-07-13,Bangalore,South
12796,2025-06-03,Indore,Central
12797,2025-04-04,Bhopal,Central
12798,2025-10-10,Delhi,North
12799,2025-10-11,Lucknow,North
12800,2025-07-30,Bangalore,South
12801,2025-04-07,Pune,West
12802,2025-09-14,Delhi,North
12803,2025-08-18,Lucknow,North
12804,2025-10-25,Hyderabad,South
12805,2025-09-27,Bhopal,Central
12806,2025-05-06,Patna,East
12807,2025-08-18,Bangalore,South
12808,2025-09-06,Chennai,South
12809,2025-07-02,Chennai,South
12810,2025-02-07,Pune,West
12811,2025-11-20,Bangalore,South
12812,2025-04-21,Lucknow,North
12813,2025-05-15,Chennai,South
12814,2025-04-09,Delhi,North
12815,2025-05-06,Hyderabad,South
12816,2025-09-28,Hyderabad,South
12817,2025-06-02,Ahmedabad,West
12818,2025-04-09,Chandigarh,North
12819,2025-03-11,Delhi,North
12820,2025-10-15,Kolkata,East
12821,2025-03-08,Delhi,North
12822,2025-07-15,Lucknow,North
12823,2025-11-04,Chennai,South
12824,2025-11-05,Ahmedabad,West
12825,2025-04-15,Chandigarh,North
12826,2025-09-21,Bangalore,South
12827,2025-09-10,Jaipur,North
12828,2025-06-27,Bangalore,South
12829,2025-07-08,Bangalore,South
12830,2025-10-18,Mumbai,West
12831,2025-09-22,Mumbai,West
12832,2025-06-17,Hyderabad,South
12833,2025-01-05,Hyderabad,South
12834,2025-06-27,Chennai,South
12835,2025-11-11,Delhi,North
12836,2025-06-14,Kolkata,East
12837,2025-03-25,Nagpur,Central
12838,2025-08-21,Delhi,North
12839,2025-06-28,Delhi,North
12840,2025-01-09,Hyderabad,South
12841,2025-10-15,Patna,East
12842,2025-10-08,Ahmedabad,West
12843,2025-09-01,Mumbai,West
12844,2025-05-24,Hyderabad,South
12845,2025-11-06,Bangalore,South
12846,2025-11-18,Chennai,South
12847,2025-03-18,Nagpur,Central
12848,2025-11-18,Patna,East
12849,2025-08-15,Delhi,North
12850,2025-07-04,Pune,West
12851,2025-11-03,Hyderabad,South
12852,2025-06-08,Mumbai,West
12853,2025-10-19,Indore,Central
12854,2025-06-20,Pune,West
12855,2025-05-02,Delhi,North
12856,2025-07-20,Chennai,South
12857,2025-03-14,Chandigarh,North
12858,2025-05-27,Lucknow,North
12859,2025-10-14,Hyderabad,South
12860,2025-07-05,Bangalore,South
12861,2025-04-30,Delhi,North
12862,2025-10-05,Nagpur,Central
12863,2025-06-10,Kolkata,East
12864,2025-10-05,Delhi,North
12865,2025-04-21,Jaipur,North
12866,2025-07-29,Pune,West
12867,2025-10-14,Bangalore,South
12868,2025-04-27,Bangalore,South
12869,2025-09-10,Kolkata,East
12870,2025-06-20,Kolkata,East
12871,2025-04-14,Kolkata,East
12872,2025-06-29,Patna,East
12873,2025-07-26,Mumbai,West
12874,2025-10-13,Mumbai,West
12875,2025-12-05,Bhopal,Central
12876,2025-02-08,Hyderabad,South
12877,2025-07-29,Lucknow,North
12878,2025-06-16,Lucknow,North
12879,2025-10-13,Lucknow,North
12880,2025-06-15,Bangalore,South
12881,2025-09-22,Lucknow,North
12882,2025-11-11,Indore,Central
12883,2025-11-16,Ahmedabad,West
12884,2025-05-20,Chennai,South
12885,2025-11-17,Chennai,South
12886,2025-03-29,Mumbai,West
12887,2025-06-16,Delhi,North
12888,2025-11-09,Mumbai,West
12889,2025-04-28,Chandigarh,North
12890,2025-03-26,Kolkata,East
12891,2025-10-23,Jaipur,North
12892,2025-01-21,Lucknow,North
12893,2025-09-09,Hyderabad,South
12894,2025-07-22,Bhopal,Central
12895,2025-11-18,Hyderabad,South
12896,2025-09-19,Delhi,North
12897,2025-11-01,Chennai,South
12898,2025-03-04,Chandigarh,North
12899,2025-04-07,Bhopal,Central
12900,2025-10-13,Mumbai,West
12901,2025-04-14,Indore,Central
12902,2025-11-11,Bangalore,South
12903,2025-10-05,Hyderabad,South
12904,2025-03-27,Bhopal,Central
12905,2025-03-20,Patna,East
12906,2025-05-01,Kolkata,East
12907,2025-10-23,Kolkata,East
12908,2025-05-11,Chandigarh,North
12909,2025-11-19,Kolkata,East
12910,2025-05-12,Chandigarh,North
12911,2025-06-20,Lucknow,North
12912,2025-05-13,Bhopal,Central
12913,2025-06-05,Bhopal,Central
12914,2025-02-02,Hyderabad,South
12915,2025-05-16,Bhopal,Central
12916,2025-09-30,Delhi,North
12917,2025-06-04,Delhi,North
12918,2025-09-05,Pune,West
12919,2025-04-28,Delhi,North
12920,2025-11-21,Lucknow,North
12921,2025-03-07,Chandigarh,North
12922,2025-06-12,Bangalore,South
12923,2025-10-23,Chennai,South
12924,2025-08-27,Chandigarh,North
12925,2025-02-24,Bangalore,South
12926,2025-04-09,Mumbai,West
12927,2025-10-01,Bangalore,South
12928,2025-11-07,Jaipur,North
12929,2025-11-21,Ahmedabad,West
12930,2025-03-02,Patna,East
12931,2025-10-08,Bangalore,South
12932,2025-06-08,Bhopal,Central
12933,2025-02-16,Lucknow,North
12934,2025-06-24,Hyderabad,South
12935,2025-06-30,Ahmedabad,West
12936,2025-06-03,Ahmedabad,West
12937,2025-08-28,Jaipur,North
12938,2025-07-01,Bangalore,South
12939,2025-06-12,Chennai,South
12940,2025-10-25,Mumbai,West
12941,2025-04-05,Delhi,North
12942,2025-02-16,Jaipur,North
12943,2025-03-02,Delhi,North
12944,2025-03-07,Pune,West
12945,2025-01-24,Delhi,North
12946,2025-06-23,Chennai,South
12947,2025-09-30,Kolkata,East
12948,2025-09-12,Delhi,North
12949,2025-02-12,Patna,East
12950,2025-04-03,Chennai,South
12951,2025-05-24,Mumbai,West
12952,2025-08-23,Chandigarh,North
12953,2025-12-02,Kolkata,East
12954,2025-02-14,Delhi,North
12955,2025-08-14,Mumbai,West
12956,2025-06-14,Lucknow,North
12957,2025-11-02,Patna,East
12958,2025-09-29,Bhopal,Central
12959,2025-11-26,Delhi,North
12960,2025-09-24,Bhopal,Central
12961,2025-02-23,Chennai,South
12962,2025-10-14,Hyderabad,South
12963,2025-06-20,Nagpur,Central
12964,2025-11-27,Chennai,South
12965,2025-08-26,Delhi,North
12966,2025-05-29,Hyderabad,South
12967,2025-06-17,Bangalore,South
12968,2025-08-25,Pune,West
12969,2025-08-26,Pune,West
12970,2025-10-25,Hyderabad,South
12971,2025-11-06,Lucknow,North
12972,2025-05-16,Nagpur,Central
12973,2025-05-18,Bhopal,Central
12974,2025-05-07,Mumbai,West
12975,2025-04-11,Indore,Central
12976,2025-05-28,Jaipur,North
12977,2025-03-07,Mumbai,West
12978,2025-07-03,Bangalore,South
12979,2025-11-09,Mumbai,West
12980,2025-07-24,Ahmedabad,West
12981,2025-02-19,Mumbai,West
12982,2025-07-14,Jaipur,North
12983,2025-06-18,Delhi,North
12984,2025-10-24,Chandigarh,North
12985,2025-07-28,Bangalore,South
12986,2025-07-15,Bhopal,Central
12987,2025-04-24,Nagpur,Central
12988,2025-02-10,Chennai,South
12989,2025-09-09,Mumbai,West
12990,2025-11-06,Bangalore,South
12991,2025-07-14,Patna,East
12992,2025-10-10,Lucknow,North
12993,2025-10-21,Mumbai,West
12994,2025-07-04,Chennai,South
12995,2025-03-24,Bangalore,South
12996,2025-04-05,Indore,Central
12997,2025-07-13,Kolkata,East
12998,2025-05-12,Patna,East
12999,2025-07-08,Mumbai,West
13000,2025-04-09,Delhi,North
13001,2025-11-22,Indore,Central
13002,2025-11-23,Chennai,South
13003,2025-02-12,Nagpur,Central
13004,2025-01-14,Delhi,North
13005,2025-11-24,Delhi,North
13006,2025-09-19,Jaipur,North
13007,2025-04-03,Nagpur,Central
13008,2025-10-02,Indore,Central
13009,2025-10-15,Hyderabad,South
13010,2025-09-03,Delhi,North
13011,2025-08-19,Lucknow,North
13012,2025-11-21,Jaipur,North
13013,2025-06-28,Ahmedabad,West
13014,2025-01-26,Delhi,North
13015,2025-02-13,Patna,East
13016,2025-09-22,Kolkata,East
13017,2025-05-02,Indore,Central
13018,2025-06-28,Pune,West
13019,2025-05-14,Hyderabad,South
13020,2025-03-21,Patna,East
13021,2025-07-24,Lucknow,North
13022,2025-03-26,Chandigarh,North
13023,2025-06-02,Chandigarh,North
13024,2025-07-24,Ahmedabad,West
13025,2025-09-12,Ahmedabad,West
13026,2025-10-11,Mumbai,West
13027,2025-07-07,Hyderabad,South
13028,2025-05-06,Bangalore,South
13029,2025-05-09,Chennai,South
13030,2025-03-01,Hyderabad,South
13031,2025-05-30,Chennai,South
13032,2025-03-15,Delhi,North
13033,2025-08-02,Bangalore,South
13034,2025-11-23,Hyderabad,South
13035,2025-06-21,Chennai,South
13036,2025-01-20,Ahmedabad,West
13037,2025-06-26,Jaipur,North
13038,2025-07-26,Delhi,North
13039,2025-10-02,Jaipur,North
13040,2025-02-21,Nagpur,Central
13041,2025-08-21,Hyderabad,South
13042,2025-10-29,Lucknow,North
13043,2025-06-18,Chandigarh,North
13044,2025-07-28,Bhopal,Central
13045,2025-03-13,Chennai,South
13046,2025-10-11,Lucknow,North
13047,2025-04-08,Bangalore,South
13048,2025-10-27,Pune,West
13049,2025-05-11,Indore,Central
13050,2025-08-14,Pune,West
13051,2025-04-03,Bhopal,Central
13052,2025-11-03,Hyderabad,South
13053,2025-01-14,Nagpur,Central
13054,2025-01-25,Jaipur,North
13055,2025-06-14,Delhi,North
13056,2025-03-16,Lucknow,North
13057,2025-11-04,Mumbai,West
13058,2025-11-09,Delhi,North
13059,2025-05-17,Nagpur,Central
13060,2025-05-02,Bangalore,South
13061,2025-10-19,Pune,West
13062,2025-06-10,Bangalore,South
13063,2025-04-17,Hyderabad,South
13064,2025-04-20,Indore,Central
13065,2025-04-06,Hyderabad,South
13066,2025-02-28,Lucknow,North
13067,2025-11-28,Kolkata,East
13068,2025-03-14,Lucknow,North
13069,2025-07-16,Indore,Central
13070,2025-05-05,Pune,West
13071,2025-03-18,Bangalore,South
13072,2025-02-21,Bhopal,Central
13073,2025-05-11,Chennai,South
13074,2025-05-27,Ahmedabad,West
13075,2025-07-09,Nagpur,Central
13076,2025-08-19,Pune,West
13077,2025-04-28,Chandigarh,North
13078,2025-08-02,Jaipur,North
13079,2025-07-28,Bhopal,Central
13080,2025-02-22,Bhopal,Central
13081,2025-07-10,Hyderabad,South
13082,2025-02-14,Hyderabad,South
13083,2025-05-24,Hyderabad,South
13084,2025-03-21,Lucknow,North
13085,2025-10-21,Hyderabad,South
13086,2025-10-06,Bangalore,South
13087,2025-10-03,Mumbai,West
13088,2025-10-25,Bhopal,Central
13089,2025-06-07,Lucknow,North
13090,2025-01-27,Delhi,North
13091,2025-05-22,Bangalore,South
13092,2025-03-27,Mumbai,West
13093,2025-10-13,Bangalore,South
13094,2025-02-28,Hyderabad,South
13095,2025-08-08,Nagpur,Central
13096,2025-11-22,Indore,Central
13097,2025-04-04,Chennai,South
13098,2025-03-19,Delhi,North
13099,2025-11-12,Chennai,South
13100,2025-06-28,Delhi,North
13101,2025-05-25,Mumbai,West
13102,2025-05-14,Chennai,South
13103,2025-05-20,Chennai,South
13104,2025-06-03,Jaipur,North
13105,2025-12-10,Ahmedabad,West
13106,2025-08-29,Kolkata,East
13107,2025-04-30,Chennai,South
13108,2025-03-15,Patna,East
13109,2025-03-26,Patna,East
13110,2025-04-22,Hyderabad,South
13111,2025-09-22,Mumbai,West
13112,2025-06-01,Jaipur,North
13113,2025-10-07,Bangalore,South
13114,2025-07-12,Chennai,South
13115,2025-11-04,Pune,West
13116,2025-10-15,Pune,West
13117,2025-10-16,Chennai,South
13118,2025-09-21,Ahmedabad,West
13119,2025-11-23,Bhopal,Central
13120,2025-12-23,Chennai,South
13121,2025-06-03,Ahmedabad,West
13122,2025-02-20,Delhi,North
13123,2025-02-02,Chennai,South
13124,2025-11-26,Lucknow,North
13125,2025-08-12,Delhi,North
13126,2025-04-05,Bangalore,South
13127,2025-10-09,Delhi,North
13128,2025-04-05,Jaipur,North
13129,2025-06-21,Jaipur,North
13130,2025-07-06,Hyderabad,South
13131,2025-08-22,Ahmedabad,West
13132,2025-05-29,Chennai,South
13133,2025-11-12,Ahmedabad,West
13134,2025-04-19,Mumbai,West
13135,2025-11-30,Pune,West
13136,2025-04-30,Patna,East
13137,2025-05-26,Chandigarh,North
13138,2025-08-18,Mumbai,West
13139,2025-06-16,Chandigarh,North
13140,2025-09-04,Hyderabad,South
13141,2025-02-04,Nagpur,Central
13142,2025-07-08,Mumbai,West
13143,2025-05-04,Delhi,North
13144,2025-09-08,Bangalore,South
13145,2025-11-13,Bangalore,South
13146,2025-05-27,Pune,West
13147,2025-07-14,Indore,Central
13148,2025-08-01,Ahmedabad,West
13149,2025-01-20,Pune,West
13150,2025-05-18,Jaipur,North
13151,2025-07-01,Mumbai,West
13152,2025-06-14,Hyderabad,South
13153,2025-10-27,Hyderabad,South
13154,2025-07-16,Delhi,North
13155,2025-10-07,Bangalore,South
13156,2025-06-24,Mumbai,West
13157,2025-06-18,Mumbai,West
13158,2025-04-05,Mumbai,West
13159,2025-11-06,Chandigarh,North
13160,2025-08-11,Hyderabad,South
13161,2025-07-20,Pune,West
13162,2025-06-11,Pune,West
13163,2025-03-19,Kolkata,East
13164,2025-10-11,Chennai,South
13165,2025-06-28,Delhi,North
13166,2025-06-22,Mumbai,West
13167,2025-05-11,Chennai,South
13168,2025-11-15,Hyderabad,South
13169,2025-08-15,Ahmedabad,West
13170,2025-10-15,Kolkata,East
13171,2025-04-17,Jaipur,North
13172,2025-04-20,Bangalore,South
13173,2025-09-21,Hyderabad,South
13174,2025-11-08,Chandigarh,North
13175,2025-07-21,Mumbai,West
13176,2025-04-03,Jaipur,North
13177,2025-08-18,Jaipur,North
13178,2025-03-23,Hyderabad,South
13179,2025-07-21,Delhi,North
13180,2025-05-03,Mumbai,West
13181,2025-03-17,Bangalore,South
13182,2025-11-23,Chennai,South
13183,2025-10-10,Hyderabad,South
13184,2025-04-06,Hyderabad,South
13185,2025-02-03,Jaipur,North
13186,2025-10-07,Nagpur,Central
13187,2025-11-27,Mumbai,West
13188,2025-03-26,Indore,Central
13189,2025-07-05,Nagpur,Central
13190,2025-08-09,Chandigarh,North
13191,2025-08-16,Bhopal,Central
13192,2025-04-19,Hyderabad,South
13193,2025-05-12,Bangalore,South
13194,2025-11-08,Kolkata,East
13195,2025-03-28,Kolkata,East
13196,2025-06-04,Indore,Central
13197,2025-11-23,Nagpur,Central
13198,2025-04-24,Pune,West
13199,2025-06-03,Hyderabad,South
13200,2025-02-10,Hyderabad,South
13201,2025-08-24,Bangalore,South
13202,2025-10-16,Kolkata,East
13203,2025-05-20,Pune,West
13204,2025-10-04,Nagpur,Central
13205,2025-10-23,Ahmedabad,West
13206,2025-07-14,Chandigarh,North
13207,2025-03-22,Pune,West
13208,2025-01-10,Nagpur,Central
13209,2025-05-08,Delhi,North
13210,2025-11-05,Nagpur,Central
13211,2025-03-06,Jaipur,North
13212,2025-05-09,Hyderabad,South
13213,2025-08-30,Chennai,South
13214,2025-02-11,Patna,East
13215,2025-01-19,Bangalore,South
13216,2025-11-01,Bangalore,South
13217,2025-10-22,Delhi,North
13218,2025-10-18,Pune,West
13219,2025-11-10,Patna,East
13220,2025-07-21,Chennai,South
13221,2025-04-22,Delhi,North
13222,2025-11-21,Indore,Central
13223,2025-10-25,Lucknow,North
13224,2025-03-20,Chandigarh,North
13225,2025-06-01,Delhi,North
13226,2025-03-15,Mumbai,West
13227,2025-10-07,Delhi,North
13228,2025-11-25,Lucknow,North
13229,2025-10-06,Chennai,South
13230,2025-07-11,Hyderabad,South
13231,2025-02-27,Chennai,South
13232,2025-05-13,Chennai,South
13233,2025-09-05,Indore,Central
13234,2025-07-18,Mumbai,West
13235,2025-04-01,Lucknow,North
13236,2025-04-18,Bhopal,Central
13237,2025-03-17,Hyderabad,South
13238,2025-11-22,Jaipur,North
13239,2025-06-10,Bhopal,Central
13240,2025-07-17,Indore,Central
13241,2025-06-02,Mumbai,West
13242,2025-02-11,Bangalore,South
13243,2025-11-22,Chennai,South
13244,2025-08-17,Kolkata,East
13245,2025-04-25,Lucknow,North
13246,2025-03-10,Pune,West
13247,2025-02-09,Bangalore,South
13248,2025-03-31,Delhi,North
13249,2025-10-23,Kolkata,East
13250,2025-11-07,Hyderabad,South
13251,2025-03-08,Kolkata,East
13252,2025-09-10,Hyderabad,South
13253,2025-02-10,Bangalore,South
13254,2025-02-08,Delhi,North
13255,2025-05-21,Bangalore,South
13256,2025-05-19,Hyderabad,South
13257,2025-04-22,Hyderabad,South
13258,2025-10-21,Chennai,South
13259,2025-02-18,Chennai,South
13260,2025-11-20,Mumbai,West
13261,2025-05-06,Pune,West
13262,2025-08-12,Hyderabad,South
13263,2025-04-08,Pune,West
13264,2025-06-14,Lucknow,North
13265,2025-03-11,Ahmedabad,West
13266,2025-08-12,Patna,East
13267,2025-11-01,Delhi,North
13268,2025-05-25,Kolkata,East
13269,2025-11-25,Patna,East
13270,2025-06-23,Indore,Central
13271,2025-07-17,Delhi,North
13272,2025-03-28,Hyderabad,South
13273,2025-06-29,Mumbai,West
13274,2025-05-21,Pune,West
13275,2025-03-17,Lucknow,North
13276,2025-03-08,Hyderabad,South
13277,2025-10-13,Ahmedabad,West
13278,2025-12-04,Kolkata,East
13279,2025-09-24,Hyderabad,South
13280,2025-03-12,Indore,Central
13281,2025-06-17,Kolkata,East
13282,2025-08-16,Hyderabad,South
13283,2025-02-22,Lucknow,North
13284,2025-04-06,Mumbai,West
13285,2025-02-26,Jaipur,North
13286,2025-02-27,Patna,East
13287,2025-03-14,Nagpur,Central
13288,2025-01-10,Bangalore,South
13289,2025-06-15,Bangalore,South
13290,2025-06-18,Chennai,South
13291,2025-08-07,Jaipur,North
13292,2025-02-21,Chennai,South
13293,2025-06-11,Jaipur,North
13294,2025-05-18,Chennai,South
13295,2025-10-05,Delhi,North
13296,2025-11-12,Delhi,North
13297,2025-02-12,Bhopal,Central
13298,2025-11-06,Kolkata,East
13299,2025-06-02,Delhi,North
13300,2025-04-12,Chennai,South
13301,2025-05-04,Jaipur,North
13302,2025-11-12,Chennai,South
13303,2025-07-30,Kolkata,East
13304,2025-04-18,Bhopal,Central
13305,2025-04-12,Lucknow,North
13306,2025-03-12,Lucknow,North
13307,2025-04-30,Ahmedabad,West
13308,2025-04-14,Bhopal,Central
13309,2025-04-02,Indore,Central
13310,2025-02-24,Ahmedabad,West
13311,2025-05-31,Chennai,South
13312,2025-08-01,Hyderabad,South
13313,2025-05-19,Mumbai,West
13314,2025-11-11,Jaipur,North
13315,2025-05-10,Lucknow,North
13316,2025-03-05,Delhi,North
13317,2025-05-12,Delhi,North
13318,2025-05-05,Hyderabad,South
13319,2025-07-03,Patna,East
13320,2025-11-02,Pune,West
13321,2025-04-05,Jaipur,North
13322,2025-05-07,Delhi,North
13323,2025-10-01,Ahmedabad,West
13324,2025-10-19,Mumbai,West
13325,2025-09-10,Kolkata,East
13326,2025-12-02,Hyderabad,South
13327,2025-07-18,Bangalore,South
13328,2025-11-02,Mumbai,West
13329,2025-07-18,Mumbai,West
13330,2025-04-16,Chandigarh,North
13331,2025-03-19,Hyderabad,South
13332,2025-05-19,Chennai,South
13333,2025-04-28,Ahmedabad,West
13334,2025-12-27,Patna,East
13335,2025-03-01,Bangalore,South
13336,2025-04-21,Kolkata,East
13337,2025-10-10,Indore,Central
13338,2025-09-30,Bangalore,South
13339,2025-09-17,Mumbai,West
13340,2025-09-09,Delhi,North
13341,2025-06-22,Bhopal,Central
13342,2025-11-01,Bangalore,South
13343,2025-03-12,Hyderabad,South
13344,2025-03-06,Kolkata,East
13345,2025-10-10,Jaipur,North
13346,2025-05-06,Bangalore,South
13347,2025-07-15,Kolkata,East
13348,2025-03-24,Hyderabad,South
13349,2025-02-02,Bangalore,South
13350,2025-11-01,Kolkata,East
13351,2025-04-16,Chandigarh,North
13352,2025-12-29,Delhi,North
13353,2025-11-10,Patna,East
13354,2025-02-26,Kolkata,East
13355,2025-07-24,Delhi,North
13356,2025-02-11,Pune,West
13357,2025-04-09,Delhi,North
13358,2025-12-03,Bhopal,Central
13359,2025-11-17,Indore,Central
13360,2025-05-25,Bangalore,South
13361,2025-02-07,Chennai,South
13362,2025-05-23,Mumbai,West
13363,2025-11-26,Delhi,North
13364,2025-10-20,Chennai,South
13365,2025-10-14,Chennai,South
13366,2025-06-12,Lucknow,North
13367,2025-01-25,Bangalore,South
13368,2025-06-30,Chandigarh,North
13369,2025-08-30,Chandigarh,North
13370,2025-06-30,Chennai,South
13371,2025-10-02,Bhopal,Central
13372,2025-11-25,Chennai,South
13373,2025-03-21,Hyderabad,South
13374,2025-05-14,Ahmedabad,West
13375,2025-05-13,Delhi,North
13376,2025-06-13,Pune,West
13377,2025-02-06,Indore,Central
13378,2025-03-22,Indore,Central
13379,2025-01-29,Pune,West
13380,2025-07-10,Kolkata,East
13381,2025-07-20,Delhi,North
13382,2025-04-05,Delhi,North
13383,2025-03-29,Ahmedabad,West
13384,2025-03-30,Hyderabad,South
13385,2025-07-26,Mumbai,West
13386,2025-09-25,Bangalore,South
13387,2025-03-30,Pune,West
13388,2025-07-18,Mumbai,West
13389,2025-02-23,Ahmedabad,West
13390,2025-06-01,Chennai,South
13391,2025-08-10,Hyderabad,South
13392,2025-06-03,Hyderabad,South
13393,2025-03-09,Hyderabad,South
13394,2025-09-04,Bhopal,Central
13395,2025-08-03,Bangalore,South
13396,2025-03-29,Chennai,South
13397,2025-02-19,Pune,West
13398,2025-10-08,Delhi,North
13399,2025-03-14,Chennai,South
13400,2025-08-19,Hyderabad,South
13401,2025-10-15,Nagpur,Central
13402,2025-12-18,Lucknow,North
13403,2025-10-30,Hyderabad,South
13404,2025-06-21,Bangalore,South
13405,2025-03-10,Bangalore,South
13406,2025-03-07,Chennai,South
13407,2025-04-27,Jaipur,North
13408,2025-02-22,Chandigarh,North
13409,2025-10-24,Mumbai,West
13410,2025-05-04,Chandigarh,North
13411,2025-10-17,Delhi,North
13412,2025-08-22,Delhi,North
13413,2025-05-22,Bangalore,South
13414,2025-04-01,Delhi,North
13415,2025-06-03,Nagpur,Central
13416,2025-03-12,Chennai,South
13417,2025-10-31,Hyderabad,South
13418,2025-03-18,Nagpur,Central
13419,2025-05-14,Bhopal,Central
13420,2025-03-10,Pune,West
13421,2025-02-26,Chandigarh,North
13422,2025-05-22,Hyderabad,South
13423,2025-04-05,Bhopal,Central
13424,2025-10-22,Ahmedabad,West
13425,2025-03-12,Patna,East
13426,2025-09-15,Jaipur,North
13427,2025-10-22,Hyderabad,South
13428,2025-03-24,Jaipur,North
13429,2025-10-17,Hyderabad,South
13430,2025-06-20,Delhi,North
13431,2025-10-07,Chennai,South
13432,2025-08-14,Chandigarh,North
13433,2025-02-17,Delhi,North
13434,2025-02-05,Lucknow,North
13435,2025-05-10,Bangalore,South
13436,2025-11-19,Indore,Central
13437,2025-08-07,Mumbai,West
13438,2025-05-24,Ahmedabad,West
13439,2025-04-25,Nagpur,Central
13440,2025-09-25,Bangalore,South
13441,2025-04-23,Chennai,South
13442,2025-03-06,Ahmedabad,West
13443,2025-06-10,Patna,East
13444,2025-08-05,Kolkata,East
13445,2025-05-24,Bangalore,South
13446,2025-02-06,Bhopal,Central
13447,2025-10-26,Mumbai,West
13448,2025-04-17,Jaipur,North
13449,2025-07-05,Bhopal,Central
13450,2025-08-28,Chennai,South
13451,2025-10-14,Pune,West
13452,2025-04-26,Kolkata,East
13453,2025-10-05,Bhopal,Central
13454,2025-06-06,Mumbai,West
13455,2025-01-20,Bangalore,South
13456,2025-04-25,Nagpur,Central
13457,2025-07-07,Hyderabad,South
13458,2025-04-05,Mumbai,West
13459,2025-10-02,Bhopal,Central
13460,2025-06-12,Bangalore,South
13461,2025-04-18,Patna,East
13462,2025-08-22,Chennai,South
13463,2025-05-19,Mumbai,West
13464,2025-05-12,Lucknow,North
13465,2025-10-31,Kolkata,East
13466,2025-05-13,Lucknow,North
13467,2025-06-03,Lucknow,North
13468,2025-03-20,Indore,Central
13469,2025-07-03,Hyderabad,South
13470,2025-10-17,Chennai,South
13471,2025-04-22,Mumbai,West
13472,2025-05-23,Pune,West
13473,2025-03-05,Bangalore,South
13474,2025-11-26,Mumbai,West
13475,2025-03-31,Chennai,South
13476,2025-10-04,Delhi,North
13477,2025-05-25,Delhi,North
13478,2025-04-22,Ahmedabad,West
13479,2025-11-26,Mumbai,West
13480,2025-04-25,Nagpur,Central
13481,2025-05-09,Pune,West
13482,2025-01-18,Mumbai,West
13483,2025-11-18,Lucknow,North
13484,2025-10-20,Mumbai,West
13485,2025-03-23,Jaipur,North
13486,2025-05-24,Patna,East
13487,2025-05-03,Kolkata,East
13488,2025-11-21,Jaipur,North
13489,2025-08-24,Delhi,North
13490,2025-05-27,Chennai,South
13491,2025-01-20,Patna,East
13492,2025-02-15,Bangalore,South
13493,2025-08-10,Bangalore,South
13494,2025-01-25,Delhi,North
13495,2025-04-18,Kolkata,East
13496,2025-06-13,Bangalore,South
13497,2025-06-25,Chandigarh,North
13498,2025-09-03,Mumbai,West
13499,2025-07-05,Hyderabad,South
13500,2025-11-26,Lucknow,North
13501,2025-08-15,Mumbai,West
13502,2025-10-18,Pune,West
13503,2025-11-20,Delhi,North
13504,2025-10-29,Chennai,South
13505,2025-03-03,Delhi,North
13506,2025-08-05,Bhopal,Central
13507,2025-11-01,Pune,West
13508,2025-04-10,Ahmedabad,West
13509,2025-09-11,Hyderabad,South
13510,2025-11-03,Pune,West
13511,2025-10-07,Bangalore,South
13512,2025-05-12,Chandigarh,North
13513,2025-10-09,Ahmedabad,West
13514,2025-05-19,Kolkata,East
13515,2025-10-02,Hyderabad,South
13516,2025-11-03,Ahmedabad,West
13517,2025-06-18,Mumbai,West
13518,2025-04-27,Bhopal,Central
13519,2025-08-17,Bangalore,South
13520,2025-03-14,Chennai,South
13521,2025-03-03,Bangalore,South
13522,2025-02-11,Mumbai,West
13523,2025-05-07,Bangalore,South
13524,2025-04-23,Nagpur,Central
13525,2025-08-10,Kolkata,East
13526,2025-02-28,Patna,East
13527,2025-04-20,Chandigarh,North
13528,2025-04-26,Hyderabad,South
13529,2025-09-01,Pune,West
13530,2025-09-16,Mumbai,West
13531,2025-08-20,Patna,East
13532,2025-11-04,Delhi,North
13533,2025-10-14,Mumbai,West
13534,2025-07-12,Delhi,North
13535,2025-03-23,Bangalore,South
13536,2025-08-08,Chennai,South
13537,2025-05-20,Mumbai,West
13538,2025-05-02,Ahmedabad,West
13539,2025-03-07,Patna,East
13540,2025-04-13,Delhi,North
13541,2025-09-16,Bangalore,South
13542,2025-02-25,Nagpur,Central
13543,2025-06-18,Mumbai,West
13544,2025-02-04,Indore,Central
13545,2025-10-04,Bangalore,South
13546,2025-10-22,Ahmedabad,West
13547,2025-10-18,Ahmedabad,West
13548,2025-10-22,Jaipur,North
13549,2025-06-04,Patna,East
13550,2025-05-18,Hyderabad,South
13551,2025-06-10,Bangalore,South
13552,2025-08-04,Ahmedabad,West
13553,2025-08-04,Bhopal,Central
13554,2025-10-05,Delhi,North
13555,2025-07-11,Chandigarh,North
13556,2025-03-28,Bangalore,South
13557,2025-11-12,Hyderabad,South
13558,2025-01-31,Ahmedabad,West
13559,2025-02-04,Delhi,North
13560,2025-08-30,Jaipur,North
13561,2025-06-16,Delhi,North
13562,2025-04-19,Delhi,North
13563,2025-10-08,Jaipur,North
13564,2025-11-27,Jaipur,North
13565,2025-07-10,Hyderabad,South
13566,2025-08-12,Bangalore,South
13567,2025-04-24,Mumbai,West
13568,2025-10-30,Hyderabad,South
13569,2025-11-23,Bhopal,Central
13570,2025-03-05,Chandigarh,North
13571,2025-06-19,Bangalore,South
13572,2025-02-05,Bangalore,South
13573,2025-04-13,Chandigarh,North
13574,2025-04-24,Lucknow,North
13575,2025-04-07,Ahmedabad,West
13576,2025-03-18,Pune,West
13577,2025-04-22,Chennai,South
13578,2025-09-23,Hyderabad,South
13579,2025-06-02,Indore,Central
13580,2025-07-10,Kolkata,East
13581,2025-07-22,Chennai,South
13582,2025-10-25,Delhi,North
13583,2025-10-26,Hyderabad,South
13584,2025-03-22,Jaipur,North
13585,2025-08-04,Bangalore,South
13586,2025-04-28,Delhi,North
13587,2025-06-06,Bhopal,Central
13588,2025-10-09,Chennai,South
13589,2025-04-24,Chennai,South
13590,2025-07-21,Bangalore,South
13591,2025-05-27,Mumbai,West
13592,2025-10-23,Chennai,South
13593,2025-08-02,Indore,Central
13594,2025-06-25,Bhopal,Central
13595,2025-06-21,Delhi,North
13596,2025-05-16,Hyderabad,South
13597,2025-05-14,Jaipur,North
13598,2025-04-28,Mumbai,West
13599,2025-07-12,Mumbai,West
13600,2025-03-24,Chandigarh,North
13601,2025-03-13,Delhi,North
13602,2025-08-11,Hyderabad,South
13603,2025-11-01,Delhi,North
13604,2025-05-17,Hyderabad,South
13605,2025-02-25,Chennai,South
13606,2025-09-20,Bangalore,South
13607,2025-05-14,Bangalore,South
13608,2025-09-28,Kolkata,East
13609,2025-10-23,Hyderabad,South
13610,2025-03-22,Chennai,South
13611,2025-08-28,Pune,West
13612,2025-10-08,Bhopal,Central
13613,2025-08-29,Mumbai,West
13614,2025-06-30,Bangalore,South
13615,2025-09-24,Mumbai,West
13616,2025-12-04,Ahmedabad,West
13617,2025-07-23,Hyderabad,South
13618,2025-07-17,Hyderabad,South
13619,2025-11-05,Bangalore,South
13620,2025-06-09,Bangalore,South
13621,2025-04-05,Mumbai,West
13622,2025-06-21,Delhi,North
13623,2025-11-17,Bhopal,Central
13624,2025-09-25,Jaipur,North
13625,2025-04-21,Delhi,North
13626,2025-06-10,Hyderabad,South
13627,2025-05-04,Chennai,South
13628,2025-10-10,Delhi,North
13629,2025-08-11,Patna,East
13630,2025-03-27,Nagpur,Central
13631,2025-06-28,Chennai,South
13632,2025-11-15,Hyderabad,South
13633,2025-05-08,Chennai,South
13634,2025-07-17,Kolkata,East
13635,2025-11-07,Lucknow,North
13636,2025-11-28,Nagpur,Central
13637,2025-02-03,Lucknow,North
13638,2025-06-05,Delhi,North
13639,2025-03-20,Jaipur,North
13640,2025-02-26,Jaipur,North
13641,2025-11-22,Kolkata,East
13642,2025-07-27,Bangalore,South
13643,2025-09-07,Lucknow,North
13644,2025-06-05,Lucknow,North
13645,2025-02-13,Jaipur,North
13646,2025-11-05,Pune,West
13647,2025-06-12,Ahmedabad,West
13648,2025-04-28,Kolkata,East
13649,2025-07-02,Pune,West
13650,2025-11-13,Lucknow,North
13651,2025-11-14,Hyderabad,South
13652,2025-10-10,Bangalore,South
13653,2025-11-27,Chennai,South
13654,2025-11-18,Lucknow,North
13655,2025-05-30,Kolkata,East
13656,2025-04-21,Patna,East
13657,2025-06-01,Delhi,North
13658,2025-02-18,Chennai,South
13659,2025-03-23,Delhi,North
13660,2025-11-13,Bangalore,South
13661,2025-11-24,Kolkata,East
13662,2025-01-09,Chennai,South
13663,2025-07-07,Ahmedabad,West
13664,2025-10-12,Kolkata,East
13665,2025-08-01,Delhi,North
13666,2025-07-25,Indore,Central
13667,2025-10-23,Bangalore,South
13668,2025-07-30,Mumbai,West
13669,2025-09-09,Patna,East
13670,2025-03-21,Bhopal,Central
13671,2025-03-28,Delhi,North
13672,2025-02-24,Bangalore,South
13673,2025-07-15,Hyderabad,South
13674,2025-08-12,Hyderabad,South
13675,2025-09-01,Indore,Central
13676,2025-11-24,Lucknow,North
13677,2025-08-25,Mumbai,West
13678,2025-04-12,Indore,Central
13679,2025-08-11,Delhi,North
13680,2025-07-22,Delhi,North
13681,2025-10-04,Bhopal,Central
13682,2025-04-11,Bhopal,Central
13683,2025-07-07,Patna,East
13684,2025-05-09,Ahmedabad,West
13685,2025-11-24,Ahmedabad,West
13686,2025-03-06,Delhi,North
13687,2025-10-14,Lucknow,North
13688,2025-02-19,Patna,East
13689,2025-10-17,Delhi,North
13690,2025-04-21,Ahmedabad,West
13691,2025-09-25,Chennai,South
13692,2025-10-10,Bangalore,South
13693,2025-08-01,Pune,West
13694,2025-02-26,Hyderabad,South
13695,2025-10-01,Ahmedabad,West
13696,2025-06-16,Bangalore,South
13697,2025-04-14,Patna,East
13698,2025-08-20,Hyderabad,South
13699,2025-06-01,Chennai,South
13700,2025-08-04,Hyderabad,South
13701,2025-09-05,Indore,Central
13702,2025-05-17,Lucknow,North
13703,2025-11-23,Lucknow,North
13704,2025-05-24,Hyderabad,South
13705,2025-10-26,Delhi,North
13706,2025-07-12,Mumbai,West
13707,2025-01-31,Lucknow,North
13708,2025-06-14,Delhi,North
13709,2025-06-23,Bhopal,Central
13710,2025-07-18,Ahmedabad,West
13711,2025-05-21,Hyderabad,South
13712,2025-11-27,Bangalore,South
13713,2025-06-13,Jaipur,North
13714,2025-04-24,Hyderabad,South
13715,2025-11-02,Chennai,South
13716,2025-07-21,Hyderabad,South
13717,2025-10-14,Kolkata,East
13718,2025-08-05,Pune,West
13719,2025-10-07,Bangalore,South
13720,2025-06-17,Hyderabad,South
13721,2025-11-06,Chennai,South
13722,2025-06-03,Pune,West
13723,2025-05-10,Delhi,North
13724,2025-05-19,Chennai,South
13725,2025-10-14,Indore,Central
13726,2025-02-11,Indore,Central
13727,2025-03-27,Bhopal,Central
13728,2025-08-12,Bhopal,Central
13729,2025-01-14,Bangalore,South
13730,2025-11-06,Chennai,South
13731,2025-04-05,Mumbai,West
13732,2025-06-10,Chennai,South
13733,2025-08-11,Chandigarh,North
13734,2025-08-09,Lucknow,North
13735,2025-08-26,Pune,West
13736,2025-04-06,Delhi,North
13737,2025-06-16,Indore,Central
13738,2025-04-06,Nagpur,Central
13739,2025-01-31,Delhi,North
13740,2025-08-22,Patna,East
13741,2025-01-24,Delhi,North
13742,2025-11-26,Bangalore,South
13743,2025-04-11,Lucknow,North
13744,2025-10-25,Pune,West
13745,2025-12-18,Bangalore,South
13746,2025-05-21,Hyderabad,South
13747,2025-03-22,Indore,Central
13748,2025-11-27,Lucknow,North
13749,2025-06-16,Ahmedabad,West
13750,2025-07-25,Bangalore,South
13751,2025-07-08,Bangalore,South
13752,2025-11-07,Hyderabad,South
13753,2025-08-20,Hyderabad,South
13754,2025-11-17,Mumbai,West
13755,2025-06-27,Bangalore,South
13756,2025-06-24,Lucknow,North
13757,2025-02-01,Delhi,North
13758,2025-07-15,Indore,Central
13759,2025-03-23,Hyderabad,South
13760,2025-04-01,Chennai,South
13761,2025-08-14,Mumbai,West
13762,2025-10-09,Hyderabad,South
13763,2025-04-16,Mumbai,West
13764,2025-06-25,Bhopal,Central
13765,2025-04-28,Pune,West
13766,2025-11-15,Hyderabad,South
13767,2025-04-07,Mumbai,West
13768,2025-07-16,Ahmedabad,West
13769,2025-04-26,Jaipur,North
13770,2025-11-17,Delhi,North
13771,2025-03-15,Kolkata,East
13772,2025-05-30,Chandigarh,North
13773,2025-08-05,Lucknow,North
13774,2025-06-26,Nagpur,Central
13775,2025-07-18,Patna,East
13776,2025-08-01,Nagpur,Central
13777,2025-07-27,Hyderabad,South
13778,2025-11-06,Lucknow,North
13779,2025-11-11,Pune,West
13780,2025-03-28,Jaipur,North
13781,2025-10-23,Nagpur,Central
13782,2025-10-05,Bangalore,South
13783,2025-03-09,Mumbai,West
13784,2025-03-11,Chennai,South
13785,2025-04-14,Hyderabad,South
13786,2025-11-25,Chennai,South
13787,2025-07-01,Jaipur,North
13788,2025-10-04,Hyderabad,South
13789,2025-10-24,Jaipur,North
13790,2025-11-23,Kolkata,East
13791,2025-09-01,Bangalore,South
13792,2025-11-08,Mumbai,West
13793,2025-10-01,Ahmedabad,West
13794,2025-02-21,Lucknow,North
13795,2025-11-12,Chandigarh,North
13796,2025-11-10,Nagpur,Central
13797,2025-08-22,Patna,East
13798,2025-06-06,Ahmedabad,West
13799,2025-08-30,Patna,East
13800,2025-06-24,Bhopal,Central
13801,2025-11-04,Chandigarh,North
13802,2025-06-05,Bangalore,South
13803,2025-05-18,Indore,Central
13804,2025-08-26,Chennai,South
13805,2025-02-16,Kolkata,East
13806,2025-06-10,Hyderabad,South
13807,2025-04-03,Hyderabad,South
13808,2025-06-12,Mumbai,West
13809,2025-11-23,Hyderabad,South
13810,2025-06-03,Bangalore,South
13811,2025-05-10,Patna,East
13812,2025-05-27,Mumbai,West
13813,2025-10-24,Hyderabad,South
13814,2025-06-07,Hyderabad,South
13815,2025-07-20,Jaipur,North
13816,2025-06-09,Mumbai,West
13817,2025-05-10,Chennai,South
13818,2025-06-13,Bangalore,South
13819,2025-02-18,Jaipur,North
13820,2025-08-31,Hyderabad,South
13821,2025-07-22,Bangalore,South
13822,2025-09-05,Bangalore,South
13823,2025-11-24,Patna,East
13824,2025-04-16,Chennai,South
13825,2025-05-13,Jaipur,North
13826,2025-10-20,Delhi,North
13827,2025-11-17,Bangalore,South
13828,2025-08-26,Bangalore,South
13829,2025-08-23,Hyderabad,South
13830,2025-07-06,Mumbai,West
13831,2025-05-04,Hyderabad,South
13832,2025-11-19,Bangalore,South
13833,2025-02-07,Jaipur,North
13834,2025-08-06,Patna,East
13835,2025-10-04,Chennai,South
13836,2025-07-26,Pune,West
13837,2025-01-31,Bhopal,Central
13838,2025-07-16,Patna,East
13839,2025-11-19,Chennai,South
13840,2025-08-11,Lucknow,North
13841,2025-03-16,Delhi,North
13842,2025-07-31,Ahmedabad,West
13843,2025-10-06,Mumbai,West
13844,2025-10-01,Chennai,South
13845,2025-05-19,Mumbai,West
13846,2025-02-04,Delhi,North
13847,2025-11-01,Ahmedabad,West
13848,2025-10-02,Hyderabad,South
13849,2025-07-02,Lucknow,North
13850,2025-11-24,Bangalore,South
13851,2025-05-18,Bangalore,South
13852,2025-02-16,Lucknow,North
13853,2025-06-28,Chandigarh,North
13854,2025-03-21,Delhi,North
13855,2025-10-04,Chennai,South
13856,2025-02-18,Chandigarh,North
13857,2025-04-23,Hyderabad,South
13858,2025-07-23,Patna,East
13859,2025-08-28,Pune,West
13860,2025-10-08,Bangalore,South
13861,2025-05-31,Bangalore,South
13862,2025-10-08,Mumbai,West
13863,2025-06-12,Delhi,North
13864,2025-09-04,Chandigarh,North
13865,2025-04-14,Pune,West
13866,2025-11-13,Lucknow,North
13867,2025-10-14,Kolkata,East
13868,2025-10-04,Mumbai,West
13869,2025-05-05,Jaipur,North
13870,2025-10-04,Bangalore,South
13871,2025-08-04,Lucknow,North
13872,2025-06-21,Hyderabad,South
13873,2025-08-01,Pune,West
13874,2025-05-16,Indore,Central
13875,2025-03-16,Bangalore,South
13876,2025-09-27,Mumbai,West
13877,2025-05-22,Lucknow,North
13878,2025-04-13,Mumbai,West
13879,2025-03-19,Ahmedabad,West
13880,2025-11-23,Chandigarh,North
13881,2025-08-24,Bangalore,South
13882,2025-02-26,Bangalore,South
13883,2025-10-10,Kolkata,East
13884,2025-07-15,Chennai,South
13885,2025-07-22,Chennai,South
13886,2025-07-19,Indore,Central
13887,2025-08-16,Pune,West
13888,2025-11-17,Bangalore,South
13889,2025-05-24,Chennai,South
13890,2025-11-13,Lucknow,North
13891,2025-01-07,Ahmedabad,West
13892,2025-08-14,Nagpur,Central
13893,2025-06-15,Bangalore,South
13894,2025-05-17,Indore,Central
13895,2025-07-04,Jaipur,North
13896,2025-10-09,Kolkata,East
13897,2025-05-21,Pune,West
13898,2025-01-28,Chennai,South
13899,2025-08-03,Nagpur,Central
13900,2025-03-03,Delhi,North
13901,2025-10-27,Bangalore,South
13902,2025-02-14,Bhopal,Central
13903,2025-04-11,Pune,West
13904,2025-11-28,Nagpur,Central
13905,2025-05-22,Ahmedabad,West
13906,2025-06-03,Mumbai,West
13907,2025-11-06,Nagpur,Central
13908,2025-11-24,Delhi,North
13909,2025-04-17,Bhopal,Central
13910,2025-06-30,Bangalore,South
13911,2025-10-10,Nagpur,Central
13912,2025-04-18,Chennai,South
13913,2025-06-08,Jaipur,North
13914,2025-04-03,Patna,East
13915,2025-06-27,Delhi,North
13916,2025-05-24,Ahmedabad,West
13917,2025-06-06,Patna,East
13918,2025-11-24,Jaipur,North
13919,2025-04-01,Indore,Central
13920,2025-08-08,Mumbai,West
13921,2025-04-11,Chennai,South
13922,2025-10-17,Bangalore,South
13923,2025-04-24,Chennai,South
13924,2025-06-19,Hyderabad,South
13925,2025-09-08,Kolkata,East
13926,2025-08-16,Hyderabad,South
13927,2025-10-16,Chennai,South
13928,2025-07-16,Bangalore,South
13929,2025-10-07,Chandigarh,North
13930,2025-09-10,Lucknow,North
13931,2025-03-16,Hyderabad,South
13932,2025-04-04,Chandigarh,North
13933,2025-01-13,Mumbai,West
13934,2025-03-03,Bhopal,Central
13935,2025-11-15,Jaipur,North
13936,2025-02-15,Bangalore,South
13937,2025-06-20,Jaipur,North
13938,2025-07-17,Lucknow,North
13939,2025-08-15,Delhi,North
13940,2025-09-25,Nagpur,Central
13941,2025-05-11,Hyderabad,South
13942,2025-11-03,Delhi,North
13943,2025-08-17,Chennai,South
13944,2025-12-02,Delhi,North
13945,2025-11-08,Hyderabad,South
13946,2025-09-10,Bhopal,Central
13947,2025-05-23,Hyderabad,South
13948,2025-11-06,Mumbai,West
13949,2025-04-16,Kolkata,East
13950,2025-05-24,Patna,East
13951,2025-10-20,Nagpur,Central
13952,2025-01-25,Kolkata,East
13953,2025-01-29,Bhopal,Central
13954,2025-10-25,Pune,West
13955,2025-03-10,Indore,Central
13956,2025-08-18,Kolkata,East
13957,2025-10-03,Bangalore,South
13958,2025-10-11,Bangalore,South
13959,2025-06-05,Jaipur,North
13960,2025-09-13,Bangalore,South
13961,2025-03-08,Hyderabad,South
13962,2025-10-14,Lucknow,North
13963,2025-08-25,Patna,East
13964,2025-11-16,Delhi,North
13965,2025-10-09,Kolkata,East
13966,2025-07-21,Kolkata,East
13967,2025-04-15,Indore,Central
13968,2025-11-04,Chandigarh,North
13969,2025-04-29,Jaipur,North
13970,2025-09-25,Kolkata,East
13971,2025-02-10,Hyderabad,South
13972,2025-05-13,Lucknow,North
13973,2025-01-19,Pune,West
13974,2025-09-07,Bhopal,Central
13975,2025-10-11,Kolkata,East
13976,2025-10-21,Hyderabad,South
13977,2025-05-16,Ahmedabad,West
13978,2025-06-04,Hyderabad,South
13979,2025-02-22,Chennai,South
13980,2025-10-02,Delhi,North
13981,2025-06-17,Hyderabad,South
13982,2025-05-26,Chandigarh,North
13983,2025-05-01,Mumbai,West
13984,2025-08-26,Mumbai,West
13985,2025-09-13,Nagpur,Central
13986,2025-02-14,Delhi,North
13987,2025-03-19,Delhi,North
13988,2025-10-05,Mumbai,West
13989,2025-10-25,Chennai,South
13990,2025-10-14,Bangalore,South
13991,2025-05-06,Delhi,North
13992,2025-07-05,Ahmedabad,West
13993,2025-11-19,Hyderabad,South
13994,2025-08-19,Chennai,South
13995,2025-03-17,Nagpur,Central
13996,2025-03-21,Bangalore,South
13997,2025-02-27,Indore,Central
13998,2025-07-05,Hyderabad,South
13999,2025-04-08,Chennai,South
14000,2025-03-26,Jaipur,North
14001,2025-09-09,Bangalore,South
14002,2025-05-11,Bangalore,South
14003,2025-06-20,Pune,West
14004,2025-03-10,Bangalore,South
14005,2025-11-15,Kolkata,East
14006,2025-10-22,Chandigarh,North
14007,2025-03-02,Chennai,South
14008,2025-01-25,Lucknow,North
14009,2025-11-22,Ahmedabad,West
14010,2025-05-04,Nagpur,Central
14011,2025-10-18,Nagpur,Central
14012,2025-11-01,Nagpur,Central
14013,2025-03-11,Bangalore,South
14014,2025-11-12,Lucknow,North
14015,2025-07-08,Delhi,North
14016,2025-03-18,Delhi,North
14017,2025-08-18,Nagpur,Central
14018,2025-07-03,Bangalore,South
14019,2025-03-14,Patna,East
14020,2025-03-31,Chennai,South
14021,2025-03-14,Bhopal,Central
14022,2025-11-22,Hyderabad,South
14023,2025-02-27,Delhi,North
14024,2025-08-22,Mumbai,West
14025,2025-09-20,Lucknow,North
14026,2025-04-12,Chennai,South
14027,2025-06-22,Lucknow,North
14028,2025-05-02,Hyderabad,South
14029,2025-03-19,Hyderabad,South
14030,2025-07-24,Delhi,North
14031,2025-04-30,Mumbai,West
14032,2025-07-19,Chandigarh,North
14033,2025-06-13,Indore,Central
14034,2025-11-09,Delhi,North
14035,2025-11-24,Kolkata,East
14036,2025-03-07,Kolkata,East
14037,2025-10-05,Chennai,South
14038,2025-09-23,Mumbai,West
14039,2025-04-13,Kolkata,East
14040,2025-04-27,Chennai,South
14041,2025-03-24,Hyderabad,South
14042,2025-11-04,Mumbai,West
14043,2025-03-07,Jaipur,North
14044,2025-02-11,Chennai,South
14045,2025-09-10,Delhi,North
14046,2025-06-08,Delhi,North
14047,2025-08-17,Chennai,South
14048,2025-04-09,Hyderabad,South
14049,2025-10-01,Patna,East
14050,2025-02-24,Bangalore,South
14051,2025-03-20,Pune,West
14052,2025-01-15,Chennai,South
14053,2025-07-31,Lucknow,North
14054,2025-03-11,Kolkata,East
14055,2025-11-27,Chennai,South
14056,2025-10-03,Indore,Central
14057,2025-11-12,Delhi,North
14058,2025-04-16,Nagpur,Central
14059,2025-02-15,Bangalore,South
14060,2025-08-30,Indore,Central
14061,2025-08-03,Ahmedabad,West
14062,2025-10-09,Nagpur,Central
14063,2025-11-08,Ahmedabad,West
14064,2025-03-08,Bangalore,South
14065,2025-10-18,Ahmedabad,West
14066,2025-08-29,Bhopal,Central
14067,2025-01-24,Patna,East
14068,2025-07-13,Mumbai,West
14069,2025-08-05,Ahmedabad,West
14070,2025-05-10,Chennai,South
14071,2025-05-10,Lucknow,North
14072,2025-08-10,Hyderabad,South
14073,2025-04-16,Delhi,North
14074,2025-11-26,Chandigarh,North
14075,2025-05-01,Hyderabad,South
14076,2025-10-29,Ahmedabad,West
14077,2025-05-24,Ahmedabad,West
14078,2025-11-17,Hyderabad,South
14079,2025-10-18,Chennai,South
14080,2025-05-13,Pune,West
14081,2025-04-16,Chennai,South
14082,2025-04-19,Bhopal,Central
14083,2025-05-01,Indore,Central
14084,2025-10-08,Delhi,North
14085,2025-04-02,Hyderabad,South
14086,2025-05-29,Mumbai,West
14087,2025-03-27,Pune,West
14088,2025-06-28,Mumbai,West
14089,2025-10-20,Hyderabad,South
14090,2025-08-24,Kolkata,East
14091,2025-05-13,Nagpur,Central
14092,2025-06-15,Hyderabad,South
14093,2025-10-26,Mumbai,West
14094,2025-11-03,Nagpur,Central
14095,2025-06-15,Jaipur,North
14096,2025-04-19,Kolkata,East
14097,2025-10-12,Pune,West
14098,2025-11-27,Chandigarh,North
14099,2025-10-02,Kolkata,East
14100,2025-05-14,Patna,East
14101,2025-04-07,Lucknow,North
14102,2025-04-23,Lucknow,North
14103,2025-05-01,Mumbai,West
14104,2025-07-21,Bangalore,South
14105,2025-09-21,Lucknow,North
14106,2025-02-04,Mumbai,West
14107,2025-12-10,Jaipur,North
14108,2025-04-10,Hyderabad,South
14109,2025-06-20,Chandigarh,North
14110,2025-05-03,Hyderabad,South
14111,2025-06-08,Nagpur,Central
14112,2025-04-05,Pune,West
14113,2025-11-22,Mumbai,West
14114,2025-09-10,Ahmedabad,West
14115,2025-11-01,Bangalore,South
14116,2025-04-03,Chennai,South
14117,2025-06-25,Mumbai,West
14118,2025-07-07,Delhi,North
14119,2025-05-22,Bhopal,Central
14120,2025-04-07,Hyderabad,South
14121,2025-06-04,Jaipur,North
14122,2025-11-09,Delhi,North
14123,2025-10-26,Ahmedabad,West
14124,2025-11-27,Hyderabad,South
14125,2025-04-25,Ahmedabad,West
14126,2025-10-01,Jaipur,North
14127,2025-11-14,Pune,West
14128,2025-10-22,Bangalore,South
14129,2025-01-18,Pune,West
14130,2025-07-19,Hyderabad,South
14131,2025-06-21,Hyderabad,South
14132,2025-02-13,Delhi,North
14133,2025-10-07,Bangalore,South
14134,2025-09-20,Bangalore,South
14135,2025-05-13,Jaipur,North
14136,2025-01-27,Hyderabad,South
14137,2025-08-03,Bangalore,South
14138,2025-10-28,Hyderabad,South
14139,2025-06-20,Jaipur,North
14140,2025-05-23,Kolkata,East
14141,2025-04-02,Bangalore,South
14142,2025-03-18,Kolkata,East
14143,2025-05-24,Pune,West
14144,2025-08-29,Delhi,North
14145,2025-06-05,Ahmedabad,West
14146,2025-10-04,Kolkata,East
14147,2025-03-23,Jaipur,North
14148,2025-09-29,Mumbai,West
14149,2025-06-17,Delhi,North
14150,2025-11-22,Bangalore,South
14151,2025-07-31,Kolkata,East
14152,2025-05-22,Bhopal,Central
14153,2025-10-06,Bangalore,South
14154,2025-06-07,Bangalore,South
14155,2025-11-28,Ahmedabad,West
14156,2025-04-29,Chandigarh,North
14157,2025-09-08,Bhopal,Central
14158,2025-05-28,Lucknow,North
14159,2025-10-21,Nagpur,Central
14160,2025-06-09,Bangalore,South
14161,2025-08-07,Delhi,North
14162,2025-04-21,Delhi,North
14163,2025-10-20,Ahmedabad,West
14164,2025-11-04,Chennai,South
14165,2025-05-28,Bangalore,South
14166,2025-04-05,Hyderabad,South
14167,2025-11-15,Bangalore,South
14168,2025-05-10,Indore,Central
14169,2025-09-23,Mumbai,West
14170,2025-03-21,Delhi,North
14171,2025-04-19,Kolkata,East
14172,2025-06-21,Bangalore,South
14173,2025-10-08,Ahmedabad,West
14174,2025-03-22,Chandigarh,North
14175,2025-09-29,Patna,East
14176,2025-06-19,Bhopal,Central
14177,2025-09-30,Bangalore,South
14178,2025-02-03,Kolkata,East
14179,2025-03-28,Chennai,South
14180,2025-10-25,Hyderabad,South
14181,2025-11-28,Hyderabad,South
14182,2025-08-16,Chennai,South
14183,2025-10-27,Indore,Central
14184,2025-04-20,Bangalore,South
14185,2025-10-15,Ahmedabad,West
14186,2025-09-07,Chennai,South
14187,2025-06-28,Chennai,South
14188,2025-09-11,Bhopal,Central
14189,2025-07-24,Chennai,South
14190,2025-04-03,Jaipur,North
14191,2025-07-09,Hyderabad,South
14192,2025-07-26,Hyderabad,South
14193,2025-05-15,Delhi,North
14194,2025-07-15,Chandigarh,North
14195,2025-11-25,Hyderabad,South
14196,2025-06-23,Delhi,North
14197,2025-06-08,Hyderabad,South
14198,2025-09-13,Lucknow,North
14199,2025-03-03,Pune,West
14200,2025-08-19,Pune,West
14201,2025-06-08,Bangalore,South
14202,2025-11-09,Indore,Central
14203,2025-03-16,Jaipur,North
14204,2025-02-23,Indore,Central
14205,2025-11-08,Indore,Central
14206,2025-04-08,Ahmedabad,West
14207,2025-11-18,Bangalore,South
14208,2025-04-20,Chandigarh,North
14209,2025-06-13,Patna,East
14210,2025-03-13,Delhi,North
14211,2025-06-16,Bangalore,South
14212,2025-06-29,Nagpur,Central
14213,2025-10-08,Hyderabad,South
14214,2025-04-24,Chandigarh,North
14215,2025-11-24,Mumbai,West
14216,2025-11-28,Chennai,South
14217,2025-05-09,Delhi,North
14218,2025-11-21,Delhi,North
14219,2025-05-16,Bangalore,South
14220,2025-10-16,Mumbai,West
14221,2025-04-07,Lucknow,North
14222,2025-11-24,Patna,East
14223,2025-02-06,Bangalore,South
14224,2025-10-21,Kolkata,East
14225,2025-11-14,Pune,West
14226,2025-11-05,Jaipur,North
14227,2025-03-10,Kolkata,East
14228,2025-02-13,Chennai,South
14229,2025-11-06,Chennai,South
14230,2025-09-17,Mumbai,West
14231,2025-03-07,Mumbai,West
14232,2025-10-20,Lucknow,North
14233,2025-04-02,Chennai,South
14234,2025-07-23,Chandigarh,North
14235,2025-08-31,Indore,Central
14236,2025-10-20,Indore,Central
14237,2025-03-26,Bhopal,Central
14238,2025-10-12,Delhi,North
14239,2025-02-23,Ahmedabad,West
14240,2025-06-08,Delhi,North
14241,2025-06-08,Nagpur,Central
14242,2025-10-01,Indore,Central
14243,2025-02-18,Patna,East
14244,2025-01-31,Chennai,South
14245,2025-11-09,Jaipur,North
14246,2025-06-27,Chennai,South
14247,2025-05-05,Bangalore,South
14248,2025-02-06,Pune,West
14249,2025-09-20,Delhi,North
14250,2025-07-08,Patna,East
14251,2025-10-05,Delhi,North
14252,2025-08-09,Chandigarh,North
14253,2025-04-22,Bangalore,South
14254,2025-09-06,Patna,East
14255,2025-11-01,Indore,Central
14256,2025-10-07,Indore,Central
14257,2025-10-23,Delhi,North
14258,2025-11-17,Chandigarh,North
14259,2025-10-10,Chennai,South
14260,2025-09-03,Hyderabad,South
14261,2025-10-19,Hyderabad,South
14262,2025-04-16,Patna,East
14263,2025-09-18,Chennai,South
14264,2025-07-01,Patna,East
14265,2025-06-15,Jaipur,North
14266,2025-01-26,Mumbai,West
14267,2025-04-12,Indore,Central
14268,2025-03-31,Hyderabad,South
14269,2025-06-03,Patna,East
14270,2025-07-07,Hyderabad,South
14271,2025-06-30,Pune,West
14272,2025-05-22,Hyderabad,South
14273,2025-09-08,Delhi,North
14274,2025-05-25,Mumbai,West
14275,2025-02-17,Chennai,South
14276,2025-06-20,Chennai,South
14277,2025-04-26,Delhi,North
14278,2025-07-21,Chennai,South
14279,2025-08-13,Lucknow,North
14280,2025-11-20,Jaipur,North
14281,2025-07-17,Chandigarh,North
14282,2025-10-18,Pune,West
14283,2025-10-28,Kolkata,East
14284,2025-04-16,Lucknow,North
14285,2025-03-13,Mumbai,West
14286,2025-08-31,Lucknow,North
14287,2025-06-12,Delhi,North
14288,2025-07-14,Chandigarh,North
14289,2025-11-28,Kolkata,East
14290,2025-09-09,Hyderabad,South
14291,2025-06-28,Pune,West
14292,2025-11-12,Bangalore,South
14293,2025-09-04,Hyderabad,South
14294,2025-08-13,Chennai,South
14295,2025-02-24,Jaipur,North
14296,2025-05-08,Lucknow,North
14297,2025-02-26,Indore,Central
14298,2025-11-19,Bangalore,South
14299,2025-10-17,Kolkata,East
14300,2025-11-24,Lucknow,North
14301,2025-07-21,Chennai,South
14302,2025-04-20,Jaipur,North
14303,2025-03-21,Bangalore,South
14304,2025-04-17,Bangalore,South
14305,2025-10-28,Chennai,South
14306,2025-01-31,Ahmedabad,West
14307,2025-11-01,Bangalore,South
14308,2025-03-13,Bangalore,South
14309,2025-05-19,Chennai,South
14310,2025-07-31,Chennai,South
14311,2025-08-22,Bangalore,South
14312,2025-08-01,Hyderabad,South
14313,2025-10-19,Pune,West
14314,2025-08-06,Delhi,North
14315,2025-09-13,Lucknow,North
14316,2025-04-05,Pune,West
14317,2025-11-10,Bangalore,South
14318,2025-04-23,Chennai,South
14319,2025-10-23,Nagpur,Central
14320,2025-06-12,Hyderabad,South
14321,2025-08-05,Delhi,North
14322,2025-07-28,Delhi,North
14323,2025-07-22,Pune,West
14324,2025-06-05,Lucknow,North
14325,2025-04-04,Bhopal,Central
14326,2025-06-21,Patna,East
14327,2025-07-06,Hyderabad,South
14328,2025-04-21,Bangalore,South
14329,2025-03-16,Chennai,South
14330,2025-02-12,Delhi,North
14331,2025-07-27,Delhi,North
14332,2025-03-19,Mumbai,West
14333,2025-04-08,Delhi,North
14334,2025-10-12,Delhi,North
14335,2025-01-16,Bangalore,South
14336,2025-02-05,Chandigarh,North
14337,2025-05-22,Jaipur,North
14338,2025-11-09,Bhopal,Central
14339,2025-10-31,Chennai,South
14340,2025-02-18,Hyderabad,South
14341,2025-05-12,Mumbai,West
14342,2025-03-19,Bangalore,South
14343,2025-05-08,Chennai,South
14344,2025-08-05,Indore,Central
14345,2025-06-26,Chandigarh,North
14346,2025-03-19,Delhi,North
14347,2025-06-26,Bangalore,South
14348,2025-10-17,Delhi,North
14349,2025-03-25,Delhi,North
14350,2025-05-05,Hyderabad,South
14351,2025-07-05,Delhi,North
14352,2025-04-23,Delhi,North
14353,2025-10-27,Chennai,South
14354,2025-06-15,Delhi,North
14355,2025-05-10,Bangalore,South
14356,2025-10-23,Chennai,South
14357,2025-04-23,Nagpur,Central
14358,2025-08-17,Chennai,South
14359,2025-04-17,Nagpur,Central
14360,2025-02-28,Bhopal,Central
14361,2025-04-02,Indore,Central
14362,2025-05-01,Jaipur,North
14363,2025-03-18,Lucknow,North
14364,2025-08-02,Bhopal,Central
14365,2025-09-11,Bangalore,South
14366,2025-04-11,Delhi,North
14367,2025-07-20,Bhopal,Central
14368,2025-11-05,Jaipur,North
14369,2025-11-26,Bhopal,Central
14370,2025-10-13,Jaipur,North
14371,2025-09-13,Nagpur,Central
14372,2025-11-12,Jaipur,North
14373,2025-08-28,Lucknow,North
14374,2025-06-19,Kolkata,East
14375,2025-10-25,Nagpur,Central
14376,2025-06-06,Nagpur,Central
14377,2025-01-20,Patna,East
14378,2025-08-08,Lucknow,North
14379,2025-07-07,Mumbai,West
14380,2025-04-28,Hyderabad,South
14381,2025-10-25,Bhopal,Central
14382,2025-04-10,Ahmedabad,West
14383,2025-08-07,Hyderabad,South
14384,2025-03-03,Bangalore,South
14385,2025-05-08,Patna,East
14386,2025-10-10,Indore,Central
14387,2025-06-14,Indore,Central
14388,2025-09-05,Jaipur,North
14389,2025-02-06,Bangalore,South
14390,2025-08-29,Bangalore,South
14391,2025-10-02,Mumbai,West
14392,2025-05-09,Bhopal,Central
14393,2025-07-16,Hyderabad,South
14394,2025-09-03,Lucknow,North
14395,2025-03-29,Jaipur,North
14396,2025-09-16,Kolkata,East
14397,2025-07-23,Chandigarh,North
14398,2025-07-04,Delhi,North
14399,2025-04-13,Ahmedabad,West
14400,2025-10-19,Chennai,South
14401,2025-05-04,Chennai,South
14402,2025-10-14,Hyderabad,South
14403,2025-06-03,Bangalore,South
14404,2025-09-07,Pune,West
14405,2025-04-05,Pune,West
14406,2025-07-29,Delhi,North
14407,2025-04-20,Delhi,North
14408,2025-03-23,Jaipur,North
14409,2025-09-14,Nagpur,Central
14410,2025-07-30,Chennai,South
14411,2025-06-16,Lucknow,North
14412,2025-04-20,Pune,West
14413,2025-11-25,Lucknow,North
14414,2025-10-01,Hyderabad,South
14415,2025-08-20,Ahmedabad,West
14416,2025-05-01,Jaipur,North
14417,2025-10-03,Kolkata,East
14418,2025-03-14,Kolkata,East
14419,2025-09-10,Nagpur,Central
14420,2025-05-07,Mumbai,West
14421,2025-08-21,Patna,East
14422,2025-05-15,Pune,West
14423,2025-11-19,Jaipur,North
14424,2025-02-06,Bangalore,South
14425,2025-03-23,Chennai,South
14426,2025-04-17,Jaipur,North
14427,2025-10-28,Lucknow,North
14428,2025-11-02,Bangalore,South
14429,2025-05-25,Pune,West
14430,2025-07-25,Hyderabad,South
14431,2025-10-03,Indore,Central
14432,2025-08-06,Patna,East
14433,2025-05-02,Bangalore,South
14434,2025-03-07,Nagpur,Central
14435,2025-10-02,Indore,Central
14436,2025-05-20,Delhi,North
14437,2025-05-07,Kolkata,East
14438,2025-06-04,Bangalore,South
14439,2025-07-06,Kolkata,East
14440,2025-11-27,Delhi,North
14441,2025-05-28,Chennai,South
14442,2025-11-10,Mumbai,West
14443,2025-10-22,Hyderabad,South
14444,2025-03-25,Indore,Central
14445,2025-06-02,Bangalore,South
14446,2025-08-03,Chennai,South
14447,2025-03-06,Chandigarh,North
14448,2025-11-11,Bangalore,South
14449,2025-10-23,Kolkata,East
14450,2025-10-22,Chandigarh,North
14451,2025-05-01,Bhopal,Central
14452,2025-07-04,Mumbai,West
14453,2025-01-17,Delhi,North
14454,2025-10-01,Patna,East
14455,2025-10-18,Bangalore,South
14456,2025-08-07,Bangalore,South
14457,2025-06-22,Hyderabad,South
14458,2025-06-27,Delhi,North
14459,2025-04-24,Ahmedabad,West
14460,2025-05-29,Jaipur,North
14461,2025-11-25,Nagpur,Central
14462,2025-05-06,Ahmedabad,West
14463,2025-08-15,Hyderabad,South
14464,2025-08-02,Bangalore,South
14465,2025-05-22,Bhopal,Central
14466,2025-09-10,Delhi,North
14467,2025-10-18,Bangalore,South
14468,2025-04-16,Bhopal,Central
14469,2025-07-12,Kolkata,East
14470,2025-11-06,Mumbai,West
14471,2025-05-05,Indore,Central
14472,2025-04-21,Patna,East
14473,2025-07-19,Hyderabad,South
14474,2025-08-05,Nagpur,Central
14475,2025-05-19,Hyderabad,South
14476,2025-09-27,Lucknow,North
14477,2025-02-23,Patna,East
14478,2025-11-21,Chandigarh,North
14479,2025-04-27,Mumbai,West
14480,2025-05-23,Chennai,South
14481,2025-05-29,Bangalore,South
14482,2025-06-08,Pune,West
14483,2025-05-26,Chennai,South
14484,2025-12-26,Hyderabad,South
14485,2025-02-09,Mumbai,West
14486,2025-05-20,Chennai,South
14487,2025-05-27,Bangalore,South
14488,2025-02-16,Chandigarh,North
14489,2025-06-09,Hyderabad,South
14490,2025-05-13,Bangalore,South
14491,2025-06-04,Chandigarh,North
14492,2025-06-06,Jaipur,North
14493,2025-10-16,Mumbai,West
14494,2025-02-23,Mumbai,West
14495,2025-06-19,Kolkata,East
14496,2025-06-05,Mumbai,West
14497,2025-09-26,Kolkata,East
14498,2025-05-21,Mumbai,West
14499,2025-03-26,Chennai,South
14500,2025-03-11,Delhi,North
14501,2025-07-18,Kolkata,East
14502,2025-03-03,Patna,East
14503,2025-02-15,Chennai,South
14504,2025-05-10,Lucknow,North
14505,2025-08-19,Chennai,South
14506,2025-03-28,Delhi,North
14507,2025-06-16,Patna,East
14508,2025-05-13,Hyderabad,South
14509,2025-03-05,Bhopal,Central
14510,2025-11-01,Lucknow,North
14511,2025-07-28,Nagpur,Central
14512,2025-05-22,Ahmedabad,West
14513,2025-08-25,Bangalore,South
14514,2025-10-20,Mumbai,West
14515,2025-11-09,Delhi,North
14516,2025-01-27,Chennai,South
14517,2025-02-27,Bangalore,South
14518,2025-05-01,Hyderabad,South
14519,2025-02-19,Chandigarh,North
14520,2025-05-14,Hyderabad,South
14521,2025-10-22,Pune,West
14522,2025-04-15,Nagpur,Central
14523,2025-10-19,Chandigarh,North
14524,2025-07-10,Bangalore,South
14525,2025-10-09,Mumbai,West
14526,2025-05-31,Chennai,South
14527,2025-05-24,Hyderabad,South
14528,2025-10-08,Mumbai,West
14529,2025-08-27,Patna,East
14530,2025-07-09,Delhi,North
14531,2025-06-12,Jaipur,North
14532,2025-03-21,Nagpur,Central
14533,2025-11-22,Delhi,North
14534,2025-03-16,Bangalore,South
14535,2025-07-02,Ahmedabad,West
14536,2025-04-13,Chennai,South
14537,2025-12-14,Jaipur,North
14538,2025-08-17,Chennai,South
14539,2025-03-26,Nagpur,Central
14540,2025-06-29,Delhi,North
14541,2025-10-12,Chennai,South
14542,2025-02-14,Jaipur,North
14543,2025-06-15,Chennai,South
14544,2025-05-02,Delhi,North
14545,2025-06-04,Delhi,North
14546,2025-06-28,Delhi,North
14547,2025-02-17,Ahmedabad,West
14548,2025-10-09,Jaipur,North
14549,2025-04-17,Ahmedabad,West
14550,2025-09-09,Pune,West
14551,2025-03-07,Mumbai,West
14552,2025-07-17,Chennai,South
14553,2025-01-10,Kolkata,East
14554,2025-06-19,Patna,East
14555,2025-08-20,Delhi,North
14556,2025-07-21,Chennai,South
14557,2025-10-23,Bangalore,South
14558,2025-07-19,Pune,West
14559,2025-11-11,Jaipur,North
14560,2025-10-13,Bangalore,South
14561,2025-02-24,Ahmedabad,West
14562,2025-10-26,Delhi,North
14563,2025-06-07,Delhi,North
14564,2025-03-17,Bhopal,Central
14565,2025-07-31,Delhi,North
14566,2025-08-13,Hyderabad,South
14567,2025-11-28,Bhopal,Central
14568,2025-06-24,Indore,Central
14569,2025-10-12,Ahmedabad,West
14570,2025-05-15,Bangalore,South
14571,2025-02-16,Mumbai,West
14572,2025-04-15,Indore,Central
14573,2025-11-26,Lucknow,North
14574,2025-09-02,Patna,East
14575,2025-11-05,Hyderabad,South
14576,2025-11-15,Mumbai,West
14577,2025-09-06,Nagpur,Central
14578,2025-04-01,Ahmedabad,West
14579,2025-05-31,Hyderabad,South
14580,2025-10-11,Mumbai,West
14581,2025-10-19,Hyderabad,South
14582,2025-06-24,Hyderabad,South
14583,2025-03-11,Hyderabad,South
14584,2025-03-20,Delhi,North
14585,2025-11-14,Ahmedabad,West
14586,2025-03-12,Hyderabad,South
14587,2025-10-11,Chandigarh,North
14588,2025-06-06,Mumbai,West
14589,2025-06-05,Pune,West
14590,2025-10-21,Delhi,North
14591,2025-05-30,Kolkata,East
14592,2025-10-27,Chandigarh,North
14593,2025-11-14,Chandigarh,North
14594,2025-01-13,Pune,West
14595,2025-04-04,Delhi,North
14596,2025-11-22,Indore,Central
14597,2025-06-09,Patna,East
14598,2025-02-15,Nagpur,Central
14599,2025-11-04,Chennai,South
14600,2025-10-18,Bhopal,Central
14601,2025-11-02,Bangalore,South
14602,2025-09-04,Hyderabad,South
14603,2025-06-17,Delhi,North
14604,2025-02-07,Delhi,North
14605,2025-10-21,Pune,West
14606,2025-11-05,Chandigarh,North
14607,2025-01-19,Jaipur,North
14608,2025-10-05,Lucknow,North
14609,2025-08-24,Jaipur,North
14610,2025-03-28,Kolkata,East
14611,2025-06-16,Mumbai,West
14612,2025-12-05,Nagpur,Central
14613,2025-05-05,Pune,West
14614,2025-04-16,Pune,West
14615,2025-08-11,Lucknow,North
14616,2025-08-22,Nagpur,Central
14617,2025-07-31,Hyderabad,South
14618,2025-05-28,Mumbai,West
14619,2025-10-16,Jaipur,North
14620,2025-10-12,Bangalore,South
14621,2025-10-17,Bhopal,Central
14622,2025-06-16,Mumbai,West
14623,2025-10-20,Hyderabad,South
14624,2025-02-07,Bhopal,Central
14625,2025-09-15,Delhi,North
14626,2025-12-26,Pune,West
14627,2025-02-01,Hyderabad,South
14628,2025-11-28,Hyderabad,South
14629,2025-11-16,Pune,West
14630,2025-06-27,Bangalore,South
14631,2025-06-12,Bhopal,Central
14632,2025-04-27,Pune,West
14633,2025-07-05,Delhi,North
14634,2025-06-14,Ahmedabad,West
14635,2025-10-05,Ahmedabad,West
14636,2025-11-10,Chennai,South
14637,2025-06-20,Mumbai,West
14638,2025-07-09,Delhi,North
14639,2025-06-20,Kolkata,East
14640,2025-11-08,Ahmedabad,West
14641,2025-09-13,Ahmedabad,West
14642,2025-11-08,Lucknow,North
14643,2025-10-15,Pune,West
14644,2025-07-09,Pune,West
14645,2025-06-22,Kolkata,East
14646,2025-11-14,Delhi,North
14647,2025-09-21,Bhopal,Central
14648,2025-02-28,Jaipur,North
14649,2025-10-13,Chandigarh,North
14650,2025-11-12,Lucknow,North
14651,2025-05-30,Delhi,North
14652,2025-10-09,Lucknow,North
14653,2025-05-07,Delhi,North
14654,2025-08-03,Ahmedabad,West
14655,2025-11-05,Chennai,South
14656,2025-04-20,Indore,Central
14657,2025-04-15,Ahmedabad,West
14658,2025-09-23,Jaipur,North
14659,2025-04-21,Mumbai,West
14660,2025-04-04,Indore,Central
14661,2025-11-04,Patna,East
14662,2025-11-24,Lucknow,North
14663,2025-01-28,Delhi,North
14664,2025-04-02,Jaipur,North
14665,2025-07-11,Hyderabad,South
14666,2025-11-06,Jaipur,North
14667,2025-10-11,Bangalore,South
14668,2025-03-19,Kolkata,East
14669,2025-10-06,Jaipur,North
14670,2025-10-28,Mumbai,West
14671,2025-05-14,Mumbai,West
14672,2025-02-26,Bhopal,Central
14673,2025-05-31,Mumbai,West
14674,2025-03-19,Lucknow,North
14675,2025-08-09,Mumbai,West
14676,2025-05-31,Delhi,North
14677,2025-04-15,Hyderabad,South
14678,2025-06-17,Pune,West
14679,2025-09-23,Chennai,South
14680,2025-03-05,Nagpur,Central
14681,2025-05-28,Kolkata,East
14682,2025-12-28,Chennai,South
14683,2025-09-04,Ahmedabad,West
14684,2025-08-13,Delhi,North
14685,2025-08-03,Pune,West
14686,2025-04-24,Mumbai,West
14687,2025-03-07,Bangalore,South
14688,2025-08-14,Ahmedabad,West
14689,2025-02-12,Patna,East
14690,2025-03-23,Hyderabad,South
14691,2025-11-19,Patna,East
14692,2025-11-04,Mumbai,West
14693,2025-10-23,Nagpur,Central
14694,2025-03-12,Lucknow,North
14695,2025-11-06,Hyderabad,South
14696,2025-09-19,Chennai,South
14697,2025-06-20,Hyderabad,South
14698,2025-08-21,Delhi,North
14699,2025-06-08,Chennai,South
14700,2025-03-09,Pune,West
14701,2025-10-02,Bhopal,Central
14702,2025-06-01,Hyderabad,South
14703,2025-05-09,Lucknow,North
14704,2025-10-10,Jaipur,North
14705,2025-10-11,Indore,Central
14706,2025-05-27,Jaipur,North
14707,2025-06-20,Kolkata,East
14708,2025-11-04,Bangalore,South
14709,2025-10-07,Chennai,South
14710,2025-04-14,Mumbai,West
14711,2025-02-13,Hyderabad,South
14712,2025-07-19,Hyderabad,South
14713,2025-05-24,Kolkata,East
14714,2025-05-14,Delhi,North
14715,2025-06-19,Ahmedabad,West
14716,2025-11-23,Delhi,North
14717,2025-08-02,Chandigarh,North
14718,2025-05-09,Indore,Central
14719,2025-10-01,Delhi,North
14720,2025-01-21,Delhi,North
14721,2025-05-18,Pune,West
14722,2025-02-15,Mumbai,West
14723,2025-07-22,Hyderabad,South
14724,2025-06-11,Bangalore,South
14725,2025-07-01,Chandigarh,North
14726,2025-01-26,Patna,East
14727,2025-10-04,Ahmedabad,West
14728,2025-10-24,Ahmedabad,West
14729,2025-11-15,Bhopal,Central
14730,2025-10-11,Indore,Central
14731,2025-02-25,Bhopal,Central
14732,2025-09-29,Bangalore,South
14733,2025-10-28,Hyderabad,South
14734,2025-05-01,Kolkata,East
14735,2025-03-30,Kolkata,East
14736,2025-03-12,Chennai,South
14737,2025-09-16,Chennai,South
14738,2025-11-13,Bhopal,Central
14739,2025-07-19,Indore,Central
14740,2025-02-08,Bangalore,South
14741,2025-12-13,Nagpur,Central
14742,2025-05-29,Jaipur,North
14743,2025-07-08,Indore,Central
14744,2025-10-23,Chennai,South
14745,2025-01-29,Mumbai,West
14746,2025-05-03,Hyderabad,South
14747,2025-11-10,Mumbai,West
14748,2025-10-22,Ahmedabad,West
14749,2025-05-03,Delhi,North
14750,2025-06-25,Patna,East
14751,2025-08-21,Delhi,North
14752,2025-11-20,Mumbai,West
14753,2025-10-31,Ahmedabad,West
14754,2025-10-16,Ahmedabad,West
14755,2025-05-09,Hyderabad,South
14756,2025-02-16,Jaipur,North
14757,2025-04-23,Pune,West
14758,2025-08-20,Kolkata,East
14759,2025-11-24,Lucknow,North
14760,2025-10-25,Hyderabad,South
14761,2025-08-14,Jaipur,North
14762,2025-06-23,Indore,Central
14763,2025-08-14,Chennai,South
14764,2025-06-16,Hyderabad,South
14765,2025-04-22,Nagpur,Central
14766,2025-07-05,Delhi,North
14767,2025-11-19,Hyderabad,South
14768,2025-08-27,Chandigarh,North
14769,2025-03-12,Bangalore,South
14770,2025-07-01,Chennai,South
14771,2025-02-26,Nagpur,Central
14772,2025-06-21,Patna,East
14773,2025-06-06,Bangalore,South
14774,2025-05-26,Kolkata,East
14775,2025-11-13,Bhopal,Central
14776,2025-10-16,Jaipur,North
14777,2025-04-30,Delhi,North
14778,2025-03-27,Bangalore,South
14779,2025-04-11,Bangalore,South
14780,2025-07-20,Nagpur,Central
14781,2025-05-13,Chandigarh,North
14782,2025-09-24,Nagpur,Central
14783,2025-08-06,Patna,East
14784,2025-04-27,Jaipur,North
14785,2025-04-21,Chennai,South
14786,2025-06-04,Jaipur,North
14787,2025-01-25,Pune,West
14788,2025-07-06,Jaipur,North
14789,2025-07-02,Hyderabad,South
14790,2025-03-12,Patna,East
14791,2025-04-07,Chennai,South
14792,2025-11-17,Delhi,North
14793,2025-11-13,Pune,West
14794,2025-10-01,Ahmedabad,West
14795,2025-08-05,Hyderabad,South
14796,2025-03-23,Patna,East
14797,2025-02-17,Mumbai,West
14798,2025-11-09,Chennai,South
14799,2025-10-19,Bangalore,South
14800,2025-03-28,Ahmedabad,West
14801,2025-06-28,Bhopal,Central
14802,2025-10-04,Bhopal,Central
14803,2025-11-02,Nagpur,Central
14804,2025-10-05,Hyderabad,South
14805,2025-04-04,Chennai,South
14806,2025-05-24,Pune,West
14807,2025-10-12,Chennai,South
14808,2025-04-05,Indore,Central
14809,2025-09-04,Lucknow,North
14810,2025-03-12,Chandigarh,North
14811,2025-07-17,Delhi,North
14812,2025-05-18,Delhi,North
14813,2025-04-12,Ahmedabad,West
14814,2025-06-21,Mumbai,West
14815,2025-11-22,Ahmedabad,West
14816,2025-02-27,Bangalore,South
14817,2025-11-17,Chennai,South
14818,2025-10-04,Chennai,South
14819,2025-02-05,Delhi,North
14820,2025-05-26,Kolkata,East
14821,2025-05-02,Chennai,South
14822,2025-03-20,Chennai,South
14823,2025-09-21,Mumbai,West
14824,2025-03-27,Chennai,South
14825,2025-11-15,Bangalore,South
14826,2025-05-05,Chennai,South
14827,2025-02-11,Ahmedabad,West
14828,2025-07-02,Kolkata,East
14829,2025-08-06,Ahmedabad,West
14830,2025-05-27,Bhopal,Central
14831,2025-08-16,Delhi,North
14832,2025-07-30,Pune,West
14833,2025-06-22,Indore,Central
14834,2025-11-28,Chennai,South
14835,2025-07-09,Ahmedabad,West
14836,2025-06-18,Delhi,North
14837,2025-04-20,Chennai,South
14838,2025-09-22,Kolkata,East
14839,2025-02-25,Hyderabad,South
14840,2025-06-23,Delhi,North
14841,2026-01-01,Bangalore,South
14842,2025-06-10,Mumbai,West
14843,2025-09-12,Hyderabad,South
14844,2025-08-12,Jaipur,North
14845,2025-08-01,Lucknow,North
14846,2025-05-30,Kolkata,East
14847,2025-09-28,Hyderabad,South
14848,2025-07-07,Nagpur,Central
14849,2025-11-04,Lucknow,North
14850,2025-06-17,Bangalore,South
14851,2025-09-03,Indore,Central
14852,2025-05-08,Jaipur,North
14853,2025-03-11,Pune,West
14854,2025-03-14,Mumbai,West
14855,2025-06-17,Bangalore,South
14856,2025-10-06,Chandigarh,North
14857,2025-10-24,Jaipur,North
14858,2025-11-09,Ahmedabad,West
14859,2025-04-06,Kolkata,East
14860,2025-07-14,Chandigarh,North
14861,2025-03-22,Mumbai,West
14862,2025-06-29,Pune,West
14863,2025-06-22,Hyderabad,South
14864,2025-08-04,Ahmedabad,West
14865,2025-02-06,Ahmedabad,West
14866,2025-09-08,Hyderabad,South
14867,2025-07-26,Ahmedabad,West
14868,2025-07-15,Delhi,North
14869,2025-04-19,Hyderabad,South
14870,2025-03-29,Delhi,North
14871,2025-07-10,Hyderabad,South
14872,2025-07-23,Hyderabad,South
14873,2025-07-02,Chennai,South
14874,2025-04-22,Ahmedabad,West
14875,2025-11-05,Ahmedabad,West
14876,2025-04-23,Jaipur,North
14877,2025-06-11,Mumbai,West
14878,2025-05-11,Indore,Central
14879,2025-11-09,Jaipur,North
14880,2025-06-12,Delhi,North
14881,2025-07-22,Nagpur,Central
14882,2025-11-04,Mumbai,West
14883,2025-05-17,Kolkata,East
14884,2025-03-02,Delhi,North
14885,2025-03-15,Delhi,North
14886,2025-04-17,Nagpur,Central
14887,2025-12-09,Delhi,North
14888,2025-02-15,Bangalore,South
14889,2025-10-08,Bhopal,Central
14890,2025-02-21,Patna,East
14891,2025-06-16,Pune,West
14892,2025-02-04,Chennai,South
14893,2025-05-10,Bangalore,South
14894,2025-08-04,Kolkata,East
14895,2025-11-12,Mumbai,West
14896,2025-04-27,Chennai,South
14897,2025-06-13,Lucknow,North
14898,2025-05-02,Delhi,North
14899,2025-07-03,Hyderabad,South
14900,2025-10-20,Bangalore,South
14901,2025-05-16,Mumbai,West
14902,2025-05-28,Chennai,South
14903,2025-03-05,Chennai,South
14904,2025-01-14,Hyderabad,South
14905,2025-08-07,Ahmedabad,West
14906,2025-10-13,Patna,East
14907,2025-07-08,Bangalore,South
14908,2025-05-04,Jaipur,North
14909,2025-11-04,Mumbai,West
14910,2025-04-07,Hyderabad,South
14911,2025-02-11,Bangalore,South
14912,2025-10-05,Pune,West
14913,2025-06-22,Lucknow,North
14914,2025-11-17,Lucknow,North
14915,2025-05-17,Chennai,South
14916,2025-03-10,Delhi,North
14917,2025-10-19,Lucknow,North
14918,2025-03-16,Bangalore,South
14919,2025-06-16,Ahmedabad,West
14920,2025-05-02,Kolkata,East
14921,2025-04-07,Pune,West
14922,2025-06-08,Patna,East
14923,2025-04-18,Chandigarh,North
14924,2025-11-16,Kolkata,East
14925,2025-10-22,Jaipur,North
14926,2025-02-01,Delhi,North
14927,2025-02-08,Nagpur,Central
14928,2025-07-01,Hyderabad,South
14929,2025-11-07,Hyderabad,South
14930,2025-10-22,Mumbai,West
14931,2025-08-31,Mumbai,West
14932,2025-10-01,Jaipur,North
14933,2025-05-19,Jaipur,North
14934,2025-05-09,Bangalore,South
14935,2025-08-07,Chennai,South
14936,2025-04-12,Bhopal,Central
14937,2025-11-16,Lucknow,North
14938,2025-05-12,Bhopal,Central
14939,2025-05-21,Bangalore,South
14940,2025-11-06,Pune,West
14941,2025-11-17,Mumbai,West
14942,2025-10-13,Mumbai,West
14943,2025-08-03,Hyderabad,South
14944,2025-02-11,Delhi,North
14945,2025-04-29,Chennai,South
14946,2025-06-06,Nagpur,Central
14947,2025-06-19,Delhi,North
14948,2025-03-16,Chennai,South
14949,2025-06-20,Hyderabad,South
14950,2025-10-14,Bangalore,South
14951,2025-02-14,Pune,West
14952,2025-07-02,Hyderabad,South
14953,2025-02-07,Kolkata,East
14954,2025-07-15,Chennai,South
14955,2025-04-13,Kolkata,East
14956,2025-07-13,Lucknow,North
14957,2025-08-12,Chandigarh,North
14958,2025-07-04,Chandigarh,North
14959,2025-03-23,Lucknow,North
14960,2025-05-12,Mumbai,West
14961,2025-06-30,Kolkata,East
14962,2025-10-06,Pune,West
14963,2025-04-04,Chandigarh,North
14964,2025-08-14,Mumbai,West
14965,2025-10-01,Chennai,South
14966,2025-03-02,Pune,West
14967,2025-06-25,Mumbai,West
14968,2025-09-23,Delhi,North
14969,2025-06-18,Bangalore,South
14970,2025-07-02,Kolkata,East
14971,2025-11-27,Chandigarh,North
14972,2025-11-26,Hyderabad,South
14973,2025-10-04,Hyderabad,South
14974,2025-02-02,Mumbai,West
14975,2025-04-14,Bangalore,South
14976,2025-05-22,Lucknow,North
14977,2025-06-28,Lucknow,North
14978,2025-03-09,Chennai,South
14979,2025-09-24,Kolkata,East
14980,2025-04-05,Pune,West
14981,2025-05-31,Hyderabad,South
14982,2025-06-19,Hyderabad,South
14983,2025-10-12,Patna,East
14984,2025-05-10,Delhi,North
14985,2025-03-04,Kolkata,East
14986,2025-05-21,Delhi,North
14987,2025-07-23,Pune,West
14988,2025-04-28,Jaipur,North
14989,2025-03-23,Pune,West
14990,2025-11-23,Bhopal,Central
14991,2025-03-05,Nagpur,Central
14992,2025-07-04,Pune,West
14993,2025-03-02,Hyderabad,South
14994,2025-04-11,Bangalore,South
14995,2025-10-28,Jaipur,North
14996,2025-07-01,Jaipur,North
14997,2025-06-25,Bangalore,South
14998,2025-09-18,Delhi,North
14999,2025-05-08,Jaipur,North
15000,2025-10-10,Hyderabad,South
